sensor_id,n_records,mean_db,median_db,std_db,min_db,max_db,p05_db,p10_db,p25_db,p75_db,p90_db,p95_db,high_exposure_share_60,high_exposure_share_65,high_exposure_share_70,quiet_share_45,quiet_share_50,quiet_share_55,iqr_db,range_db,coverage_ratio,floor,company_id,event_type,period_id
A001,560,65.64855357142858,70.20349999999999,8.665931352613864,52.714,77.703,53.022,53.1219,53.42625,71.7745,73.5743,74.868,0.6803571428571429,0.6785714285714286,0.5303571428571429,0.0,0.0,0.3196428571428571,18.34825,24.989000000000004,0.3888888888888889,Main_Floor_A,Deployment_A,none,A_P001
A001,1440,55.04109305555556,53.736,2.623264792849832,52.484,68.099,52.85645,52.989,53.209,57.5545,58.857,59.6623,0.04375,0.0013888888888888,0.0,0.0,0.0,0.7194444444444444,4.345499999999994,15.615000000000002,1.0,Main_Floor_A,Deployment_A,none,A_P002
A001,1440,54.66415555555556,53.505,2.61064483594666,51.967,65.473,52.341,52.571,52.989,54.71675,58.945,59.4955,0.0326388888888888,0.0013888888888888,0.0,0.0,0.0,0.75625,1.7277500000000003,13.506,1.0,Main_Floor_A,Deployment_A,none,A_P003
A001,1440,70.51954305555556,75.967,10.149089876500565,52.034,83.967,52.51575,52.6846,58.4445,77.37174999999999,78.3084,78.74210000000001,0.7361111111111112,0.7354166666666667,0.7333333333333333,0.0,0.0,0.2076388888888889,18.927249999999997,31.933,1.0,Main_Floor_A,Deployment_A,none,A_P004
A001,1440,68.28684305555556,75.692,11.10060163895277,52.198,80.659,52.65885,52.901,54.00825,76.593,78.03410000000001,78.62275,0.6409722222222223,0.6409722222222223,0.6395833333333333,0.0,0.0,0.3534722222222222,22.58475,28.46100000000001,1.0,Main_Floor_A,Deployment_A,none,A_P005
A001,1440,67.24479722222222,74.0275,11.20706250530302,52.396,80.978,52.791,53.0,53.56,77.05525,78.55010000000001,79.11,0.6076388888888888,0.6034722222222222,0.6027777777777777,0.0,0.0,0.3743055555555555,23.49525,28.581999999999997,1.0,Main_Floor_A,Deployment_A,none,A_P006
A001,1440,66.58034513888889,72.85050000000001,9.925221426155233,52.088,78.571,52.626,52.791,53.33225,74.27025,75.16650000000001,75.64949999999999,0.65,0.6493055555555556,0.6430555555555556,0.0,0.0,0.34375,20.938,26.483,1.0,Main_Floor_A,Deployment_A,none,A_P007
A001,1440,54.00388055555556,54.0495,0.5265697901403993,52.484,59.209,53.044,53.3217,53.72875,54.33,54.56,54.69255,0.0,0.0,0.0,0.0,0.0,0.9826388888888888,0.6012500000000003,6.725000000000001,1.0,Main_Floor_A,Deployment_A,low_attendance,A_P008
A001,1440,54.20636319444444,54.326,0.4797583601360726,52.912,55.725,53.373450000000005,53.495,53.824,54.571,54.747,54.846,0.0,0.0,0.0,0.0,0.0,0.9826388888888888,0.7469999999999999,2.8130000000000024,1.0,Main_Floor_A,Deployment_A,low_attendance,A_P009
A001,1440,54.55673819444444,54.53,0.7691884789320621,52.78,61.626,53.4617,53.637,54.033,54.967,55.396,55.802,0.0013888888888888,0.0,0.0,0.0,0.0,0.7743055555555556,0.9339999999999976,8.845999999999997,1.0,Main_Floor_A,Deployment_A,none,A_P010
A001,1440,69.04825763888888,75.319,10.894129008587322,52.934,81.121,53.52675,53.659,54.275,77.091,79.56110000000001,79.89,0.6680555555555555,0.6479166666666667,0.6458333333333334,0.0,0.0,0.2965277777777778,22.815999999999995,28.187,1.0,Main_Floor_A,Deployment_A,none,A_P011
A001,1440,65.6318,72.32050000000001,9.985867590414328,52.56,78.275,53.275,53.4834,54.121,75.154,76.2009,76.692,0.5722222222222222,0.51875,0.5111111111111111,0.0,0.0,0.3069444444444444,21.032999999999998,25.715000000000003,1.0,Main_Floor_A,Deployment_A,none,A_P012
A001,1440,65.74292777777778,73.0205,10.457812548248048,52.387,78.538,52.733,52.824,53.22825,74.75574999999999,75.8907,76.60055,0.5958333333333333,0.5777777777777777,0.5770833333333333,0.0,0.0,0.3798611111111111,21.52749999999999,26.151,1.0,Main_Floor_A,Deployment_A,none,A_P013
A001,1440,65.68877847222222,72.956,10.655055460489622,52.011,81.978,52.5927,52.9074,53.33,75.441,77.10010000000001,77.8031,0.5444444444444444,0.53125,0.5298611111111111,0.0,0.0,0.3430555555555555,22.111000000000004,29.96699999999999,1.0,Main_Floor_A,Deployment_A,none,A_P014
A001,1440,67.01356111111112,73.429,10.3293512708493,52.176,80.451,52.51695,52.7071,53.242,75.1635,76.15960000000001,76.94664999999999,0.6486111111111111,0.6402777777777777,0.6277777777777778,0.0,0.0,0.325,21.9215,28.27499999999999,1.0,Main_Floor_A,Deployment_A,broad_remote_work,A_P015
A001,1440,55.03061875,53.9235,2.380036232824592,52.266,65.176,52.725,52.8899,53.56,58.011,58.4135,58.9681,0.025,0.0006944444444444,0.0,0.0,0.0,0.7138888888888889,4.4510000000000005,12.910000000000004,1.0,Main_Floor_A,Deployment_A,broad_remote_work,A_P016
A001,1440,55.40553680555556,54.165,2.7294978868684407,52.484,67.264,52.934,53.087,53.451,58.484,59.3421,60.2105,0.0555555555555555,0.0041666666666666,0.0,0.0,0.0,0.6840277777777778,5.033000000000001,14.779999999999994,1.0,Main_Floor_A,Deployment_A,none,A_P017
A001,1440,54.71904027777778,54.802,1.0146854740766684,52.516,63.184,52.945,53.2189,54.374,55.253,55.516,55.703,0.0048611111111111,0.0,0.0,0.0,0.0,0.6208333333333333,0.8789999999999978,10.668,1.0,Main_Floor_A,Deployment_A,none,A_P018
A001,1440,55.16008402777777,54.9725,1.0050292555986688,53.538,64.418,54.0879,54.22,54.56,55.37625,56.346500000000006,57.22235,0.0027777777777777,0.0,0.0,0.0,0.0,0.5263888888888889,0.8162499999999966,10.88000000000001,1.0,Main_Floor_A,Deployment_A,none,A_P019
A001,1440,55.379786805555554,55.286,0.9691032010473764,53.802,66.132,54.175450000000005,54.363,54.758,55.824,56.3641,56.8691,0.0034722222222222,0.0013888888888888,0.0,0.0,0.0,0.3631944444444444,1.0659999999999954,12.330000000000004,1.0,Main_Floor_A,Deployment_A,none,A_P020
A001,1440,65.43284236111111,72.86449999999999,9.89195246662442,53.275,85.891,53.648,53.802,54.74425,74.85624999999999,75.793,76.2894,0.5625,0.5201388888888889,0.5194444444444445,0.0,0.0,0.2875,20.111999999999988,32.61600000000001,1.0,Main_Floor_A,Deployment_A,none,A_P021
A001,1440,66.97275347222222,71.8735,9.192155759236917,53.286,79.11,53.79045,54.066,54.901,74.52325,75.55460000000001,75.99145,0.6534722222222222,0.6402777777777777,0.625,0.0,0.0,0.2631944444444444,19.62225,25.824,1.0,Main_Floor_A,Deployment_A,none,A_P022
A001,1440,55.08273472222223,54.527,1.865568117048917,52.933,73.055,53.6169,53.835,54.143,54.93975,58.176,58.51125,0.01875,0.0048611111111111,0.0013888888888888,0.0,0.0,0.7701388888888889,0.796750000000003,20.122000000000007,1.0,Main_Floor_A,Deployment_A,none,A_P023
A001,1440,55.85050277777778,55.022,2.34419894288016,53.165,69.571,53.615,53.7863,54.176,56.62875,59.099,59.791,0.0451388888888888,0.0090277777777777,0.0,0.0,0.0,0.4958333333333333,2.4527499999999947,16.406,1.0,Main_Floor_A,Deployment_A,none,A_P024
A001,1440,66.36634375,72.253,9.31621833711649,52.462,77.835,53.47245,53.758,54.484,74.066,75.0451,75.593,0.6430555555555556,0.6180555555555556,0.6055555555555555,0.0,0.0,0.3201388888888888,19.582,25.37299999999999,1.0,Main_Floor_A,Deployment_A,none,A_P025
A001,1440,67.9080951388889,72.956,12.032285214552584,52.835,82.297,53.3,53.44,54.099,80.14574999999999,80.769,81.06655,0.575,0.5263888888888889,0.5243055555555556,0.0,0.0,0.3069444444444444,26.04675,29.462,1.0,Main_Floor_A,Deployment_A,none,A_P026
A001,1440,73.61937222222221,79.147,10.212650154943896,52.791,82.121,53.2959,53.5265,75.33824999999999,79.901,80.429,80.714,0.79375,0.7923611111111111,0.7923611111111111,0.0,0.0,0.18125,4.562750000000008,29.33,1.0,Main_Floor_A,Deployment_A,none,A_P027
A001,1440,69.68962013888888,76.835,11.511757001252406,52.227,81.571,53.648,53.868,54.29425,78.923,80.297,80.648,0.6465277777777778,0.6402777777777777,0.6395833333333333,0.0,0.0,0.2923611111111111,24.628750000000004,29.344,1.0,Main_Floor_A,Deployment_A,none,A_P028
A001,1440,71.24100555555555,76.6755,11.146035930586136,52.778,81.725,53.308,53.7102,55.65825,79.989,80.319,80.495,0.7041666666666667,0.6958333333333333,0.6930555555555555,0.0,0.0,0.2041666666666666,24.33075000000001,28.947,1.0,Main_Floor_A,Deployment_A,none,A_P029
A001,1440,55.83400208333334,55.005,2.446468277894086,52.758,67.967,53.154,53.352,54.495,55.714,59.462,60.4339,0.0618055555555555,0.0027777777777777,0.0,0.0,0.0,0.5,1.2190000000000012,15.208999999999996,1.0,Main_Floor_A,Deployment_A,none,A_P030
A001,805,56.256,55.611,1.769049304792283,54.22,64.419,54.527,54.626,54.854,57.802,58.6986,59.4862,0.0360248447204968,0.0,0.0,0.0,0.0,0.2956521739130435,2.9480000000000004,10.198999999999998,0.5590277777777778,Main_Floor_A,Deployment_A,none,A_P031
A002,560,60.15144642857143,57.3465,5.389913150665981,54.611,74.033,55.208450000000006,55.3949,55.791,63.35825,69.0374,70.19855,0.3625,0.2232142857142857,0.0625,0.0,0.0,0.0267857142857142,7.567250000000001,19.422000000000004,0.3888888888888889,Main_Floor_A,Deployment_A,none,A_P001
A002,1440,57.17959583333334,55.5,3.56120270584866,53.132,72.656,53.802,54.1648,54.736,60.68925,62.9571,63.4411,0.2597222222222222,0.0125,0.0006944444444444,0.0,0.0,0.3375,5.953250000000004,19.524000000000008,1.0,Main_Floor_A,Deployment_A,none,A_P002
A002,1440,56.6575,55.176,3.816250317400442,52.011,69.286,52.7689,53.022,53.725,57.8845,63.2211,63.66715,0.2138888888888888,0.0118055555555555,0.0,0.0,0.0,0.4722222222222222,4.159500000000001,17.275,1.0,Main_Floor_A,Deployment_A,none,A_P003
A002,1440,64.32201458333333,66.055,7.432779616312146,51.817,85.187,53.088,53.429,58.18425,70.50775,72.94850000000001,74.7723,0.6256944444444444,0.5625,0.2875,0.0,0.0,0.1909722222222222,12.323500000000005,33.37,1.0,Main_Floor_A,Deployment_A,none,A_P004
A002,1440,64.44342361111111,67.396,7.216181021386902,52.044,79.945,53.32945,54.6469,56.319,69.94775,72.74040000000001,74.121,0.6409722222222223,0.6368055555555555,0.2486111111111111,0.0,0.0,0.1277777777777777,13.628749999999997,27.901,1.0,Main_Floor_A,Deployment_A,none,A_P005
A002,1440,63.20082916666667,64.40700000000001,7.122691454933212,52.352,79.484,53.230450000000005,53.912,55.451,69.077,72.0792,73.64855,0.6076388888888888,0.4805555555555555,0.1930555555555555,0.0,0.0,0.1701388888888889,13.625999999999998,27.132,1.0,Main_Floor_A,Deployment_A,none,A_P006
A002,1440,62.73969236111112,64.198,7.159043778605205,52.89,78.253,53.58865,53.846,54.857,69.418,71.5072,72.5171,0.5659722222222222,0.45625,0.1944444444444444,0.0,0.0,0.2666666666666666,14.561000000000009,25.363,1.0,Main_Floor_A,Deployment_A,none,A_P007
A002,1440,56.55067986111112,56.857,1.1223048709511505,52.978,60.11,54.07645,54.6359,56.066,57.363,57.6819,57.813,0.0006944444444444,0.0,0.0,0.0,0.0,0.125,1.296999999999997,7.131999999999998,1.0,Main_Floor_A,Deployment_A,low_attendance,A_P008
A002,1440,57.172274305555554,57.275,1.2075804099911387,54.374,63.264,55.4499,55.769,56.36975,57.71175,58.044,59.23835,0.0444444444444444,0.0,0.0,0.0,0.0,0.0180555555555555,1.3419999999999987,8.89,1.0,Main_Floor_A,Deployment_A,low_attendance,A_P009
A002,1440,57.31679097222222,57.253,0.8682407428523224,55.385,62.89,55.956,56.2191,56.703,57.945,58.374,58.67,0.0041666666666666,0.0,0.0,0.0,0.0,0.0,1.241999999999997,7.505000000000003,1.0,Main_Floor_A,Deployment_A,none,A_P010
A002,1440,64.72518819444444,67.851,7.252120060299985,53.791,79.429,54.85665,55.3776,56.37125,70.89,73.132,74.1023,0.6034722222222222,0.5805555555555556,0.3138888888888889,0.0,0.0,0.0548611111111111,14.518749999999995,25.638000000000005,1.0,Main_Floor_A,Deployment_A,none,A_P011
A002,137,54.635817518248174,54.604,0.3840027998323569,53.725,55.901,54.0858,54.1794,54.407,54.846,55.143,55.3652,0.0,0.0,0.0,0.0,0.0,0.8394160583941606,0.439,2.176000000000002,0.0951388888888888,Main_Floor_A,Deployment_A,none,A_P012
A002,1315,64.46153688212928,67.424,7.00981646835792,53.456,76.947,54.3567,54.6028,55.9065,70.0675,72.1402,73.16069999999999,0.6555133079847909,0.596958174904943,0.2577946768060836,0.0,0.0,0.155893536121673,14.160999999999994,23.491,0.9131944444444444,Main_Floor_A,Deployment_A,none,A_P013
A002,1440,63.01621180555556,63.557,7.399586382069756,52.978,81.244,53.71345,54.0319,54.79925,70.06325000000001,72.21010000000001,73.42955,0.5618055555555556,0.4368055555555555,0.2590277777777778,0.0,0.0,0.2743055555555556,15.26400000000001,28.266,1.0,Main_Floor_A,Deployment_A,none,A_P014
A002,1440,62.85601180555556,64.61500000000001,7.331781440427709,52.505,77.736,53.6689,53.923,54.62325,69.43175,71.9824,73.18764999999999,0.5736111111111111,0.4875,0.21875,0.0,0.0,0.2819444444444444,14.808499999999997,25.231,1.0,Main_Floor_A,Deployment_A,broad_remote_work,A_P015
A002,1440,57.52080486111111,56.044,3.3091256932135096,52.758,71.978,54.0655,54.451,55.56,62.1985,62.7481,63.01155,0.2597222222222222,0.0076388888888888,0.0006944444444444,0.0,0.0,0.1625,6.6385000000000005,19.21999999999999,1.0,Main_Floor_A,Deployment_A,broad_remote_work,A_P016
A002,1440,57.96123125,56.407,3.720734373289321,53.286,69.473,54.077,54.495,55.27225,62.67275,63.5721,64.45209999999999,0.26875,0.0388888888888888,0.0,0.0,0.0,0.1798611111111111,7.400500000000001,16.186999999999998,1.0,Main_Floor_A,Deployment_A,none,A_P017
A002,1440,56.82857083333334,57.061,1.4996746565807824,52.989,65.162,53.7789,54.209,56.242,57.89,58.297,58.484,0.0104166666666666,0.0006944444444444,0.0,0.0,0.0,0.1486111111111111,1.6480000000000032,12.173000000000007,1.0,Main_Floor_A,Deployment_A,none,A_P018
A002,1440,58.16543194444444,57.714,1.977338180907648,55.308,68.736,56.0774,56.385,57.088,58.408,60.363,63.22,0.1222222222222222,0.0131944444444444,0.0,0.0,0.0,0.0,1.3200000000000005,13.428000000000004,1.0,Main_Floor_A,Deployment_A,none,A_P019
A002,1440,58.43950625,58.33,0.9747142593512802,56.22,66.385,57.08745,57.264,57.728,59.154,59.593,59.87955,0.0388888888888888,0.0013888888888888,0.0,0.0,0.0,0.0,1.426000000000002,10.165000000000006,1.0,Main_Floor_A,Deployment_A,none,A_P020
A002,1440,63.85002083333333,67.054,6.321820452321703,55.22,84.304,56.0865,56.337,57.084500000000006,69.261,71.2181,72.326,0.5652777777777778,0.5402777777777777,0.1805555555555555,0.0,0.0,0.0,12.17649999999999,29.084000000000003,1.0,Main_Floor_A,Deployment_A,none,A_P021
A002,1440,63.525754166666665,64.935,6.455022639723532,54.457,79.543,55.25,55.6072,57.17725,69.52550000000001,71.70410000000001,72.78,0.5666666666666667,0.4958333333333333,0.2111111111111111,0.0,0.0,0.025,12.348250000000007,25.08600000000001,1.0,Main_Floor_A,Deployment_A,none,A_P022
A002,1437,57.2897313848295,56.043,3.3204938576115834,53.109,74.522,54.4118,54.7042,55.209,57.63,64.62,64.837,0.1496172581767571,0.0306193458594293,0.0034794711203897,0.0,0.0,0.1816283924843423,2.421,21.413000000000004,0.9979166666666668,Main_Floor_A,Deployment_A,none,A_P023
A002,15,56.5112,56.565,0.1810273065432,56.174,56.804,56.1908,56.2448,56.4075,56.6185,56.6872,56.7284,0.0,0.0,0.0,0.0,0.0,0.0,0.2109999999999985,0.6300000000000026,0.0104166666666666,Main_Floor_A,Deployment_A,none,A_P024
A002,1440,64.45540069444445,65.59299999999999,6.019698252453407,55.315,77.359,56.044,56.348,57.34625,69.76975,71.4791,72.6812,0.6506944444444445,0.5465277777777777,0.2194444444444444,0.0,0.0,0.0,12.423500000000004,22.044,1.0,Main_Floor_A,Deployment_A,none,A_P025
A002,1440,64.26964861111111,65.65,7.00535509242393,53.707,79.837,54.79235,55.359,56.2385,70.53925,72.8172,73.9901,0.6368055555555555,0.5652777777777778,0.2895833333333333,0.0,0.0,0.0666666666666666,14.300749999999994,26.130000000000003,1.0,Main_Floor_A,Deployment_A,none,A_P026
A002,1440,64.0379638888889,65.9185,6.366721200735565,52.468,79.435,54.391,54.663,58.707,69.5445,71.5715,72.7041,0.6527777777777778,0.5277777777777778,0.20625,0.0,0.0,0.1375,10.8375,26.967,1.0,Main_Floor_A,Deployment_A,none,A_P027
A002,1440,63.10514097222222,64.47,6.575435916679512,53.049,77.63,54.5406,54.7827,55.46575,69.074,71.087,72.52255000000001,0.5756944444444444,0.4604166666666666,0.1854166666666666,0.0,0.0,0.1611111111111111,13.608249999999998,24.581,1.0,Main_Floor_A,Deployment_A,none,A_P028
A002,1440,63.88481458333334,64.104,5.874789533083016,53.489,77.956,54.533,55.337,57.87275,68.774,70.8181,71.98955000000001,0.7069444444444445,0.45625,0.1520833333333333,0.0,0.0,0.0673611111111111,10.901250000000005,24.46700000000001,1.0,Main_Floor_A,Deployment_A,none,A_P029
A002,1440,58.00211805555556,56.832,3.25291337061951,53.505,71.913,54.293,54.6285,56.1275,58.022,63.3527,64.0653,0.2208333333333333,0.0291666666666666,0.0006944444444444,0.0,0.0,0.1361111111111111,1.8945000000000007,18.407999999999998,1.0,Main_Floor_A,Deployment_A,none,A_P030
A002,805,58.62811055900621,57.89,2.3890124875400343,55.685,66.337,56.033,56.1356,56.38,60.587,62.2522,62.7736,0.2881987577639751,0.0074534161490683,0.0,0.0,0.0,0.0,4.207000000000001,10.652,0.5590277777777778,Main_Floor_A,Deployment_A,none,A_P031
A003,560,52.25893035714286,46.894000000000005,7.73849250645253,44.714,71.216,45.462,45.6029,46.011,60.89,62.8475,64.95875,0.3160714285714285,0.05,0.0053571428571428,0.0017857142857142,0.5946428571428571,0.6357142857142857,14.878999999999998,26.501999999999995,0.3888888888888889,Main_Floor_A,Deployment_A,none,A_P001
A003,1440,50.970213888888885,47.2545,5.616469168142328,44.879,63.385,45.55375,45.791,46.37425,56.77375,59.341,59.58225,0.0270833333333333,0.0,0.0,0.0006944444444444,0.5875,0.7076388888888889,10.399499999999996,18.506,1.0,Main_Floor_A,Deployment_A,none,A_P002
A003,1440,48.82814722222223,47.473,3.57295472479774,43.719,59.67,44.582,44.879,45.462,51.79375,53.407,53.923,0.0,0.0,0.0,0.1305555555555555,0.5395833333333333,0.9840277777777776,6.331749999999992,15.951,1.0,Main_Floor_A,Deployment_A,none,A_P003
A003,1440,59.44593472222222,62.8405,8.841731753069306,43.222,78.692,44.5919,46.265600000000006,49.78275,66.26474999999999,69.3432,70.934,0.5666666666666667,0.3541666666666667,0.0784722222222222,0.0715277777777777,0.2618055555555555,0.3375,16.481999999999992,35.46999999999999,1.0,Main_Floor_A,Deployment_A,none,A_P004
A003,1440,59.90041111111111,64.308,8.909418034536392,43.934,74.648,44.868,46.9186,49.538,66.72775,69.2458,70.73765,0.6402777777777777,0.4173611111111111,0.0743055555555555,0.0611111111111111,0.3125,0.3520833333333333,17.189750000000004,30.714,1.0,Main_Floor_A,Deployment_A,none,A_P005
A003,1440,57.68982222222222,62.538,9.38295754830867,43.182,77.141,44.49975,44.7685,45.84325,65.011,67.6502,69.402,0.5958333333333333,0.2513888888888889,0.0423611111111111,0.1409722222222222,0.3375,0.3715277777777778,19.16775,33.959,1.0,Main_Floor_A,Deployment_A,none,A_P006
A003,1440,56.93947569444445,61.838,9.887027796696044,42.956,76.0,44.54085,44.868,45.527,65.53325000000001,68.4618,70.022,0.5166666666666667,0.2715277777777777,0.0520833333333333,0.1256944444444444,0.3798611111111111,0.4270833333333333,20.00625000000001,33.044,1.0,Main_Floor_A,Deployment_A,none,A_P007
A003,415,45.92195180722892,45.635,1.4360613565910314,44.242,54.659,44.7107,44.934,45.231,46.0825,46.5764,48.496899999999975,0.0,0.0,0.0,0.1301204819277108,0.9542168674698795,1.0,0.8514999999999944,10.417000000000002,0.2881944444444444,Main_Floor_A,Deployment_A,low_attendance,A_P008
A003,1178,48.71865704584041,47.769,2.7375824501879893,45.571,57.714,46.473,46.7437,47.264,48.341,53.8669,55.84765,0.0,0.0,0.0,0.0,0.8276740237691002,0.931239388794567,1.0769999999999982,12.143,0.8180555555555555,Main_Floor_A,Deployment_A,low_attendance,A_P009
A003,1440,49.68900833333334,49.707,1.9769935971175536,45.956,61.659,46.901,47.2189,47.934,51.132,51.967,52.4073,0.0006944444444444,0.0,0.0,0.0,0.5666666666666667,0.9854166666666668,3.1980000000000004,15.702999999999996,1.0,Main_Floor_A,Deployment_A,none,A_P010
A003,1440,60.44526180555555,63.0165,7.951840329136566,44.286,77.791,45.407,48.626,53.96425,66.571,68.8361,70.1771,0.6583333333333333,0.4375,0.0555555555555555,0.025,0.1875,0.325,12.606749999999998,33.504999999999995,1.0,Main_Floor_A,Deployment_A,none,A_P011
A003,1440,57.87157847222223,61.473,8.256364142115341,44.055,73.811,45.13145,45.6579,48.879,65.17875000000001,67.088,68.033,0.5152777777777777,0.2652777777777778,0.0104166666666666,0.0381944444444444,0.3104166666666667,0.3847222222222222,16.29975000000001,29.756000000000007,1.0,Main_Floor_A,Deployment_A,none,A_P012
A003,1440,58.17995972222223,62.56,8.745929846161863,43.681,74.044,45.1032,45.6956,48.44,64.96975,67.407,68.66485,0.6076388888888888,0.2493055555555555,0.0256944444444444,0.0388888888888888,0.3229166666666667,0.3868055555555555,16.529750000000007,30.363,1.0,Main_Floor_A,Deployment_A,none,A_P013
A003,1440,58.420550000000006,62.352,9.473810071340075,43.56,86.604,44.637,44.934,46.176,65.601,68.3872,69.91365,0.6472222222222223,0.2805555555555555,0.0479166666666666,0.1097222222222222,0.3131944444444444,0.3513888888888888,19.425,43.044,1.0,Main_Floor_A,Deployment_A,none,A_P014
A003,1440,57.10787152777778,61.253,10.395287321657538,43.067,74.589,44.253,44.505,45.742,66.9255,68.857,69.7822,0.5270833333333333,0.4013888888888889,0.0458333333333333,0.1951388888888889,0.3958333333333333,0.4673611111111111,21.1835,31.522,1.0,Main_Floor_A,Deployment_A,broad_remote_work,A_P015
A003,1440,50.37728055555556,51.33,3.024085726520501,43.022,59.374,44.333,44.8625,50.824,51.802,52.4301,54.64245,0.0,0.0,0.0,0.1125,0.2131944444444444,0.9652777777777778,0.9780000000000016,16.352000000000004,1.0,Main_Floor_A,Deployment_A,broad_remote_work,A_P016
A003,1440,52.24329652777777,51.264,5.367814117418207,43.429,66.802,44.681,45.22,50.38325,54.626,59.5831,63.7413,0.0972222222222222,0.0284722222222222,0.0,0.075,0.2208333333333333,0.7631944444444444,4.242750000000001,23.373000000000005,1.0,Main_Floor_A,Deployment_A,none,A_P017
A003,1440,47.48845833333333,47.242,1.869088546720828,43.867,61.473,44.59245000000001,44.934,46.505,48.714,49.945,50.297,0.0013888888888888,0.0,0.0,0.1145833333333333,0.9104166666666668,0.9972222222222222,2.208999999999996,17.606,1.0,Main_Floor_A,Deployment_A,none,A_P018
A003,1440,51.36334236111112,48.7955,5.190904155625983,46.154,67.143,47.263650000000005,47.484,47.967,51.58475,61.132,62.82894999999999,0.1784722222222222,0.0048611111111111,0.0,0.0,0.5770833333333333,0.8201388888888889,3.617750000000001,20.989,1.0,Main_Floor_A,Deployment_A,none,A_P019
A003,1440,51.33822083333333,50.5735,3.11588929140392,45.868,59.571,46.912,47.4283,48.593,54.63975,55.451,55.74415,0.0,0.0,0.0,0.0,0.4173611111111111,0.8069444444444445,6.046749999999996,13.702999999999996,1.0,Main_Floor_A,Deployment_A,none,A_P020
A003,1440,59.339956944444445,59.5,6.840167142810023,47.286,75.283,48.48845,50.033,53.163,65.50925,67.11,68.196,0.4791666666666667,0.3173611111111111,0.0173611111111111,0.0,0.0986111111111111,0.3833333333333333,12.346249999999998,27.997,1.0,Main_Floor_A,Deployment_A,none,A_P021
A003,1440,60.47067847222223,61.728,6.690857580980143,49.0,77.228,50.272,52.902,53.756,66.50025000000001,69.0661,70.468,0.5284722222222222,0.3354166666666666,0.0666666666666666,0.0,0.0368055555555555,0.3201388888888888,12.744250000000008,28.227999999999994,1.0,Main_Floor_A,Deployment_A,none,A_P022
A003,1440,52.38143402777778,53.293,3.842967953181736,44.989,71.565,46.7925,47.315,48.35625,55.74775,56.9577,57.37485,0.0083333333333333,0.0013888888888888,0.0006944444444444,0.0006944444444444,0.35,0.6875,7.3914999999999935,26.576,1.0,Main_Floor_A,Deployment_A,none,A_P023
A003,1440,51.085153472222224,49.1145,3.800480673951697,43.979,61.62,46.108450000000005,46.6254,47.8645,54.967,55.5436,55.9791,0.0013888888888888,0.0,0.0,0.0027777777777777,0.5375,0.7604166666666666,7.102499999999999,17.641,1.0,Main_Floor_A,Deployment_A,none,A_P024
A003,1440,59.83935,63.739,8.73087777462821,47.098,76.237,47.978,48.2923,50.37025,67.3725,70.1567,71.5718,0.5451388888888888,0.3930555555555555,0.1076388888888889,0.0,0.225,0.3583333333333333,17.002250000000004,29.139,1.0,Main_Floor_A,Deployment_A,none,A_P025
A003,1440,60.30752291666666,62.705,8.746981483009044,46.23,77.804,47.81445,48.292,52.10975,67.94874999999999,70.74340000000001,72.46865,0.5263888888888889,0.4333333333333333,0.1326388888888889,0.0,0.2097222222222222,0.3520833333333333,15.838999999999992,31.574000000000005,1.0,Main_Floor_A,Deployment_A,none,A_P026
A003,1440,60.99927569444444,64.714,8.930804613674875,46.38,79.174,47.783,48.163,49.37075,67.98075,70.2252,71.7984,0.6583333333333333,0.4868055555555555,0.1138888888888888,0.0,0.2951388888888889,0.3243055555555555,18.61,32.794000000000004,1.0,Main_Floor_A,Deployment_A,none,A_P027
A003,1440,60.089228472222224,64.011,8.255452864278501,44.544,75.868,47.304,47.891,49.011,66.45875,68.5337,70.04615,0.5833333333333334,0.4041666666666667,0.0513888888888888,0.0006944444444444,0.2729166666666666,0.2958333333333333,17.447749999999992,31.324,1.0,Main_Floor_A,Deployment_A,none,A_P028
A003,1440,60.24805,61.21,7.120440032373095,45.924,73.163,47.4764,48.1079,54.902,65.674,67.728,68.99175,0.7111111111111111,0.3222222222222222,0.0229166666666666,0.0,0.19375,0.2534722222222222,10.772000000000006,27.239,1.0,Main_Floor_A,Deployment_A,none,A_P029
A003,1440,51.77058611111112,50.652,3.321133510598526,45.989,63.725,47.1094,47.609,49.41825,54.67675,55.7192,56.5551,0.0138888888888888,0.0,0.0,0.0,0.3756944444444444,0.8173611111111111,5.258499999999998,17.736000000000004,1.0,Main_Floor_A,Deployment_A,none,A_P030
A003,805,53.27692173913044,54.348,3.1827051434176505,47.837,65.761,48.8282,49.185,49.813,55.478,57.188,57.7218,0.0062111801242236,0.0012422360248447,0.0,0.0,0.2795031055900621,0.6931677018633541,5.664999999999999,17.923999999999992,0.5590277777777778,Main_Floor_A,Deployment_A,none,A_P031
A004,560,56.22721607142857,50.587500000000006,8.401339438618674,48.286,70.609,48.758,48.9659,49.60125,66.6865,67.758,68.53965,0.3607142857142857,0.3571428571428571,0.0089285714285714,0.0,0.375,0.6321428571428571,17.085249999999995,22.322999999999997,0.3888888888888889,Main_Floor_A,Deployment_A,none,A_P001
A004,1440,52.96800069444445,49.7525,6.099162068412466,45.132,77.0,46.41745,46.7578,47.857,59.538,60.088,60.57155,0.1256944444444444,0.0131944444444444,0.0090277777777777,0.0,0.5069444444444444,0.6152777777777778,11.680999999999996,31.868,1.0,Main_Floor_A,Deployment_A,none,A_P002
A004,1440,49.50712708333334,49.7635,2.087238061821299,44.516,62.286,46.318850000000005,46.9219,47.967,50.714,51.6392,52.4081,0.0027777777777777,0.0,0.0,0.0027777777777777,0.5673611111111111,0.9875,2.747,17.770000000000003,1.0,Main_Floor_A,Deployment_A,none,A_P003
A004,1440,60.806554166666665,64.549,7.295315354347005,45.256,71.593,47.2527,52.6411,54.077,66.87075,68.35310000000001,69.51655000000001,0.6118055555555556,0.4569444444444444,0.03125,0.0,0.0965277777777777,0.3777777777777777,12.793750000000005,26.337000000000003,1.0,Main_Floor_A,Deployment_A,none,A_P004
A004,1440,60.67834652777778,62.286,6.197575588332462,47.039,72.835,48.35035,52.945,53.87625,65.36574999999999,67.3425,68.6381,0.6645833333333333,0.2916666666666667,0.0173611111111111,0.0,0.06875,0.3041666666666666,11.489499999999992,25.795999999999992,1.0,Main_Floor_A,Deployment_A,none,A_P005
A004,1440,58.63834861111111,62.8295,7.680833034207472,43.066,69.462,45.7356,46.4283,50.749750000000006,64.407,65.7599,66.60455,0.6395833333333333,0.1763888888888889,0.0,0.0145833333333333,0.2305555555555555,0.3569444444444444,13.65724999999999,26.396,1.0,Main_Floor_A,Deployment_A,none,A_P006
A004,1440,60.12550277777778,62.7705,6.122820525114063,45.185,72.231,47.36205,48.752500000000005,54.505,64.747,65.9582,66.6632,0.6333333333333333,0.2125,0.0006944444444444,0.0,0.1090277777777777,0.2881944444444444,10.241999999999996,27.045999999999992,1.0,Main_Floor_A,Deployment_A,none,A_P007
A004,1440,53.55614236111112,52.89,2.8637733130391547,47.209,64.978,50.6579,51.209,52.033,54.185500000000005,55.5061,61.96755,0.0680555555555555,0.0,0.0,0.0,0.0180555555555555,0.8638888888888889,2.1525000000000034,17.76899999999999,1.0,Main_Floor_A,Deployment_A,low_attendance,A_P008
A004,1440,52.19972986111112,51.0825,3.36557255184736,47.132,63.062,49.40835,49.769,50.3565,52.3685,60.5381,61.16555,0.1083333333333333,0.0,0.0,0.0,0.1548611111111111,0.8888888888888888,2.0120000000000005,15.93,1.0,Main_Floor_A,Deployment_A,low_attendance,A_P009
A004,1440,51.67696875000001,51.099,2.7120151025255077,48.077,74.802,49.34045,49.648,50.275,52.15675,54.112,55.7272,0.0152777777777777,0.0097222222222222,0.00625,0.0,0.1791666666666666,0.9222222222222224,1.881750000000004,26.72500000000001,1.0,Main_Floor_A,Deployment_A,none,A_P010
A004,1440,60.44761944444444,64.725,7.098401456719781,47.407,75.374,49.757450000000006,50.3729,53.429,66.736,67.86710000000001,68.582,0.5666666666666667,0.4666666666666667,0.0076388888888888,0.0,0.0694444444444444,0.3604166666666666,13.307000000000002,27.967,1.0,Main_Floor_A,Deployment_A,none,A_P011
A004,1440,60.808785416666666,64.374,7.141225171478095,46.824,72.308,50.5699,51.231,52.29425,66.59,68.57910000000001,69.209,0.6305555555555555,0.4034722222222222,0.0131944444444444,0.0,0.0229166666666666,0.3680555555555556,14.295750000000004,25.48400000000001,1.0,Main_Floor_A,Deployment_A,none,A_P012
A004,1440,61.105393750000005,64.43,6.282182937914385,48.356,71.966,51.065450000000006,52.3707,54.3565,66.209,67.47120000000001,68.49825,0.5993055555555555,0.4291666666666666,0.0194444444444444,0.0,0.0229166666666666,0.3027777777777777,11.852500000000006,23.609999999999992,1.0,Main_Floor_A,Deployment_A,none,A_P013
A004,1440,60.38713958333334,63.707,6.753965007490561,46.253,77.231,49.44965,50.207,54.527,66.00274999999999,67.582,68.49605,0.5784722222222223,0.3791666666666666,0.0145833333333333,0.0,0.0875,0.2923611111111111,11.47574999999999,30.977999999999994,1.0,Main_Floor_A,Deployment_A,none,A_P014
A004,1440,58.62141458333333,61.0,7.918641261944328,45.732,75.066,48.154,48.8697,50.077,65.85974999999999,67.62780000000001,68.58255,0.5277777777777778,0.3354166666666666,0.0194444444444444,0.0,0.2368055555555555,0.4611111111111111,15.782749999999991,29.334000000000003,1.0,Main_Floor_A,Deployment_A,broad_remote_work,A_P015
A004,1440,48.96193333333333,48.835,1.448797902324214,42.692,55.176,46.8039,47.297,48.0515,49.84675,50.78,51.40754999999999,0.0,0.0,0.0,0.0041666666666666,0.7833333333333333,0.9993055555555556,1.7952499999999958,12.484000000000002,1.0,Main_Floor_A,Deployment_A,broad_remote_work,A_P016
A004,1440,53.738972222222216,54.1405,4.676815306819318,45.934,75.956,47.352,47.9879,50.2525,54.85825,61.8471,63.2651,0.1236111111111111,0.0131944444444444,0.0090277777777777,0.0,0.2409722222222222,0.7944444444444444,4.6057500000000005,30.02200000000001,1.0,Main_Floor_A,Deployment_A,none,A_P017
A004,1440,50.00473888888889,49.703,2.362605159176409,44.385,62.406,46.43945,47.1628,48.80425,51.033,52.5842,55.11655,0.0013888888888888,0.0,0.0,0.0027777777777777,0.5729166666666666,0.9479166666666666,2.228750000000005,18.021,1.0,Main_Floor_A,Deployment_A,none,A_P018
A004,1440,50.606672222222215,50.209,1.77847998894655,46.066,57.363,48.341,48.637,49.275,51.824,53.2431,53.9131,0.0,0.0,0.0,0.0,0.45,0.9840277777777776,2.5489999999999995,11.296999999999995,1.0,Main_Floor_A,Deployment_A,none,A_P019
A004,1440,50.50990069444444,50.792,1.4718171677892329,46.511,62.648,47.9989,48.5975,49.703,51.319,51.700300000000006,51.978,0.0034722222222222,0.0,0.0,0.0,0.3034722222222222,0.9902777777777778,1.6159999999999997,16.137,1.0,Main_Floor_A,Deployment_A,none,A_P020
A004,1440,58.64268958333333,62.0055,6.001595132197428,47.891,67.78,49.663,50.2272,52.14925,63.957,64.989,65.4021,0.5534722222222223,0.0993055555555555,0.0,0.0,0.0715277777777777,0.3645833333333333,11.80775,19.889000000000003,1.0,Main_Floor_A,Deployment_A,none,A_P021
A004,1440,60.58642777777778,63.5355,6.309808038877524,48.141,70.826,50.11895,50.6913,52.5,65.348,66.74090000000001,67.50055,0.7020833333333333,0.2958333333333333,0.0055555555555555,0.0,0.04375,0.2909722222222222,12.848,22.684999999999995,1.0,Main_Floor_A,Deployment_A,none,A_P022
A004,1440,54.79531111111112,52.885000000000005,4.521956923587219,43.435,65.213,48.663,49.457,51.554,59.935,60.554,60.9462,0.2416666666666666,0.0006944444444444,0.0,0.0013888888888888,0.1368055555555555,0.6152777777777778,8.381,21.77799999999999,1.0,Main_Floor_A,Deployment_A,none,A_P023
A004,1440,52.737365277777776,51.11,4.497095138079015,43.129,75.022,47.2447,48.074000000000005,49.674,55.9045,59.728,60.293,0.0680555555555555,0.0069444444444444,0.0048611111111111,0.0034722222222222,0.3104166666666667,0.6666666666666666,6.230499999999999,31.893000000000008,1.0,Main_Floor_A,Deployment_A,none,A_P024
A004,1440,60.61475763888889,63.9345,6.534131882100837,48.989,75.0,50.88,51.37,52.7145,65.707,67.26129999999999,68.16355,0.6395833333333333,0.3631944444444444,0.0173611111111111,0.0,0.0083333333333333,0.3291666666666666,12.992499999999993,26.011000000000003,1.0,Main_Floor_A,Deployment_A,none,A_P025
A004,1440,59.52850347222222,62.164,6.626031317158956,45.754,74.413,49.64045,50.109,51.478,64.69675,66.457,68.1341,0.6055555555555555,0.2194444444444444,0.01875,0.0,0.0895833333333333,0.3347222222222222,13.218749999999991,28.659,1.0,Main_Floor_A,Deployment_A,none,A_P026
A004,1440,59.81472638888889,63.021,6.406498452234493,46.898,71.174,49.647450000000006,50.348,51.2905,64.316,65.75,66.82845,0.6763888888888889,0.1701388888888889,0.0006944444444444,0.0,0.075,0.3118055555555555,13.0255,24.276000000000003,1.0,Main_Floor_A,Deployment_A,none,A_P027
A004,1440,60.63804236111111,63.4345,5.521286906243278,49.978,74.13,50.815,51.609,55.473,64.99175,66.3527,67.20275,0.5979166666666667,0.25,0.0034722222222222,0.0,0.0006944444444444,0.1409722222222222,9.518749999999995,24.151999999999997,1.0,Main_Floor_A,Deployment_A,none,A_P028
A004,1440,61.17619097222222,64.32050000000001,6.905329474178996,46.989,80.462,48.66245,49.4014,55.489,66.5,68.37750000000001,69.4361,0.6041666666666666,0.4236111111111111,0.0305555555555555,0.0,0.1145833333333333,0.1722222222222222,11.011000000000005,33.473000000000006,1.0,Main_Floor_A,Deployment_A,none,A_P029
A004,1440,51.17966805555555,49.1585,4.685384571841816,45.935,63.0,47.1295,47.4505,48.132,51.539,60.196,60.54925,0.1277777777777777,0.0,0.0,0.0,0.6493055555555556,0.8020833333333334,3.407000000000004,17.064999999999998,1.0,Main_Floor_A,Deployment_A,none,A_P030
A004,805,51.61510559006212,51.0,4.135745700599929,45.67,78.304,46.772,47.2562,48.652,53.786,55.7658,57.8102,0.0186335403726708,0.0149068322981366,0.0111801242236024,0.0,0.3639751552795031,0.8546583850931677,5.134,32.634,0.5590277777777778,Main_Floor_A,Deployment_A,none,A_P031
A005,179,56.79570949720671,52.959,5.389164773884533,50.931,68.25,51.5225,51.794,52.144,62.802,64.4896,64.835,0.3687150837988827,0.0502793296089385,0.0,0.0,0.0,0.5698324022346368,10.658,17.319000000000003,0.1243055555555555,Main_Floor_A,Deployment_A,none,A_P001
A005,299,57.75680267558528,58.404,4.544301737310623,50.227,68.952,51.5274,51.8636,53.286,62.066,62.65,63.8152,0.4280936454849498,0.020066889632107,0.0,0.0,0.0,0.3979933110367893,8.780000000000001,18.725,0.2076388888888889,Main_Floor_A,Deployment_A,none,A_P002
A005,333,55.60627327327328,58.615,4.224995697628145,49.0,64.0,50.0,50.2412,51.0,59.324,59.6256,60.0268,0.063063063063063,0.0,0.0,0.0,0.06006006006006,0.4504504504504504,8.323999999999998,15.0,0.23125,Main_Floor_A,Deployment_A,none,A_P003
A005,393,65.51828753180662,66.174,5.533073240152341,49.952,77.053,52.118,54.97900000000001,64.043,68.824,71.4442,72.432,0.8880407124681934,0.6972010178117048,0.1704834605597964,0.0,0.0025445292620865,0.1017811704834605,4.780999999999992,27.101,0.2729166666666666,Main_Floor_A,Deployment_A,none,A_P004
A005,318,63.83238679245283,66.3395,5.7704320788597405,49.795,74.0,55.02185,55.6,56.54625,67.98875,69.5333,70.2189,0.6981132075471698,0.6037735849056604,0.0691823899371069,0.0,0.0031446540880503,0.050314465408805,11.442499999999995,24.205,0.2208333333333333,Main_Floor_A,Deployment_A,none,A_P005
A005,415,64.12914939759037,66.222,6.4936219902690375,49.587,75.471,51.0,51.5572,62.0,68.045,70.2012,71.7792,0.7927710843373494,0.672289156626506,0.1108433734939759,0.0,0.0096385542168674,0.1662650602409638,6.045000000000002,25.884,0.2881944444444444,Main_Floor_A,Deployment_A,none,A_P006
A005,317,60.54539432176656,64.0,7.706339857896911,49.723,72.769,50.409,50.6752,51.393,67.111,69.6352,70.4996,0.5899053627760252,0.4763406940063091,0.0662460567823343,0.0,0.0157728706624605,0.3690851735015772,15.718000000000004,23.046000000000006,0.2201388888888888,Main_Floor_A,Deployment_A,none,A_P007
A005,389,52.37765809768637,52.122,1.956833823343972,49.128,61.0,50.1544,50.5,51.1,53.0,54.5,56.17999999999999,0.0102827763496143,0.0,0.0,0.0,0.0385604113110539,0.9203084832904884,1.8999999999999984,11.872,0.2701388888888889,Main_Floor_A,Deployment_A,low_attendance,A_P008
A005,288,51.69574652777778,51.0075,1.958536992644213,48.976,61.0,49.8317,50.1649,50.543,52.059,54.2944,56.0,0.0104166666666666,0.0,0.0,0.0,0.0763888888888889,0.9201388888888888,1.5159999999999982,12.024,0.2,Main_Floor_A,Deployment_A,low_attendance,A_P009
A005,280,53.404175,53.333,1.9903128393938243,49.5,61.75,50.8179,51.055600000000005,51.90075,54.302,55.6454,57.0,0.0178571428571428,0.0,0.0,0.0,0.0071428571428571,0.8607142857142858,2.401249999999997,12.25,0.1944444444444444,Main_Floor_A,Deployment_A,none,A_P010
A005,454,64.85127973568282,66.74000000000001,5.7288348771465225,50.095,76.938,51.0,58.2608,63.0,68.5,70.2731,71.5937,0.7863436123348018,0.6387665198237885,0.1123348017621145,0.0,0.0,0.092511013215859,5.5,26.843000000000004,0.3152777777777777,Main_Floor_A,Deployment_A,none,A_P011
A005,494,62.78111943319838,65.732,6.50018727300098,49.5,72.911,50.61625,51.5027,58.5,67.25274999999999,68.497,69.2993,0.7004048582995951,0.6356275303643725,0.0283400809716599,0.0,0.0080971659919028,0.2165991902834008,8.752749999999992,23.411,0.3430555555555555,Main_Floor_A,Deployment_A,none,A_P012
A005,463,62.37465442764579,65.19,6.691067719478074,49.925,74.525,51.0474,51.669,54.4815,67.10749999999999,68.5272,69.8304,0.6954643628509719,0.5226781857451404,0.0496760259179265,0.0,0.0021598272138228,0.2548596112311015,12.62599999999999,24.60000000000001,0.3215277777777778,Main_Floor_A,Deployment_A,none,A_P013
A005,471,61.9734246284501,64.125,6.68961239170267,49.25,74.433,50.666,51.294,53.7965,66.6195,68.982,70.1865,0.721868365180467,0.386411889596603,0.0636942675159235,0.0,0.0063694267515923,0.2717622080679405,12.823000000000008,25.183000000000007,0.3270833333333333,Main_Floor_A,Deployment_A,none,A_P014
A005,463,63.74804751619871,66.943,7.248280324629015,49.789,75.895,50.831,51.4454,58.11,68.94749999999999,70.28200000000001,71.2925,0.7084233261339092,0.6825053995680346,0.1274298056155507,0.0,0.0064794816414686,0.2267818574514039,10.837499999999991,26.105999999999995,0.3215277777777778,Main_Floor_A,Deployment_A,broad_remote_work,A_P015
A005,255,56.006564705882354,58.051,3.790412022709272,48.865,63.136,50.2257,50.5076,51.4035,58.4545,59.0,61.14999999999999,0.0627450980392156,0.0,0.0,0.0,0.0196078431372549,0.3450980392156862,7.050999999999995,14.271,0.1770833333333333,Main_Floor_A,Deployment_A,broad_remote_work,A_P016
A005,378,57.27764814814815,58.405,4.385115875540753,48.969,67.296,50.04685,50.667,52.0,59.8045,62.099900000000005,64.32000000000001,0.2169312169312169,0.0291005291005291,0.0,0.0,0.0476190476190476,0.2751322751322751,7.804499999999997,18.327000000000005,0.2625,Main_Floor_A,Deployment_A,none,A_P017
A005,282,52.08162765957447,52.0,1.437433287208587,49.444,60.531,50.04545,50.3578,51.04025,52.978,53.578700000000005,54.24465,0.0035460992907801,0.0,0.0,0.0,0.0496453900709219,0.975177304964539,1.9377500000000007,11.086999999999996,0.1958333333333333,Main_Floor_A,Deployment_A,none,A_P018
A005,330,53.91631515151514,52.2145,4.331708947394421,49.622,66.658,50.3736,50.6628,51.22175,53.70825,62.8862,63.0714,0.1636363636363636,0.009090909090909,0.0,0.0,0.0121212121212121,0.8181818181818182,2.4864999999999995,17.036,0.2291666666666666,Main_Floor_A,Deployment_A,none,A_P019
A005,285,54.674561403508775,53.48,3.345948565569208,49.371,62.556,50.5472,51.0746,51.9,58.792,59.0906,59.3264,0.0210526315789473,0.0,0.0,0.0,0.0140350877192982,0.6491228070175439,6.892000000000003,13.184999999999995,0.1979166666666666,Main_Floor_A,Deployment_A,none,A_P020
A005,444,62.0103018018018,61.815,5.065126699954132,50.333,75.161,51.735400000000006,57.9461,58.41275,66.30975000000001,67.7162,68.4907,0.527027027027027,0.4594594594594595,0.0202702702702702,0.0,0.0,0.081081081081081,7.897000000000013,24.828000000000003,0.3083333333333333,Main_Floor_A,Deployment_A,none,A_P021
A005,642,64.89434735202492,66.269,5.036067721237155,53.0,78.0,55.3579,58.3613,59.8675,68.61275,70.25,71.3442,0.7383177570093458,0.5903426791277259,0.1214953271028037,0.0,0.0,0.0171339563862928,8.745250000000006,25.0,0.4458333333333333,Main_Floor_A,Deployment_A,none,A_P022
A005,337,56.56476854599407,54.167,4.942366619086465,49.0,68.14,50.5854,51.1906,51.804,61.444,62.7094,63.1272,0.3709198813056379,0.0148367952522255,0.0,0.0,0.0237388724035608,0.516320474777448,9.64,19.14,0.2340277777777777,Main_Floor_A,Deployment_A,none,A_P023
A005,322,56.25626708074534,59.0,4.199394878167075,49.672,63.75,50.68355,51.0,51.6,59.74425,60.33,61.0,0.1770186335403726,0.0,0.0,0.0,0.0062111801242236,0.4285714285714285,8.14425,14.078000000000005,0.2236111111111111,Main_Floor_A,Deployment_A,none,A_P024
A005,523,62.00066156787763,65.875,7.73460500655764,49.917,75.5,51.2755,51.8402,53.9045,69.019,71.1466,72.0387,0.5544933078393881,0.5086042065009561,0.152963671128107,0.0,0.0019120458891013,0.3518164435946462,15.114500000000008,25.583,0.3631944444444444,Main_Floor_A,Deployment_A,none,A_P025
A005,637,64.44316483516484,66.833,6.5823979603424885,50.019,78.812,51.3458,52.1456,61.333,68.857,70.9,72.4824,0.7629513343799058,0.5871271585557299,0.152276295133438,0.0,0.0,0.1554160125588697,7.524000000000001,28.793,0.4423611111111111,Main_Floor_A,Deployment_A,none,A_P026
A005,632,61.84064082278481,64.049,7.517961222755628,49.597,75.174,50.6353,51.222,52.5625,68.22749999999999,69.8786,71.04265,0.6487341772151899,0.4699367088607595,0.0965189873417721,0.0,0.0094936708860759,0.3180379746835443,15.664999999999992,25.577000000000005,0.4388888888888889,Main_Floor_A,Deployment_A,none,A_P027
A005,771,62.87939299610896,65.551,6.407933788988042,49.938,75.25,51.3395,51.918,58.2655,67.44399999999999,69.381,70.9305,0.7003891050583657,0.5525291828793775,0.0817120622568093,0.0,0.0012970168612191,0.1867704280155642,9.178499999999984,25.312,0.5354166666666667,Main_Floor_A,Deployment_A,none,A_P028
A005,590,63.38981016949152,65.7705,6.261237667473494,49.082,80.923,51.1535,52.0269,61.77225,67.6495,69.333,70.68845,0.7542372881355932,0.5745762711864407,0.0762711864406779,0.0,0.0050847457627118,0.1745762711864406,5.877250000000004,31.841,0.4097222222222222,Main_Floor_A,Deployment_A,none,A_P029
A005,280,56.18465,56.322,4.159413863837185,49.333,67.469,50.61165,50.8896,52.1605,59.004,60.5972,63.22485,0.1321428571428571,0.0285714285714285,0.0,0.0,0.0178571428571428,0.4035714285714286,6.843499999999999,18.136,0.1944444444444444,Main_Floor_A,Deployment_A,none,A_P030
A005,204,57.95521078431372,59.0,3.9686821216793535,50.286,65.0,51.049800000000005,51.4556,54.486,60.94975,62.1104,63.2323,0.3186274509803921,0.0049019607843137,0.0,0.0,0.0,0.2647058823529412,6.463749999999997,14.714,0.1416666666666666,Main_Floor_A,Deployment_A,none,A_P031
A006,560,57.054825,53.279,7.307453754707683,50.304,70.637,51.14055,51.5969,52.33425,68.35749999999999,69.3658,69.61555,0.2607142857142857,0.2607142857142857,0.0196428571428571,0.0,0.0,0.7303571428571428,16.023249999999983,20.333,0.3888888888888889,Main_Floor_A,Deployment_A,none,A_P001
A006,1440,54.758763888888886,54.293,2.6012826193945124,50.934,71.319,51.692,51.924,52.767,56.3905,58.022,59.10175,0.0381944444444444,0.0048611111111111,0.0006944444444444,0.0,0.0,0.6583333333333333,3.6235,20.385000000000005,1.0,Main_Floor_A,Deployment_A,none,A_P002
A006,1440,54.092108333333336,53.7445,3.8720490870856006,48.044,69.33,49.42375,50.1501,51.53025,55.44875,57.6155,60.03609999999998,0.0506944444444444,0.0361111111111111,0.0,0.0,0.0888888888888888,0.6902777777777778,3.9184999999999945,21.286,1.0,Main_Floor_A,Deployment_A,none,A_P003
A006,1440,64.53351388888889,68.89500000000001,9.046807599978193,49.022,80.033,51.16135,52.889,53.99725,70.28875,75.8773,77.42920000000001,0.61875,0.6055555555555555,0.2881944444444444,0.0,0.0256944444444444,0.3305555555555555,16.291499999999992,31.011000000000003,1.0,Main_Floor_A,Deployment_A,none,A_P004
A006,1440,65.628525,68.5685,8.01043982932755,48.87,79.681,50.7929,51.629000000000005,60.5205,70.616,74.923,76.27645000000001,0.7902777777777777,0.6340277777777777,0.3055555555555556,0.0,0.0166666666666666,0.1701388888888889,10.0955,30.811,1.0,Main_Floor_A,Deployment_A,none,A_P005
A006,1440,61.683361111111104,60.511,8.572546913646633,48.315,80.363,49.549,50.4649,53.4125,70.022,71.8372,73.72774999999999,0.5152777777777777,0.4118055555555555,0.2541666666666666,0.0,0.0770833333333333,0.3395833333333333,16.60950000000001,32.048,1.0,Main_Floor_A,Deployment_A,none,A_P006
A006,1440,62.71594861111111,59.796,10.099426279750915,48.537,82.132,50.053450000000005,50.6195,52.8585,71.13425000000001,76.28380000000001,78.04509999999999,0.49375,0.4611111111111111,0.3840277777777778,0.0,0.0430555555555555,0.3909722222222222,18.27575000000001,33.595000000000006,1.0,Main_Floor_A,Deployment_A,none,A_P007
A006,1440,52.28214930555556,52.557,1.4847682848022947,48.25,55.382,49.6298,50.275,51.074,53.33925,54.0798,54.4575,0.0,0.0,0.0,0.0,0.0777777777777777,0.9868055555555556,2.2652500000000018,7.131999999999998,1.0,Main_Floor_A,Deployment_A,low_attendance,A_P008
A006,1440,51.986955555555554,52.576,1.506320694327579,48.11,56.217,49.717,50.0,50.533,53.178250000000006,53.598,53.967,0.0,0.0,0.0,0.0,0.1006944444444444,0.9979166666666668,2.6452500000000043,8.107,1.0,Main_Floor_A,Deployment_A,low_attendance,A_P009
A006,1440,53.52971180555556,53.8525,1.6873444324657003,48.837,64.196,50.165,50.607400000000005,52.80775,54.74775,55.326,55.46225,0.0006944444444444,0.0,0.0,0.0,0.0340277777777777,0.8013888888888889,1.9399999999999975,15.358999999999996,1.0,Main_Floor_A,Deployment_A,none,A_P010
A006,1440,62.06596319444444,61.4285,9.300180866715069,48.565,79.719,50.73685,51.5308,53.14925,71.346,74.45200000000001,76.165,0.5256944444444445,0.4041666666666667,0.35,0.0,0.0243055555555555,0.3875,18.19675,31.154,1.0,Main_Floor_A,Deployment_A,none,A_P011
A006,1440,61.70291666666667,59.587,8.718463601172802,48.462,81.912,49.826,51.7695,54.307,69.98075,72.49610000000001,75.8372,0.4715277777777777,0.3875,0.2493055555555555,0.0,0.0576388888888888,0.3,15.673749999999998,33.45,1.0,Main_Floor_A,Deployment_A,none,A_P012
A006,1440,63.61960069444445,68.443,8.630691658016785,49.446,78.042,50.2497,50.6296,53.68225,69.75925000000001,73.0992,74.86855,0.6756944444444445,0.5659722222222222,0.2333333333333333,0.0,0.0222222222222222,0.2770833333333333,16.077000000000005,28.596000000000004,1.0,Main_Floor_A,Deployment_A,none,A_P013
A006,1440,60.94569861111111,58.5475,9.566394086891364,48.055,82.176,49.303650000000005,49.7987,51.28025,70.20075,74.93820000000001,77.12209999999999,0.4638888888888889,0.3576388888888889,0.2631944444444444,0.0,0.1236111111111111,0.3291666666666666,18.9205,34.121,1.0,Main_Floor_A,Deployment_A,none,A_P014
A006,1440,60.710883333333335,58.935,9.05992517547073,48.609,79.945,49.69545,50.759600000000006,52.412,69.34275,73.54580000000001,76.8488,0.4673611111111111,0.3458333333333333,0.2256944444444444,0.0,0.0618055555555555,0.4173611111111111,16.930749999999996,31.33599999999999,1.0,Main_Floor_A,Deployment_A,broad_remote_work,A_P015
A006,1440,53.278663888888886,53.37,2.183018571364035,48.802,63.707,50.1178,50.522,51.51925,54.772,55.8406,56.587,0.0069444444444444,0.0,0.0,0.0,0.0423611111111111,0.78125,3.252749999999999,14.905,1.0,Main_Floor_A,Deployment_A,broad_remote_work,A_P016
A006,1440,57.412432638888895,54.0495,7.255667281376019,49.739,72.099,50.81255,51.174,51.97525,68.3025,69.2675,69.71455,0.2666666666666666,0.2652777777777778,0.0340277777777777,0.0,0.0104166666666666,0.6402777777777777,16.327249999999992,22.360000000000007,1.0,Main_Floor_A,Deployment_A,none,A_P017
A006,1440,53.44044722222223,53.6925,1.5996898722174526,49.304,59.446,50.511,50.8027,52.57525,54.549,55.3856,55.68555,0.0,0.0,0.0,0.0,0.0083333333333333,0.8326388888888889,1.9737500000000023,10.141999999999996,1.0,Main_Floor_A,Deployment_A,none,A_P018
A006,1440,54.60623888888889,54.363,2.258248741527756,49.848,62.945,51.14385,51.5865,53.154,56.446,57.7803,58.398,0.0048611111111111,0.0,0.0,0.0,0.0013888888888888,0.6409722222222223,3.2919999999999945,13.097,1.0,Main_Floor_A,Deployment_A,none,A_P019
A006,1440,55.47117847222223,55.6145,1.800705107268924,50.391,61.33,51.96595,52.989,54.272,56.967,57.587,57.826,0.0013888888888888,0.0,0.0,0.0,0.0,0.3916666666666666,2.6950000000000003,10.939,1.0,Main_Floor_A,Deployment_A,none,A_P020
A006,1411,62.421114812189934,61.424,8.353818404353055,50.207,80.75,52.503,52.902,55.0165,70.141,74.967,76.652,0.5322466335931963,0.3791637136782423,0.2636428065201984,0.0,0.0,0.2494684620836286,15.124500000000005,30.543,0.9798611111111112,Main_Floor_A,Deployment_A,none,A_P021
A006,1440,63.35091944444444,60.951,7.322599146027933,53.174,78.717,54.28025,55.6623,56.5665,70.03,73.95360000000001,75.34349999999999,0.5548611111111111,0.4111111111111111,0.2548611111111111,0.0,0.0,0.0520833333333333,13.463500000000003,25.543,1.0,Main_Floor_A,Deployment_A,none,A_P022
A006,1440,55.05107777777778,55.3965,2.752572650606166,49.457,75.767,50.75,51.087,53.512,56.66,57.9552,58.79355,0.0173611111111111,0.0069444444444444,0.0027777777777777,0.0,0.00625,0.4701388888888889,3.147999999999996,26.309999999999995,1.0,Main_Floor_A,Deployment_A,none,A_P023
A006,1440,55.51026041666666,54.8305,3.34559319116877,49.436,68.533,50.576,51.011,53.17125,58.4415,59.8721,60.663,0.0909722222222222,0.0020833333333333,0.0,0.0,0.0076388888888888,0.5180555555555556,5.270249999999997,19.097,1.0,Main_Floor_A,Deployment_A,none,A_P024
A006,1440,66.40374513888888,70.022,8.505292888785231,48.413,81.865,50.79235,51.8199,61.043,72.771,75.38610000000001,76.94205,0.7729166666666667,0.6305555555555555,0.5131944444444444,0.0,0.0180555555555555,0.1736111111111111,11.728000000000002,33.452,1.0,Main_Floor_A,Deployment_A,none,A_P025
A006,1440,62.15285138888889,60.852500000000006,9.492674164812732,48.418,82.319,50.2165,50.8899,53.391,71.43775,74.8049,76.935,0.51875,0.3958333333333333,0.3368055555555556,0.0,0.0458333333333333,0.3666666666666666,18.04675,33.901,1.0,Main_Floor_A,Deployment_A,none,A_P026
A006,1440,62.251579861111104,61.663,8.012826218824122,48.859,81.913,50.4237,51.6034,54.272,70.3105,72.33810000000001,74.8141,0.6076388888888888,0.3666666666666666,0.2715277777777777,0.0,0.0194444444444444,0.3111111111111111,16.038500000000006,33.053999999999995,1.0,Main_Floor_A,Deployment_A,none,A_P027
A006,1440,62.82692013888889,59.6795,9.59302449949037,49.055,83.848,52.3795,52.9118,53.728,70.604,77.5241,80.15455,0.4777777777777778,0.3854166666666667,0.3131944444444444,0.0,0.0152777777777777,0.3104166666666667,16.875999999999998,34.793,1.0,Main_Floor_A,Deployment_A,none,A_P028
A006,1440,61.41265763888889,59.0,7.790394807490705,49.736,80.293,51.89835,52.9443,55.054,70.1215,72.6155,74.5,0.4215277777777778,0.3243055555555555,0.2618055555555555,0.0,0.0006944444444444,0.2430555555555555,15.067499999999995,30.55700000000001,1.0,Main_Floor_A,Deployment_A,none,A_P029
A006,1440,54.35636597222222,54.239,2.67412217236345,49.125,68.652,50.6504,51.5209,52.402,55.6355,57.2283,58.7401,0.0333333333333333,0.0090277777777777,0.0,0.0,0.0194444444444444,0.6875,3.2335,19.527,1.0,Main_Floor_A,Deployment_A,none,A_P030
A006,805,55.77356770186336,55.457,3.5574347718783748,51.141,71.761,51.824,52.0584,53.957,57.044,58.4226,61.314599999999984,0.0608695652173913,0.0347826086956521,0.0298136645962732,0.0,0.0,0.4894409937888199,3.086999999999996,20.62,0.5590277777777778,Main_Floor_A,Deployment_A,none,A_P031
A007,560,56.27471607142857,51.462,7.325755679466325,49.228,72.154,49.757450000000006,50.0088,50.45425,63.8905,67.74040000000001,68.97085,0.3553571428571428,0.1696428571428571,0.0232142857142857,0.0,0.1,0.6339285714285714,13.43625,22.925999999999995,0.3888888888888889,Main_Floor_A,Deployment_A,none,A_P001
A007,1440,51.901470833333335,51.6095,2.084391047633451,47.707,65.044,49.162,49.511,50.25,53.35075,54.62,55.2973,0.0034722222222222,0.0006944444444444,0.0,0.0,0.1958333333333333,0.9319444444444444,3.100749999999998,17.336999999999996,1.0,Main_Floor_A,Deployment_A,none,A_P002
A007,1440,52.16460416666666,51.9345,2.814447765622409,47.663,66.554,48.57575,48.891,49.967,53.52475,55.46470000000001,56.88435,0.0222222222222222,0.0020833333333333,0.0,0.0,0.2513888888888889,0.8645833333333334,3.557749999999998,18.891000000000005,1.0,Main_Floor_A,Deployment_A,none,A_P003
A007,1440,62.031560416666665,66.623,8.041119784605296,47.935,77.407,48.8457,50.6686,54.29325,69.044,70.505,71.23345,0.5708333333333333,0.5354166666666667,0.1423611111111111,0.0,0.0930555555555555,0.2840277777777777,14.750749999999996,29.471999999999998,1.0,Main_Floor_A,Deployment_A,none,A_P004
A007,1440,62.61847708333334,68.143,9.15112722430954,48.879,77.363,49.6408,49.935,50.8695,69.703,71.2976,72.055,0.6402777777777777,0.6388888888888888,0.2201388888888888,0.0,0.1076388888888889,0.3583333333333333,18.8335,28.484,1.0,Main_Floor_A,Deployment_A,none,A_P005
A007,1440,61.07065486111112,63.9015,7.71591121019804,48.891,75.967,49.6738,50.4229,52.590250000000005,67.78275,69.6392,70.637,0.6020833333333333,0.4388888888888889,0.08125,0.0,0.0861111111111111,0.3756944444444444,15.192499999999988,27.076,1.0,Main_Floor_A,Deployment_A,none,A_P006
A007,1440,60.402769444444445,63.129,7.513161492557044,48.663,76.044,49.793,50.109,52.03025,66.68275,69.2753,70.50609999999999,0.5597222222222222,0.3847222222222222,0.0680555555555555,0.0,0.0840277777777777,0.3472222222222222,14.652499999999996,27.381,1.0,Main_Floor_A,Deployment_A,none,A_P007
A007,1440,51.43011875,51.511,2.1044296526838515,46.308,60.228,47.681,48.435,49.97725,52.902,53.8682,54.935,0.0006944444444444,0.0,0.0,0.0,0.2548611111111111,0.9548611111111112,2.924750000000003,13.920000000000002,1.0,Main_Floor_A,Deployment_A,low_attendance,A_P008
A007,1440,50.76150833333333,51.435,2.286855290905555,45.348,55.582,46.8678,47.391,48.84375,52.576,53.5225,53.88,0.0,0.0,0.0,0.0,0.3916666666666666,0.9979166666666668,3.732250000000001,10.234000000000002,1.0,Main_Floor_A,Deployment_A,low_attendance,A_P009
A007,1440,51.59359930555555,52.257000000000005,3.253033663390028,45.187,65.044,46.533,47.0209,48.55275,53.785,55.1991,56.3592,0.0111111111111111,0.0006944444444444,0.0,0.0,0.3354166666666666,0.8791666666666667,5.232249999999993,19.857,1.0,Main_Floor_A,Deployment_A,none,A_P010
A007,1440,60.8107625,65.374,7.711203006042534,45.196,74.198,46.94395,49.5221,53.62475,67.1045,68.6722,69.857,0.5902777777777778,0.5104166666666666,0.0451388888888888,0.0,0.1027777777777777,0.3583333333333333,13.479750000000005,29.001999999999995,1.0,Main_Floor_A,Deployment_A,none,A_P011
A007,1440,60.86647430555556,62.8535,6.674398242796081,49.554,78.264,51.728,52.174,53.0,66.58475,68.703,69.75855,0.6020833333333333,0.3604166666666666,0.0402777777777777,0.0,0.0020833333333333,0.3381944444444444,13.58475,28.709999999999997,1.0,Main_Floor_A,Deployment_A,none,A_P012
A007,1440,60.48250624999999,62.4375,6.913280758639289,48.769,74.408,50.14055,50.922,53.79675,66.23525000000001,69.2103,70.7922,0.5770833333333333,0.3270833333333333,0.0680555555555555,0.0,0.0333333333333333,0.3694444444444444,12.438500000000005,25.639000000000003,1.0,Main_Floor_A,Deployment_A,none,A_P013
A007,1440,60.98191180555556,62.093,7.095803763044824,47.739,78.022,49.1429,51.151900000000005,54.237,67.013,69.7672,71.0,0.5993055555555555,0.3583333333333333,0.0868055555555555,0.0,0.0722222222222222,0.2909722222222222,12.776000000000003,30.28300000000001,1.0,Main_Floor_A,Deployment_A,none,A_P014
A007,1440,60.19826875,62.535,7.808213945637229,47.652,77.143,48.9115,49.2197,51.53675,66.90375,69.33,70.65955000000001,0.5555555555555556,0.375,0.0756944444444444,0.0,0.1895833333333333,0.3291666666666666,15.367000000000004,29.491,1.0,Main_Floor_A,Deployment_A,broad_remote_work,A_P015
A007,1440,52.975858333333335,53.2185,1.7048837692066996,48.165,60.174,49.291,49.9868,52.5475,54.12,54.674,55.08755,0.0006944444444444,0.0,0.0,0.0,0.1020833333333333,0.9402777777777778,1.572499999999998,12.009,1.0,Main_Floor_A,Deployment_A,broad_remote_work,A_P016
A007,1440,53.733302083333335,53.8795,2.5231561304539776,48.408,65.187,49.81445,50.308,51.75,55.42175,56.5767,57.22855,0.0145833333333333,0.0006944444444444,0.0,0.0,0.0645833333333333,0.68125,3.671750000000003,16.778999999999996,1.0,Main_Floor_A,Deployment_A,none,A_P017
A007,1440,54.10115,54.339,2.5081113467839886,49.043,65.44,50.022,50.522,52.1175,56.207,56.7511,57.14345,0.0118055555555555,0.0006944444444444,0.0,0.0,0.0472222222222222,0.5479166666666667,4.089500000000001,16.397,1.0,Main_Floor_A,Deployment_A,none,A_P018
A007,1440,54.16232152777778,54.0205,2.23042433880988,50.67,67.538,51.3078,51.5642,52.121,56.098,56.967,57.46755,0.00625,0.0013888888888888,0.0,0.0,0.0,0.6090277777777777,3.9769999999999968,16.867999999999995,1.0,Main_Floor_A,Deployment_A,none,A_P019
A007,1440,54.42321388888889,54.582,2.4269108978270677,49.087,64.495,50.68335,51.457,52.60875,55.92,57.2101,58.3639,0.0222222222222222,0.0,0.0,0.0,0.0256944444444444,0.5743055555555555,3.311250000000001,15.408,1.0,Main_Floor_A,Deployment_A,none,A_P020
A007,1440,60.79824236111111,63.5245,6.283677911004037,50.674,75.011,51.4392,52.239,53.5475,66.011,67.8323,68.77875,0.5993055555555555,0.3395833333333333,0.0229166666666666,0.0,0.0,0.3298611111111111,12.463499999999996,24.337,1.0,Main_Floor_A,Deployment_A,none,A_P021
A007,1440,60.93147291666666,62.1255,6.909732444339514,51.0,75.283,52.5581,52.88,54.23475,67.5555,69.87,70.8906,0.5236111111111111,0.3875,0.0958333333333333,0.0,0.0,0.3833333333333333,13.320749999999997,24.283,1.0,Main_Floor_A,Deployment_A,none,A_P022
A007,1440,53.93673055555556,54.022000000000006,1.8828852524357016,50.315,66.78,51.228,51.4775,52.533,54.93525,56.045,56.8767,0.0104166666666666,0.0013888888888888,0.0,0.0,0.0,0.75625,2.402250000000002,16.465000000000003,1.0,Main_Floor_A,Deployment_A,none,A_P023
A007,1440,54.98558472222222,54.473,3.021634469921032,50.78,72.681,51.3888,51.692,52.663,56.567,59.703,60.1881,0.0680555555555555,0.0131944444444444,0.0006944444444444,0.0,0.0,0.5701388888888889,3.904000000000004,21.901,1.0,Main_Floor_A,Deployment_A,none,A_P024
A007,1440,61.47576388888889,64.783,6.888405674092513,51.319,75.543,52.010450000000006,52.4175,53.30125,67.15424999999999,69.2201,70.29355000000001,0.5770833333333333,0.4729166666666666,0.0590277777777777,0.0,0.0,0.3340277777777777,13.852999999999987,24.224000000000004,1.0,Main_Floor_A,Deployment_A,none,A_P025
A007,1440,61.80960625,63.948,6.914281489759278,50.533,76.043,51.72785,52.109,53.6275,67.52875,69.717,70.90525,0.6152777777777778,0.45625,0.0895833333333333,0.0,0.0,0.3090277777777778,13.901250000000005,25.510000000000005,1.0,Main_Floor_A,Deployment_A,none,A_P026
A007,1440,62.39633472222222,65.4735,6.896270538003263,50.574,74.75,51.94545,52.9119,54.3215,68.13275,69.8161,70.761,0.6298611111111111,0.5159722222222223,0.0861111111111111,0.0,0.0,0.2888888888888888,13.81125,24.176,1.0,Main_Floor_A,Deployment_A,none,A_P027
A007,1440,61.37734722222223,62.7675,6.198101950181441,50.413,75.141,52.826,53.141,54.0735,66.413,68.8712,70.11104999999999,0.6368055555555555,0.35,0.0555555555555555,0.0,0.0,0.3236111111111111,12.339499999999994,24.72800000000001,1.0,Main_Floor_A,Deployment_A,none,A_P028
A007,1440,61.66901388888889,62.076,5.4534832313774135,50.967,75.451,52.41135,53.967,57.084500000000006,65.95875000000001,68.5766,70.14345,0.5979166666666667,0.3111111111111111,0.0548611111111111,0.0,0.0,0.1451388888888889,8.874250000000004,24.483999999999995,1.0,Main_Floor_A,Deployment_A,none,A_P029
A007,1440,55.26055833333333,55.166,1.87695588699824,50.815,66.374,51.98845,52.4285,54.363,56.55175,57.5006,58.10905,0.0111111111111111,0.0006944444444444,0.0,0.0,0.0,0.4666666666666667,2.188749999999999,15.558999999999996,1.0,Main_Floor_A,Deployment_A,none,A_P030
A007,805,56.181108074534166,55.934,1.6757361141823903,53.879,63.772,54.1652,54.2974,54.648,57.396,58.3306,59.06079999999999,0.0248447204968944,0.0,0.0,0.0,0.0,0.3391304347826087,2.7479999999999976,9.893,0.5590277777777778,Main_Floor_A,Deployment_A,none,A_P031
A008,560,61.79388392857143,57.787,6.5696034010409,55.196,74.615,55.56475,55.696,56.391,69.209,71.62870000000001,72.31075,0.3767857142857143,0.3535714285714286,0.1821428571428571,0.0,0.0,0.0,12.818000000000003,19.419,0.3888888888888889,Main_Floor_A,Deployment_A,none,A_P001
A008,1440,57.16942986111111,56.902,1.4232078324477129,53.641,67.209,55.2629,55.587,56.176,58.054,59.109,59.59855,0.0340277777777777,0.0006944444444444,0.0,0.0,0.0,0.0243055555555555,1.878,13.568000000000003,1.0,Main_Floor_A,Deployment_A,none,A_P002
A008,1440,56.920976388888896,56.674,1.7334188027691846,52.495,69.549,54.6259,55.087,55.98625,57.5665,58.784,60.06824999999999,0.0520833333333333,0.0027777777777777,0.0,0.0,0.0,0.0881944444444444,1.5802499999999997,17.05400000000001,1.0,Main_Floor_A,Deployment_A,none,A_P003
A008,1440,64.94068680555556,68.781,8.083027322835267,51.681,79.571,54.263850000000005,54.728,56.31225,72.2645,73.903,74.5653,0.5743055555555555,0.5659722222222222,0.4548611111111111,0.0,0.0,0.1458333333333333,15.95225,27.89,1.0,Main_Floor_A,Deployment_A,none,A_P004
A008,1440,65.03532638888889,68.017,6.790489361475316,53.87,79.341,54.94595,55.6085,56.98625,70.341,71.89110000000001,73.26509999999999,0.6402777777777777,0.6402777777777777,0.2965277777777778,0.0,0.0,0.0583333333333333,13.354749999999996,25.471,1.0,Main_Floor_A,Deployment_A,none,A_P005
A008,1440,64.32629166666666,67.858,6.548583102481353,52.543,75.022,55.1165,55.6949,56.739,69.802,71.1122,72.19664999999999,0.6097222222222223,0.6027777777777777,0.2319444444444444,0.0,0.0,0.0416666666666666,13.06300000000001,22.479000000000006,1.0,Main_Floor_A,Deployment_A,none,A_P006
A008,1440,63.66530208333334,66.363,6.828081635505036,53.141,75.549,54.318250000000006,54.7178,55.63525,69.92575,71.46310000000001,72.2314,0.65,0.5208333333333334,0.2430555555555555,0.0,0.0,0.1409722222222222,14.290499999999994,22.40800000000001,1.0,Main_Floor_A,Deployment_A,none,A_P007
A008,1440,55.45242361111112,55.391,1.0841953715136727,53.054,61.165,53.812000000000005,54.1209,54.761,56.05725,56.7142,57.1441,0.0034722222222222,0.0,0.0,0.0,0.0,0.3375,1.2962500000000006,8.110999999999997,1.0,Main_Floor_A,Deployment_A,low_attendance,A_P008
A008,1440,55.59596041666667,55.663,0.947135473102142,52.824,58.88,53.95645,54.2839,54.95425,56.29575,56.783,57.00055,0.0,0.0,0.0,0.0,0.0,0.2708333333333333,1.3414999999999964,6.0560000000000045,1.0,Main_Floor_A,Deployment_A,low_attendance,A_P009
A008,1440,56.207388888888886,56.239,1.1508168293521357,52.791,64.489,54.304,54.739,55.511,56.913,57.4791,57.8955,0.0055555555555555,0.0,0.0,0.0,0.0,0.1479166666666666,1.401999999999994,11.698000000000008,1.0,Main_Floor_A,Deployment_A,none,A_P010
A008,1440,63.75866805555556,66.0485,5.578847442081798,53.538,76.368,55.32565,56.0926,57.804,68.50775,70.1232,70.901,0.6555555555555556,0.5305555555555556,0.1097222222222222,0.0,0.0,0.0284722222222222,10.70375,22.83,1.0,Main_Floor_A,Deployment_A,none,A_P011
A008,1440,63.58694027777778,64.6035,5.49264827696218,55.13,78.901,56.010450000000006,56.3406,57.23625,68.3135,70.033,70.96809999999999,0.6423611111111112,0.4604166666666666,0.1027777777777777,0.0,0.0,0.0,11.077250000000006,23.770999999999997,1.0,Main_Floor_A,Deployment_A,none,A_P012
A008,1440,65.27366458333334,69.32,7.842520566589729,53.379,77.374,54.81945,55.4454,56.56225,72.41900000000001,73.6832,74.363,0.5819444444444445,0.5770833333333333,0.4493055555555555,0.0,0.0,0.0652777777777777,15.856750000000012,23.995,1.0,Main_Floor_A,Deployment_A,none,A_P013
A008,1440,66.0288513888889,69.756,8.24012886891769,52.489,82.165,53.96595,54.6182,56.06575,73.275,74.32010000000001,75.099,0.6486111111111111,0.6472222222222223,0.4854166666666666,0.0,0.0,0.1416666666666666,17.209250000000004,29.67600000000001,1.0,Main_Floor_A,Deployment_A,none,A_P014
A008,1440,63.99345486111111,67.48400000000001,7.770222203500782,51.809,76.473,53.3698,53.685,55.066,70.912,72.84710000000001,73.80285,0.5951388888888889,0.5284722222222222,0.3631944444444444,0.0,0.0,0.2402777777777777,15.846000000000004,24.664,1.0,Main_Floor_A,Deployment_A,broad_remote_work,A_P015
A008,1440,57.00468958333333,57.341,1.370146307360828,52.011,64.163,54.118,54.8218,56.5205,57.793,58.284,58.56555,0.0083333333333333,0.0,0.0,0.0,0.0,0.1111111111111111,1.2725000000000009,12.151999999999994,1.0,Main_Floor_A,Deployment_A,broad_remote_work,A_P016
A008,1440,57.82884652777778,57.639,1.5451786462096555,54.739,69.87,55.924,56.187,56.79675,58.457,59.767500000000005,60.4441,0.0819444444444444,0.00625,0.0,0.0,0.0,0.0013888888888888,1.6602499999999978,15.131000000000007,1.0,Main_Floor_A,Deployment_A,none,A_P017
A008,1440,57.456381944444445,57.4485,1.030271325150009,54.772,66.626,56.010450000000006,56.261,56.793,57.989,58.4845,58.97855,0.0145833333333333,0.0006944444444444,0.0,0.0,0.0,0.0013888888888888,1.195999999999998,11.854000000000006,1.0,Main_Floor_A,Deployment_A,none,A_P018
A008,1440,57.46206458333334,57.4045,0.9569128179023648,54.912,64.413,56.12,56.3955,56.793,58.054,58.5876,58.978,0.0090277777777777,0.0,0.0,0.0,0.0,0.0013888888888888,1.2610000000000028,9.500999999999998,1.0,Main_Floor_A,Deployment_A,none,A_P019
A008,1440,57.24436875,57.131,1.3039633855695467,54.239,64.088,55.52675,55.8469,56.308,57.902,58.793,59.57125,0.0354166666666666,0.0,0.0,0.0,0.0,0.0097222222222222,1.5940000000000012,9.848999999999997,1.0,Main_Floor_A,Deployment_A,none,A_P020
A008,1440,64.08223958333333,67.477,6.168865636740564,54.826,79.0,56.228,56.4454,57.022,69.7215,70.85090000000001,71.50025,0.6118055555555556,0.5215277777777778,0.2152777777777778,0.0,0.0,0.0006944444444444,12.699500000000008,24.174,1.0,Main_Floor_A,Deployment_A,none,A_P021
A008,1440,64.46058124999999,67.272,7.107913042103326,54.857,76.945,56.02145,56.2869,57.0515,71.315,72.7912,73.577,0.5395833333333333,0.5215277777777778,0.3763888888888889,0.0,0.0,0.0020833333333333,14.263499999999992,22.087999999999997,1.0,Main_Floor_A,Deployment_A,none,A_P022
A008,1440,56.45695208333333,56.3855,1.3838913932283157,52.129,68.978,54.53745,54.900000000000006,55.50825,57.24275,57.8964,58.48955,0.0145833333333333,0.0006944444444444,0.0,0.0,0.0,0.11875,1.734499999999997,16.848999999999997,1.0,Main_Floor_A,Deployment_A,none,A_P023
A008,1440,56.614413194444445,56.1525,2.552600535162523,51.742,70.648,53.61955,53.9989,55.18225,57.20025,60.467,61.054,0.1194444444444444,0.0173611111111111,0.0020833333333333,0.0,0.0,0.2201388888888888,2.0179999999999936,18.906,1.0,Main_Floor_A,Deployment_A,none,A_P024
A008,1440,64.01686458333333,67.8305,6.891554178424329,54.527,75.253,55.304,55.543,56.076,70.304,71.511,72.07669999999999,0.5805555555555556,0.5416666666666666,0.2986111111111111,0.0,0.0,0.0215277777777777,14.228000000000002,20.726,1.0,Main_Floor_A,Deployment_A,none,A_P025
A008,1440,65.56021944444444,68.9185,7.21879610970981,54.505,78.087,55.51575,56.0319,56.76925,72.05425,73.4845,74.3702,0.6715277777777777,0.5361111111111111,0.4409722222222222,0.0,0.0,0.0138888888888888,15.284999999999997,23.582,1.0,Main_Floor_A,Deployment_A,none,A_P026
A008,1440,65.44309097222222,66.88550000000001,6.768041740829963,55.048,78.152,56.06445,56.337,58.6275,71.89025000000001,73.24010000000001,73.93455,0.6541666666666667,0.5354166666666667,0.4159722222222222,0.0,0.0,0.0,13.262750000000011,23.104,1.0,Main_Floor_A,Deployment_A,none,A_P027
A008,1440,64.45148958333334,67.5335,6.6750138002915085,52.457,77.363,55.64045,56.088,56.745,70.543,71.9074,72.69704999999999,0.6194444444444445,0.5618055555555556,0.3118055555555555,0.0,0.0,0.0284722222222222,13.798000000000007,24.906,1.0,Main_Floor_A,Deployment_A,none,A_P028
A008,1440,64.84851041666667,66.623,5.756532457286097,54.967,75.62,56.24985,57.174,58.9155,69.957,71.659,72.4901,0.7145833333333333,0.5541666666666667,0.2472222222222222,0.0,0.0,0.0006944444444444,11.041499999999992,20.65300000000001,1.0,Main_Floor_A,Deployment_A,none,A_P029
A008,1440,57.43482152777778,57.143,1.242227980923675,54.783,66.174,55.7713,56.1428,56.685,58.04325,59.0341,59.67435,0.0375,0.0006944444444444,0.0,0.0,0.0,0.0041666666666666,1.3582499999999982,11.391000000000004,1.0,Main_Floor_A,Deployment_A,none,A_P030
A008,805,57.68434906832298,57.489,1.100693199100928,55.837,65.652,56.3744,56.54,56.923,58.293,58.9106,59.4264,0.0273291925465838,0.0012422360248447,0.0,0.0,0.0,0.0,1.3699999999999974,9.814999999999998,0.5590277777777778,Main_Floor_A,Deployment_A,none,A_P031
A009,560,61.33242857142858,58.947,4.821946973726417,56.033,74.087,56.65735,56.824,57.29425,64.71,69.2453,70.66929999999999,0.3982142857142857,0.2464285714285714,0.0696428571428571,0.0,0.0,0.0,7.415749999999996,18.054,0.3888888888888889,Main_Floor_A,Deployment_A,none,A_P001
A009,1440,57.9805875,57.407,1.9401370725550064,54.538,67.253,55.659,56.022,56.51325,59.681,60.692,61.26565,0.2256944444444444,0.0027777777777777,0.0,0.0,0.0,0.0069444444444444,3.167749999999998,12.715000000000003,1.0,Main_Floor_A,Deployment_A,none,A_P002
A009,1440,57.51813055555555,57.132,2.0237265764054446,53.691,68.835,54.868,55.187,56.11825,58.68425,60.231,61.12915,0.1229166666666666,0.0041666666666666,0.0,0.0,0.0,0.0680555555555555,2.5659999999999954,15.143999999999991,1.0,Main_Floor_A,Deployment_A,none,A_P003
A009,1440,65.26673541666666,66.891,6.567771335728031,54.056,83.44,55.230250000000005,56.3512,59.590250000000005,71.00274999999999,73.2211,74.352,0.7229166666666667,0.5402777777777777,0.3270833333333333,0.0,0.0,0.0340277777777777,11.412499999999987,29.384,1.0,Main_Floor_A,Deployment_A,none,A_P004
A009,1440,65.46271319444445,67.7525,6.050454623397449,55.582,78.791,56.96645,57.3399,58.527,69.901,72.62930000000001,74.43715,0.6493055555555556,0.6166666666666667,0.2451388888888888,0.0,0.0,0.0,11.373999999999995,23.209,1.0,Main_Floor_A,Deployment_A,none,A_P005
A009,1440,64.61523958333333,65.38,5.752747974253454,55.14,78.714,56.571,56.857,58.95325,69.593,71.6722,73.088,0.6416666666666667,0.5375,0.21875,0.0,0.0,0.0,10.63975,23.574,1.0,Main_Floor_A,Deployment_A,none,A_P006
A009,1440,64.51855347222222,64.6805,6.057861571309831,55.6,77.253,56.83445,57.077,57.89,70.25375,72.4623,73.58309999999999,0.6590277777777778,0.4833333333333333,0.2680555555555555,0.0,0.0,0.0,12.363749999999996,21.653,1.0,Main_Floor_A,Deployment_A,none,A_P007
A009,1440,57.45578472222223,57.4245,0.9473171411902994,54.747,61.813,55.89,56.2739,56.851,58.05775,58.626,58.978,0.0076388888888888,0.0,0.0,0.0,0.0,0.0048611111111111,1.2067499999999995,7.0660000000000025,1.0,Main_Floor_A,Deployment_A,low_attendance,A_P008
A009,1440,57.24590486111112,57.187,0.8055839115047503,55.231,62.187,56.09845,56.297,56.648,57.758,58.286,58.6484,0.0034722222222222,0.0,0.0,0.0,0.0,0.0,1.1099999999999994,6.955999999999996,1.0,Main_Floor_A,Deployment_A,low_attendance,A_P009
A009,1440,58.12539861111111,58.175,1.1775031678736527,54.571,64.352,56.22,56.604,57.30225,58.945,59.451,59.879,0.0451388888888888,0.0,0.0,0.0,0.0,0.0034722222222222,1.6427499999999997,9.781000000000006,1.0,Main_Floor_A,Deployment_A,none,A_P010
A009,1440,65.51994027777778,68.1585,6.194082205758295,55.253,79.023,56.538,57.0627,58.16225,70.91475,72.57650000000001,73.63374999999999,0.6819444444444445,0.5666666666666667,0.3180555555555555,0.0,0.0,0.0,12.752499999999998,23.77,1.0,Main_Floor_A,Deployment_A,none,A_P011
A009,1440,64.78969027777778,65.593,5.731798868309774,54.879,78.022,56.956,57.385,58.26125,69.901,71.7014,72.7821,0.6548611111111111,0.5479166666666667,0.2388888888888889,0.0,0.0,0.0006944444444444,11.639749999999992,23.143000000000008,1.0,Main_Floor_A,Deployment_A,none,A_P012
A009,1440,63.84987708333334,65.249,6.693786740129786,54.516,78.978,55.462,55.769,56.54625,69.648,72.08990000000001,73.72774999999999,0.6013888888888889,0.5208333333333334,0.2243055555555555,0.0,0.0,0.0090277777777777,13.101749999999996,24.462,1.0,Main_Floor_A,Deployment_A,none,A_P013
A009,1440,64.8984,66.5435,6.775351720807808,54.78,85.187,55.71385,56.088,57.10725,70.615,73.0771,74.5435,0.65,0.5534722222222223,0.29375,0.0,0.0,0.0048611111111111,13.507749999999994,30.407,1.0,Main_Floor_A,Deployment_A,none,A_P014
A009,1440,63.892660416666665,64.9725,6.81971285443286,53.013,77.505,55.010450000000006,55.363,56.48125,70.13475,72.802,73.703,0.6034722222222222,0.4993055555555555,0.25625,0.0,0.0,0.05,13.653499999999994,24.492,1.0,Main_Floor_A,Deployment_A,broad_remote_work,A_P015
A009,1440,57.71839722222222,57.484,1.5988233874680131,53.264,65.681,55.0985,55.504000000000005,56.94075,59.0,59.7333,60.13205,0.0645833333333333,0.0006944444444444,0.0,0.0,0.0,0.04375,2.059250000000006,12.416999999999994,1.0,Main_Floor_A,Deployment_A,broad_remote_work,A_P016
A009,1440,58.45848819444444,58.1145,1.8199591985054615,54.945,69.316,56.09845,56.484,57.165,59.692,60.67,61.38555,0.1951388888888889,0.00625,0.0,0.0,0.0,0.0006944444444444,2.527000000000001,14.371000000000002,1.0,Main_Floor_A,Deployment_A,none,A_P017
A009,1440,57.921259722222224,57.956,1.041462296811684,55.088,66.264,56.3509,56.78,57.27725,58.45225,58.8701,59.363,0.0277777777777777,0.0006944444444444,0.0,0.0,0.0,0.0,1.1750000000000045,11.175999999999997,1.0,Main_Floor_A,Deployment_A,none,A_P018
A009,1440,57.95538194444445,57.804,0.9216522281721058,56.143,65.549,56.802,56.978,57.33,58.44,59.033,59.484,0.0243055555555555,0.0013888888888888,0.0,0.0,0.0,0.0,1.1099999999999994,9.406000000000006,1.0,Main_Floor_A,Deployment_A,none,A_P019
A009,1440,57.891495138888885,57.593,1.1090212069669478,55.878,66.297,56.6199,56.802,57.14525,58.5,59.121,59.73819999999999,0.0402777777777777,0.0020833333333333,0.0,0.0,0.0,0.0,1.3547499999999957,10.418999999999995,1.0,Main_Floor_A,Deployment_A,none,A_P020
A009,1440,64.3369173611111,66.065,5.369069955888105,56.011,83.054,57.02145,57.348,58.087,68.84525000000001,70.8251,71.71175,0.6652777777777777,0.5298611111111111,0.1506944444444444,0.0,0.0,0.0,10.758250000000004,27.043,1.0,Main_Floor_A,Deployment_A,none,A_P021
A009,1440,64.57730833333333,65.3565,6.2474513931465845,55.956,78.576,56.989,57.4148,58.296,70.33975000000001,72.6173,74.22964999999999,0.5833333333333334,0.5111111111111111,0.2784722222222222,0.0,0.0,0.0,12.04375000000001,22.61999999999999,1.0,Main_Floor_A,Deployment_A,none,A_P022
A009,1440,57.56399444444445,57.38,1.5106516245496222,54.185,72.11,55.7133,56.042,56.62,58.026250000000005,59.496,59.98955,0.05,0.0048611111111111,0.0006944444444444,0.0,0.0,0.00625,1.406250000000007,17.924999999999997,1.0,Main_Floor_A,Deployment_A,none,A_P023
A009,1440,58.298363888888886,58.0165,2.287599812063829,54.304,71.457,55.36265,55.7063,57.03025,59.011,61.457,62.0126,0.1493055555555555,0.01875,0.0020833333333333,0.0,0.0,0.0215277777777777,1.9807500000000005,17.15299999999999,1.0,Main_Floor_A,Deployment_A,none,A_P024
A009,424,62.73504009433962,65.049,4.65250400622498,56.87,73.516,57.3189,57.4965,57.97525,66.1575,68.0444,69.96704999999999,0.5471698113207547,0.5023584905660378,0.0518867924528301,0.0,0.0,0.0,8.182249999999996,16.646000000000008,0.2944444444444444,Main_Floor_A,Deployment_A,none,A_P025
A009,1028,66.78149416342413,68.53550000000001,6.394461611111069,56.511,80.065,57.359,57.5855,59.22875,72.022,74.0129,75.47245,0.7422178988326849,0.6527237354085603,0.4163424124513619,0.0,0.0,0.0,12.793250000000008,23.553999999999995,0.7138888888888889,Main_Floor_A,Deployment_A,none,A_P026
A009,1440,65.50536944444444,66.255,5.090077983967824,54.889,76.978,57.52145,57.88,61.1425,69.736,71.663,72.82979999999999,0.7951388888888888,0.5548611111111111,0.23125,0.0,0.0,0.0006944444444444,8.593500000000006,22.08899999999999,1.0,Main_Floor_A,Deployment_A,none,A_P027
A009,775,66.78104516129032,67.088,5.19851549067071,57.402,78.435,58.38,58.711,63.3895,70.902,72.7676,73.92259999999999,0.7896774193548387,0.743225806451613,0.3406451612903226,0.0,0.0,0.0,7.512500000000003,21.033,0.5381944444444444,Main_Floor_A,Deployment_A,none,A_P028
A009,678,63.644733038348086,62.721,5.639036002277118,55.467,77.582,56.2155,56.522,57.8665,68.35725,71.7301,72.9923,0.696165191740413,0.3628318584070796,0.1755162241887905,0.0,0.0,0.0,10.490749999999991,22.114999999999995,0.4708333333333333,Main_Floor_A,Deployment_A,none,A_P029
A009,1440,58.26782222222222,57.8915,1.6413948441466446,54.935,67.674,56.39575,56.63,57.13,58.9095,60.554,61.26155,0.1666666666666666,0.0027777777777777,0.0,0.0,0.0,0.0006944444444444,1.7794999999999987,12.739000000000004,1.0,Main_Floor_A,Deployment_A,none,A_P030
A009,805,58.67921366459628,58.641,1.2603206065938484,56.098,65.593,56.959,57.3166,57.75,59.315,60.0784,60.6238,0.115527950310559,0.0037267080745341,0.0,0.0,0.0,0.0,1.5649999999999975,9.495000000000005,0.5590277777777778,Main_Floor_A,Deployment_A,none,A_P031
A010,285,53.64501403508772,48.739,6.8332416935196925,46.917,68.25,47.18,47.273,47.637,59.857,63.4784,64.9428,0.2456140350877192,0.0526315789473684,0.0,0.0,0.543859649122807,0.5824561403508772,12.22,21.333,0.1979166666666666,Main_Floor_B,Deployment_A,none,A_P001
A010,867,51.94491464821223,48.857,5.103326067038763,46.0,64.867,46.5,46.7702,47.3495,56.9145,58.5158,59.5497,0.0380622837370242,0.0,0.0,0.0,0.5455594002306805,0.5640138408304498,9.565000000000005,18.867000000000004,0.6020833333333333,Main_Floor_B,Deployment_A,none,A_P002
A010,635,50.85088031496064,48.186,5.389840667787744,46.0,65.7,46.2419,46.3682,46.789,54.733,59.8266,60.472,0.0881889763779527,0.0015748031496062,0.0,0.0,0.6771653543307087,0.7496062992125985,7.944000000000003,19.700000000000003,0.4409722222222222,Main_Floor_B,Deployment_A,none,A_P003
A010,337,59.99485459940653,60.13,6.331685453194933,46.0,70.944,46.526,48.0182,58.125,64.892,66.6898,67.6572,0.5044510385756676,0.2403560830860534,0.0207715133531157,0.0,0.1335311572700296,0.1572700296735905,6.766999999999996,24.944000000000003,0.2340277777777777,Main_Floor_B,Deployment_A,none,A_P004
A010,455,58.38190989010989,61.15,8.335880134143304,46.0,70.889,46.8558,47.0,48.924,65.8395,67.5436,68.333,0.5406593406593406,0.3318681318681318,0.0109890109890109,0.0,0.356043956043956,0.3648351648351648,16.9155,24.889,0.3159722222222222,Main_Floor_B,Deployment_A,none,A_P005
A010,632,57.85349367088608,60.807,8.164796810719796,46.667,71.333,46.9112,47.1005,48.7815,65.21724999999999,67.1364,68.27385,0.5110759493670886,0.2816455696202531,0.0094936708860759,0.0,0.360759493670886,0.3939873417721519,16.43575,24.666,0.4388888888888889,Main_Floor_B,Deployment_A,none,A_P006
A010,411,60.50593187347931,62.712,6.200247617811461,47.792,70.294,48.096,51.257,57.52,65.235,67.048,67.7915,0.6399026763990268,0.2725060827250608,0.0024330900243309,0.0,0.0924574209245742,0.2311435523114355,7.714999999999996,22.501999999999995,0.2854166666666666,Main_Floor_B,Deployment_A,none,A_P007
A010,686,52.046291545189504,51.932500000000005,1.4999212435241878,50.0,56.773,50.04125,50.119,50.692,53.16425,54.0795,54.615750000000006,0.0,0.0,0.0,0.0,0.0335276967930029,0.9752186588921284,2.4722500000000025,6.773000000000003,0.4763888888888888,Main_Floor_B,Deployment_A,low_attendance,A_P008
A010,626,54.8390607028754,58.0,3.989905294453653,49.987,64.561,50.01825,50.099,50.63125,58.65875,58.989,59.028,0.0095846645367412,0.0,0.0,0.0,0.0431309904153354,0.4824281150159744,8.027499999999996,14.574000000000003,0.4347222222222222,Main_Floor_B,Deployment_A,low_attendance,A_P009
A010,626,51.22376837060703,51.693,1.776771720357447,47.949,58.5,48.3125,48.553,49.36125,52.6295,53.068,53.53375,0.0,0.0,0.0,0.0,0.3035143769968051,0.9984025559105432,3.268250000000002,10.551000000000002,0.4347222222222222,Main_Floor_B,Deployment_A,none,A_P010
A010,582,59.775170103092776,60.171,6.585469567048317,47.286,78.667,48.667,49.0371,57.385,65.02875,67.4984,69.0,0.5085910652920962,0.2594501718213058,0.0274914089347079,0.0,0.190721649484536,0.1993127147766323,7.643750000000004,31.381,0.4041666666666667,Main_Floor_B,Deployment_A,none,A_P011
A010,584,57.3442551369863,58.0,6.769076204100561,46.0,72.0,47.65595,48.0876,50.32775,63.37625,65.8781,67.4652,0.3818493150684932,0.1660958904109589,0.0051369863013698,0.0,0.2465753424657534,0.4332191780821918,13.048500000000004,26.0,0.4055555555555555,Main_Floor_B,Deployment_A,none,A_P012
A010,405,58.93153333333333,61.818,7.588426856433784,46.667,71.814,46.9318,47.0242,48.77,64.737,66.96900000000001,68.064,0.5777777777777777,0.2345679012345679,0.0123456790123456,0.0,0.2518518518518518,0.2962962962962963,15.966999999999992,25.14699999999999,0.28125,Main_Floor_B,Deployment_A,none,A_P013
A010,381,57.84918897637795,58.905,7.162241213914773,46.333,71.111,48.036,48.148,51.481,64.333,67.36,68.311,0.4540682414698163,0.2257217847769028,0.0131233595800524,0.0,0.1706036745406824,0.4199475065616798,12.851999999999997,24.77800000000001,0.2645833333333333,Main_Floor_B,Deployment_A,none,A_P014
A010,470,56.4832659574468,57.8625,8.587116955483623,46.0,74.0,46.3883,46.6918,47.68625,64.738,67.0,68.29445,0.4893617021276595,0.225531914893617,0.0191489361702127,0.0,0.4531914893617021,0.4702127659574468,17.05175,28.0,0.3263888888888889,Main_Floor_B,Deployment_A,broad_remote_work,A_P015
A010,571,51.450197898423816,49.735,4.009263170839271,47.0,63.55,47.65,47.957,48.7565,53.231,58.211,59.0,0.0070052539404553,0.0,0.0,0.0,0.6112084063047285,0.7600700525394045,4.474499999999999,16.549999999999997,0.3965277777777777,Main_Floor_B,Deployment_A,broad_remote_work,A_P016
A010,672,53.924763392857145,56.6095,4.095387749499121,46.757,61.615,47.12565,48.125,49.0295,56.90725,57.4988,58.21575,0.0014880952380952,0.0,0.0,0.0,0.3110119047619047,0.3794642857142857,7.877749999999999,14.858000000000004,0.4666666666666667,Main_Floor_B,Deployment_A,none,A_P017
A010,798,49.83052882205514,49.0,2.5997009891852425,46.0,60.656,46.9737,47.083,47.756,51.4,53.44800000000001,54.81229999999999,0.0037593984962406,0.0,0.0,0.0,0.6152882205513784,0.9536340852130326,3.6439999999999984,14.656,0.5541666666666667,Main_Floor_B,Deployment_A,none,A_P018
A010,351,49.8780227920228,49.486,2.9605989441412763,46.417,57.9,46.776,46.882,47.129000000000005,51.453,54.655,55.635,0.0,0.0,0.0,0.0,0.5413105413105413,0.9145299145299144,4.323999999999998,11.482999999999995,0.24375,Main_Floor_B,Deployment_A,none,A_P019
A010,226,50.44543362831858,51.081,2.334862389953567,47.0,56.125,47.193250000000006,47.375,47.9485,52.29175,53.3015,53.88875,0.0,0.0,0.0,0.0,0.4380530973451327,0.986725663716814,4.343249999999998,9.125,0.1569444444444444,Main_Floor_B,Deployment_A,none,A_P020
A010,401,59.03756857855361,60.138,7.128080536926486,47.0,73.111,48.13,48.269,49.095,64.967,66.462,67.6,0.5211970074812967,0.2468827930174563,0.0124688279301745,0.0,0.2718204488778055,0.2768079800498753,15.872,26.111000000000004,0.2784722222222222,Main_Floor_B,Deployment_A,none,A_P021
A010,342,56.94180409356726,53.306,8.807918080268573,46.763,72.0,47.0,47.3719,48.267,65.9915,67.9798,68.5358,0.47953216374269,0.3245614035087719,0.0087719298245614,0.0,0.4473684210526316,0.5146198830409356,17.7245,25.237,0.2375,Main_Floor_B,Deployment_A,none,A_P022
A010,349,53.51212607449857,57.0,4.995785626909612,46.6,64.0,46.8398,46.946000000000005,47.8,57.878,58.8344,59.2116,0.0171919770773638,0.0,0.0,0.0,0.3610315186246418,0.4699140401146132,10.078000000000005,17.4,0.2423611111111111,Main_Floor_B,Deployment_A,none,A_P023
A010,358,50.66586033519553,50.593500000000006,2.0251852583354406,47.61,59.75,48.1862,48.3832,48.72325,51.966750000000005,53.2033,53.7524,0.0,0.0,0.0,0.0,0.4078212290502793,0.9720670391061452,3.2435000000000045,12.14,0.2486111111111111,Main_Floor_B,Deployment_A,none,A_P024
A010,383,58.96528459530027,61.75,8.215355658888997,48.0,73.692,48.2782,48.5,50.1235,66.344,68.33699999999999,69.6538,0.556135770234987,0.3733681462140992,0.0443864229765013,0.0,0.2088772845953002,0.4308093994778068,16.220499999999994,25.691999999999997,0.2659722222222222,Main_Floor_B,Deployment_A,none,A_P025
A010,486,60.35187860082304,61.0,6.278873389955218,47.0,71.2,48.27075000000001,49.0,58.95,65.1505,67.013,68.2575,0.5946502057613169,0.2654320987654321,0.0123456790123456,0.0,0.1275720164609053,0.2016460905349794,6.200499999999991,24.200000000000003,0.3375,Main_Floor_B,Deployment_A,none,A_P026
A010,452,59.27888938053098,60.333,6.915289021712076,47.095,72.0,47.74365,48.5364,52.7905,65.0565,67.249,68.22345,0.5176991150442478,0.2566371681415929,0.0088495575221238,0.0,0.1349557522123893,0.3207964601769911,12.265999999999998,24.905,0.3138888888888889,Main_Floor_B,Deployment_A,none,A_P027
A010,358,58.89214525139665,60.9865,7.232770226912613,47.939,75.429,48.6816,49.0,52.06025,64.94975,67.41239999999999,69.21165,0.5279329608938548,0.2486033519553072,0.0363128491620111,0.0,0.1731843575418994,0.3938547486033519,12.889499999999998,27.49,0.2486111111111111,Main_Floor_B,Deployment_A,none,A_P028
A010,433,58.35574133949192,61.11,7.295368793674353,47.526,76.8,48.1544,48.3848,49.524,64.222,67.1532,68.342,0.535796766743649,0.2170900692840646,0.0161662817551963,0.0,0.2748267898383372,0.3441108545034642,14.697999999999992,29.273999999999997,0.3006944444444444,Main_Floor_B,Deployment_A,none,A_P029
A010,452,53.22295796460177,52.0995,4.388208777047463,47.75,63.387,48.12575,48.326,49.58825,57.0,59.9009,60.3942,0.0884955752212389,0.0,0.0,0.0,0.3230088495575221,0.668141592920354,7.411749999999998,15.637,0.3138888888888889,Main_Floor_B,Deployment_A,none,A_P030
A010,205,54.25481951219512,52.786,3.735828146844386,49.607,68.077,49.9138,50.0758,51.25,58.422,58.9572,59.3808,0.0195121951219512,0.0048780487804878,0.0,0.0,0.0926829268292682,0.6487804878048781,7.171999999999997,18.47,0.1423611111111111,Main_Floor_B,Deployment_A,none,A_P031
A011,560,51.40786785714285,48.3245,5.026581143248627,46.391,68.55,47.196,47.315,47.522,54.326,58.5054,63.0825,0.0875,0.0142857142857142,0.0,0.0,0.5857142857142857,0.8178571428571428,6.804000000000002,22.159,0.3888888888888889,Main_Floor_B,Deployment_A,none,A_P001
A011,1440,50.00903958333334,48.366,3.132921863291489,45.989,60.473,46.391,46.538,47.217,52.8465,54.065,54.49635,0.0006944444444444,0.0,0.0,0.0,0.5388888888888889,0.9729166666666668,5.6295,14.484000000000002,1.0,Main_Floor_B,Deployment_A,none,A_P002
A011,1440,49.97781527777778,48.088,3.5590372032840385,45.815,61.56,46.163,46.304,47.08675,53.37,54.522,55.402,0.0090277777777777,0.0,0.0,0.0,0.5701388888888889,0.9326388888888888,6.283249999999995,15.745000000000005,1.0,Main_Floor_B,Deployment_A,none,A_P003
A011,343,52.7108804664723,48.256,6.165578192723073,46.272,61.598,46.4492,46.516,46.717,58.4945,60.6774,60.9736,0.1836734693877551,0.0,0.0,0.0,0.521865889212828,0.521865889212828,11.777500000000003,15.326,0.2381944444444444,Main_Floor_B,Deployment_A,none,A_P004
A011,1109,59.34270604147881,61.242,6.50377930577878,46.261,72.0,47.1472,49.9978,50.641,64.264,66.198,67.2354,0.5996393146979261,0.1821460775473399,0.0027051397655545,0.0,0.102795311091073,0.2660054102795311,13.622999999999998,25.739,0.7701388888888889,Main_Floor_B,Deployment_A,none,A_P005
A011,1440,57.57459513888889,58.9725,6.491826258154477,46.207,69.89,46.5487,47.2489,52.74725,63.209,65.11110000000001,66.19855,0.4597222222222222,0.1111111111111111,0.0,0.0,0.1708333333333333,0.3743055555555555,10.461750000000002,23.683,1.0,Main_Floor_B,Deployment_A,none,A_P006
A011,1440,57.67405972222222,59.0765,6.490593699487769,47.293,70.297,47.663,48.207,50.31225,63.14625,65.2662,66.3641,0.475,0.1173611111111111,0.0006944444444444,0.0,0.2256944444444444,0.3506944444444444,12.834000000000003,23.004,1.0,Main_Floor_B,Deployment_A,none,A_P007
A011,1440,53.10039722222222,49.412,5.367737819220708,47.198,67.0,47.576,47.913,48.38,57.9725,60.6381,61.80255,0.1284722222222222,0.0097222222222222,0.0,0.0,0.5458333333333333,0.5576388888888889,9.592499999999994,19.802,1.0,Main_Floor_B,Deployment_A,low_attendance,A_P008
A011,1440,52.91565277777777,54.978,5.187936256287028,47.163,67.407,47.42995,47.543,47.868,57.04325,60.4191,61.59355,0.1152777777777777,0.0006944444444444,0.0,0.0,0.4861111111111111,0.5104166666666666,9.175249999999998,20.244,1.0,Main_Floor_B,Deployment_A,low_attendance,A_P009
A011,1440,51.78263472222223,52.9295,3.808350616507304,46.413,65.363,46.84745,47.108,47.793,54.61175,56.6747,57.783,0.0131944444444444,0.0006944444444444,0.0,0.0,0.3993055555555556,0.8097222222222222,6.818750000000001,18.950000000000003,1.0,Main_Floor_B,Deployment_A,none,A_P010
A011,1440,58.88101041666667,59.967,6.151554732933372,46.38,73.473,46.8779,47.5744,54.26325,63.68375,65.9791,67.549,0.4979166666666667,0.1465277777777777,0.00625,0.0,0.1236111111111111,0.2701388888888889,9.420499999999995,27.093,1.0,Main_Floor_B,Deployment_A,none,A_P011
A011,1440,59.44722847222223,59.9015,5.247001744987898,46.429,72.154,52.40675,52.6509,55.14925,63.6645,65.912,67.275,0.4972222222222222,0.1506944444444444,0.0041666666666666,0.0,0.0361111111111111,0.225,8.515249999999995,25.724999999999994,1.0,Main_Floor_B,Deployment_A,none,A_P012
A011,1440,58.735320833333326,60.286,6.278045678156703,46.326,72.505,46.63,46.9339,54.781,63.37675,65.6502,67.0236,0.525,0.1381944444444444,0.0069444444444444,0.0,0.1375,0.2673611111111111,8.595750000000002,26.178999999999995,1.0,Main_Floor_B,Deployment_A,none,A_P013
A011,1440,58.40945625,60.650000000000006,6.316097337954666,46.495,71.143,47.098,49.8579,52.57325,63.2475,65.78330000000001,67.07755,0.5277777777777778,0.1340277777777777,0.0041666666666666,0.0,0.1173611111111111,0.3534722222222222,10.67425,24.648000000000003,1.0,Main_Floor_B,Deployment_A,none,A_P014
A011,1440,56.76783611111111,60.154,7.714377417373391,46.38,72.0,46.7576,47.022,47.59675,63.72775,65.795,67.16510000000001,0.5090277777777777,0.1520833333333333,0.0020833333333333,0.0,0.3361111111111111,0.4333333333333333,16.131,25.62,1.0,Main_Floor_B,Deployment_A,broad_remote_work,A_P015
A011,1440,50.80563819444445,50.027,3.689058484503118,46.289,62.011,46.79585,47.033,48.14875,52.2295,57.21660000000001,57.6632,0.0013888888888888,0.0,0.0,0.0,0.4986111111111111,0.7611111111111111,4.080750000000002,15.722,1.0,Main_Floor_B,Deployment_A,broad_remote_work,A_P016
A011,1440,49.97816944444445,49.728,2.27769203264865,46.463,58.362,46.868,47.1978,48.248,50.77475,54.132,54.67435,0.0,0.0,0.0,0.0,0.6125,0.9763888888888888,2.52675,11.899,1.0,Main_Floor_B,Deployment_A,none,A_P017
A011,1440,49.997759027777775,48.674,2.9843740593842565,46.315,63.516,46.793,46.956,47.538,53.0,54.022,54.83745,0.0041666666666666,0.0,0.0,0.0,0.6256944444444444,0.9590277777777778,5.462000000000003,17.201,1.0,Main_Floor_B,Deployment_A,none,A_P018
A011,1440,50.21680902777778,50.304,2.865937512198033,46.418,64.033,46.935,47.087900000000005,47.429,52.272,53.8159,55.022,0.0027777777777777,0.0,0.0,0.0,0.475,0.9493055555555556,4.842999999999996,17.615000000000002,1.0,Main_Floor_B,Deployment_A,none,A_P019
A011,1440,50.0720875,49.858,3.001792074308874,46.859,61.176,47.088,47.176,47.424,51.3865,53.0011,57.6419,0.0027777777777777,0.0,0.0,0.0,0.5208333333333334,0.9194444444444444,3.962499999999999,14.317,1.0,Main_Floor_B,Deployment_A,none,A_P020
A011,1440,55.672614583333335,57.554,6.201683212698757,46.891,70.391,47.239,47.7928,48.196,61.059250000000006,63.076,64.0011,0.3284722222222222,0.0284722222222222,0.0006944444444444,0.0,0.3333333333333333,0.4166666666666667,12.863250000000008,23.500000000000007,1.0,Main_Floor_B,Deployment_A,none,A_P021
A011,133,48.10588721804511,48.109,0.1872899491768238,47.696,48.923,47.7922,47.8482,48.011,48.217,48.326,48.3784,0.0,0.0,0.0,0.0,1.0,1.0,0.2059999999999959,1.227000000000004,0.0923611111111111,Main_Floor_B,Deployment_A,none,A_P022
A011,1319,52.20005534495831,52.442,4.36884385026308,46.617,65.261,46.9679,47.152,48.283,55.4975,58.0818,60.5236,0.0659590598938589,0.0007581501137225,0.0,0.0,0.4746019711902957,0.6853677028051555,7.214500000000001,18.644,0.9159722222222222,Main_Floor_B,Deployment_A,none,A_P023
A011,1440,50.37279513888889,50.9945,2.565894635221581,46.44,58.011,46.888,47.043,47.88275,52.692,53.1201,53.717,0.0,0.0,0.0,0.0,0.4458333333333333,0.9833333333333332,4.809249999999999,11.571000000000003,1.0,Main_Floor_B,Deployment_A,none,A_P024
A011,1440,57.94821388888889,61.5135,7.710675363519481,47.454,73.109,47.707,47.826,48.49725,64.38275,66.407,67.6205,0.5784722222222223,0.1965277777777777,0.0104166666666666,0.0,0.3256944444444444,0.3868055555555555,15.8855,25.654999999999998,1.0,Main_Floor_B,Deployment_A,none,A_P025
A011,1440,58.19387986111112,60.8795,6.919953479510808,47.087,69.62,47.60875,47.793,50.01925,63.848,65.576,66.50025,0.5354166666666667,0.1472222222222222,0.0,0.0,0.2486111111111111,0.3368055555555556,13.82875,22.533,1.0,Main_Floor_B,Deployment_A,none,A_P026
A011,1440,56.80436041666666,56.9835,6.553860893405238,46.923,69.065,47.3078,47.598,50.06575,62.73075,64.88010000000001,66.12,0.4,0.0958333333333333,0.0,0.0,0.2395833333333333,0.3826388888888888,12.665,22.142,1.0,Main_Floor_B,Deployment_A,none,A_P027
A011,1440,58.337038194444446,59.5675,6.617475718892486,46.466,74.489,47.6257,47.87,54.83,63.7855,65.967,66.91205000000001,0.4534722222222222,0.1659722222222222,0.0076388888888888,0.0,0.2173611111111111,0.2611111111111111,8.9555,28.023000000000003,1.0,Main_Floor_B,Deployment_A,none,A_P028
A011,1440,57.92541666666667,60.575,6.948834053613327,46.435,71.352,47.478,48.065,49.484,63.27775,65.72879999999999,67.14110000000001,0.5256944444444445,0.1493055555555555,0.0048611111111111,0.0,0.2645833333333333,0.3263888888888889,13.793750000000005,24.917,1.0,Main_Floor_B,Deployment_A,none,A_P029
A011,1440,52.03563333333334,50.163,4.123554902716756,46.783,62.479,47.358450000000005,47.543,49.087,57.1255,57.978,58.6563,0.0125,0.0,0.0,0.0,0.4909722222222222,0.6986111111111111,8.038499999999999,15.695999999999998,1.0,Main_Floor_B,Deployment_A,none,A_P030
A011,805,52.59982360248447,52.989,2.43003976917878,48.761,60.533,49.065,49.1686,49.457,54.641,55.2236,55.9934,0.0024844720496894,0.0,0.0,0.0,0.2720496894409938,0.8596273291925466,5.1839999999999975,11.771999999999998,0.5590277777777778,Main_Floor_B,Deployment_A,none,A_P031
A012,560,51.72414821428572,48.212,5.659716840059833,46.359,70.44,46.62,46.728,47.17175,55.755750000000006,59.59740000000001,62.1253,0.0946428571428571,0.0303571428571428,0.0017857142857142,0.0,0.575,0.6125,8.584000000000003,24.081,0.3888888888888889,Main_Floor_B,Deployment_A,none,A_P001
A012,1440,50.877134722222216,49.0055,3.696727247982905,46.185,70.253,46.63665,47.1099,47.598,53.60075,55.25,56.2325,0.0118055555555555,0.0048611111111111,0.0006944444444444,0.0,0.5027777777777778,0.8895833333333333,6.002749999999999,24.068,1.0,Main_Floor_B,Deployment_A,none,A_P002
A012,1440,54.67620902777777,48.804,8.40943653511576,46.244,71.451,46.71365,46.9559,47.29125,64.93674999999999,65.56110000000001,66.28765,0.3638888888888889,0.2194444444444444,0.0020833333333333,0.0,0.5375,0.6006944444444444,17.64549999999999,25.206999999999997,1.0,Main_Floor_B,Deployment_A,none,A_P003
A012,1440,58.271725,62.596500000000006,8.361521763880816,46.033,71.967,46.38,46.6736,49.81225,65.5825,67.2244,68.42975,0.5409722222222222,0.3423611111111111,0.0131944444444444,0.0,0.2652777777777778,0.4111111111111111,15.770249999999995,25.934,1.0,Main_Floor_B,Deployment_A,none,A_P004
A012,1440,58.40074652777778,62.374,8.417863615563725,46.099,73.659,46.435,46.957,48.0625,65.55175,67.571,68.5171,0.5368055555555555,0.3527777777777778,0.0152777777777777,0.0,0.3194444444444444,0.3868055555555555,17.48925,27.56000000000001,1.0,Main_Floor_B,Deployment_A,none,A_P005
A012,1440,58.64345208333333,61.9835,8.153347135882463,46.076,72.22,46.626,47.0319,49.967,65.802,67.4521,68.341,0.5854166666666667,0.3423611111111111,0.0076388888888888,0.0,0.2541666666666666,0.4027777777777778,15.835000000000008,26.144,1.0,Main_Floor_B,Deployment_A,none,A_P006
A012,1440,56.98561597222222,57.8295,7.206508172819568,46.076,70.516,46.5809,47.3689,49.391,63.571,65.73060000000001,66.6922,0.45625,0.1458333333333333,0.0013888888888888,0.0,0.2708333333333333,0.425,14.18,24.440000000000005,1.0,Main_Floor_B,Deployment_A,none,A_P007
A012,1440,50.36822291666666,49.213,3.389399133279002,46.065,59.837,46.3628,46.576,47.293,53.61625,55.185,56.11055,0.0,0.0,0.0,0.0,0.5763888888888888,0.8861111111111111,6.323250000000002,13.772000000000006,1.0,Main_Floor_B,Deployment_A,low_attendance,A_P008
A012,1440,49.98987847222222,49.5,3.229793054613656,45.859,59.626,46.228,46.319,46.73825,52.6035,54.3484,55.1312,0.0,0.0,0.0,0.0,0.5131944444444444,0.9423611111111112,5.865250000000003,13.766999999999996,1.0,Main_Floor_B,Deployment_A,low_attendance,A_P009
A012,1440,54.29552777777778,53.196,6.983738747867334,45.978,66.462,46.231,46.3626,47.076,61.275,62.132,63.03465,0.3951388888888889,0.0138888888888888,0.0,0.0,0.45,0.5027777777777778,14.198999999999998,20.484,1.0,Main_Floor_B,Deployment_A,none,A_P010
A012,1440,58.33518333333333,61.0715,7.394505160091027,45.956,73.791,46.391,47.5542,49.92375,64.76075,66.352,67.3522,0.5354166666666667,0.1979166666666666,0.00625,0.0,0.2541666666666666,0.3493055555555555,14.837000000000003,27.834999999999997,1.0,Main_Floor_B,Deployment_A,none,A_P011
A012,1440,58.43420833333333,60.0875,7.417785770776864,46.076,71.945,47.836450000000006,48.12,50.152,65.12375,67.27830000000002,68.077,0.5041666666666667,0.2597222222222222,0.0041666666666666,0.0,0.2416666666666666,0.36875,14.97175,25.868999999999996,1.0,Main_Floor_B,Deployment_A,none,A_P012
A012,1440,58.41899513888889,61.156,7.317019555087908,46.239,71.352,46.647650000000006,47.0738,51.82025,64.64,66.6875,67.61555,0.5381944444444444,0.2277777777777777,0.0041666666666666,0.0,0.2159722222222222,0.3666666666666666,12.81975,25.113000000000007,1.0,Main_Floor_B,Deployment_A,none,A_P013
A012,1440,57.96526458333334,60.889,7.238019057671575,46.121,71.769,47.09745,48.5744,49.53025,64.13475,66.27610000000001,67.407,0.5423611111111111,0.1916666666666666,0.0055555555555555,0.0,0.2770833333333333,0.38125,14.604499999999994,25.648000000000003,1.0,Main_Floor_B,Deployment_A,none,A_P014
A012,1440,57.66405277777778,61.637,8.368306646961964,46.087,72.846,46.477450000000005,46.835,47.815,64.945,66.85810000000001,68.20045,0.5208333333333334,0.2444444444444444,0.0152777777777777,0.0,0.3340277777777777,0.4319444444444444,17.129999999999995,26.759,1.0,Main_Floor_B,Deployment_A,broad_remote_work,A_P015
A012,1440,51.00877013888889,51.054,4.023818481182254,46.099,66.429,46.53775,46.9879,47.8035,53.43775,56.957,58.15255,0.0201388888888888,0.0048611111111111,0.0,0.0,0.475,0.8118055555555556,5.6342500000000015,20.330000000000005,1.0,Main_Floor_B,Deployment_A,broad_remote_work,A_P016
A012,1440,51.67059305555555,49.0545,5.870139772048417,46.261,66.308,47.066,47.283,47.912,51.77275,62.5391,64.934,0.1798611111111111,0.0291666666666666,0.0,0.0,0.6305555555555555,0.7881944444444444,3.860750000000003,20.047000000000004,1.0,Main_Floor_B,Deployment_A,none,A_P017
A012,1440,54.242838194444445,48.723,8.555431671945492,46.304,74.033,46.80155,46.9769,47.352,64.989,66.14410000000001,66.78055,0.3479166666666666,0.2493055555555555,0.00625,0.0,0.5798611111111112,0.6493055555555556,17.637000000000008,27.729,1.0,Main_Floor_B,Deployment_A,none,A_P018
A012,1440,55.720641666666666,53.1685,8.161664038483053,46.187,71.022,46.75,47.054,47.3795,64.868,65.16610000000001,65.7503,0.4194444444444444,0.1444444444444444,0.0006944444444444,0.0,0.4173611111111111,0.5652777777777778,17.488499999999995,24.835000000000008,1.0,Main_Floor_B,Deployment_A,none,A_P019
A012,1440,54.82950069444444,50.75,8.281176501655022,46.413,73.791,46.692,46.912,47.565,62.791,65.4029,69.95985,0.3819444444444444,0.1104166666666666,0.05,0.0,0.4541666666666666,0.6076388888888888,15.226,27.378,1.0,Main_Floor_B,Deployment_A,none,A_P020
A012,1440,57.94874513888889,61.235,7.945032148880543,46.326,71.824,47.17345,47.457,48.033,64.95575,66.8153,67.61524999999999,0.5493055555555556,0.2479166666666666,0.0069444444444444,0.0,0.3131944444444444,0.4055555555555555,16.922749999999994,25.498,1.0,Main_Floor_B,Deployment_A,none,A_P021
A012,1440,57.98503263888889,61.584500000000006,8.121604031904873,46.957,74.348,47.29265,47.62,48.36025,65.25274999999999,66.9441,67.83865,0.5541666666666667,0.2881944444444444,0.0138888888888888,0.0,0.31875,0.4256944444444444,16.89249999999999,27.391,1.0,Main_Floor_B,Deployment_A,none,A_P022
A012,1440,54.97364513888889,51.2665,7.671005354345528,46.315,69.979,46.8149,47.022,47.565,64.989,65.39150000000001,65.7401,0.35,0.2493055555555555,0.0,0.0,0.3673611111111111,0.625,17.424000000000007,23.664,1.0,Main_Floor_B,Deployment_A,none,A_P023
A012,1440,56.07676527777778,50.451,8.900067713146077,46.37,71.598,46.772,46.924,47.333,65.283,65.835,66.13055,0.4673611111111111,0.4111111111111111,0.0013888888888888,0.0,0.4958333333333333,0.525,17.950000000000003,25.228,1.0,Main_Floor_B,Deployment_A,none,A_P024
A012,1440,59.37795347222222,63.685,8.905158876105137,46.576,74.924,47.198,47.6085,48.217,67.241,69.0662,70.19655,0.5736111111111111,0.4069444444444444,0.0590277777777777,0.0,0.2916666666666667,0.3972222222222222,19.024,28.34800000000001,1.0,Main_Floor_B,Deployment_A,none,A_P025
A012,1440,59.81468055555556,63.71,8.406620057606412,46.934,72.446,47.684450000000005,48.075,49.59125,67.32075,68.6864,69.4366,0.5902777777777778,0.4118055555555555,0.0375,0.0,0.2631944444444444,0.3722222222222222,17.7295,25.512,1.0,Main_Floor_B,Deployment_A,none,A_P026
A012,743,54.51410901749664,50.435,6.832889345770888,46.652,70.043,47.0,47.152,49.13,61.875,64.3296,65.3296,0.3176312247644683,0.063257065948856,0.0013458950201884,0.0,0.4347240915208614,0.5733512786002691,12.744999999999996,23.391000000000005,0.5159722222222223,Main_Floor_B,Deployment_A,none,A_P027
A012,1440,57.924195833333336,59.308,7.162053304002837,46.707,69.957,47.07695,47.4978,51.583,64.5445,66.49010000000001,67.50025,0.4527777777777778,0.2138888888888888,0.0,0.0,0.2166666666666666,0.3625,12.9615,23.249999999999996,1.0,Main_Floor_B,Deployment_A,none,A_P028
A012,1440,59.09327430555556,63.7295,8.15530154476623,46.848,76.033,47.336450000000006,47.7277,48.73675,65.52425000000001,67.5132,68.68555,0.5715277777777777,0.3631944444444444,0.0131944444444444,0.0,0.2986111111111111,0.3472222222222222,16.78750000000001,29.185,1.0,Main_Floor_B,Deployment_A,none,A_P029
A012,1440,52.75922986111111,49.9565,6.1293730276062295,46.308,72.838,47.11,47.209,47.527,57.61175,61.26750000000001,64.52855,0.1402777777777777,0.0458333333333333,0.0069444444444444,0.0,0.5006944444444444,0.6555555555555556,10.08475,26.529999999999998,1.0,Main_Floor_B,Deployment_A,none,A_P030
A012,805,59.0766198757764,62.739,6.983391295222678,47.098,69.62,47.261,47.5328,48.582,63.565,64.416,65.095,0.7180124223602484,0.0571428571428571,0.0,0.0,0.2708074534161491,0.2770186335403726,14.982999999999995,22.52200000000001,0.5590277777777778,Main_Floor_B,Deployment_A,none,A_P031
A013,560,59.46062678571429,57.87,2.5529501987600995,57.261,69.22,57.511,57.6455,57.747,60.507,62.84780000000001,65.83829999999999,0.3928571428571428,0.0642857142857142,0.0,0.0,0.0,0.0,2.759999999999998,11.958999999999996,0.3888888888888889,Main_Floor_B,Deployment_A,none,A_P001
A013,1440,58.62178958333333,57.818,1.5297582442282869,56.891,64.879,57.054,57.087,57.163,59.804,60.935,61.065,0.2027777777777777,0.0,0.0,0.0,0.0,0.0,2.6410000000000053,7.988000000000007,1.0,Main_Floor_B,Deployment_A,none,A_P002
A013,1440,57.84442083333333,57.946,0.5814722053765381,57.033,63.44,57.109,57.1538,57.363,58.055,58.418,58.859,0.0055555555555555,0.0,0.0,0.0,0.0,0.0,0.6920000000000002,6.4069999999999965,1.0,Main_Floor_B,Deployment_A,none,A_P003
A013,1440,62.90192013888889,64.174,4.322352864607643,57.565,74.348,57.82355,57.9218,58.109,66.264,68.2753,69.35595,0.5798611111111112,0.4402777777777777,0.03125,0.0,0.0,0.0,8.154999999999994,16.783,1.0,Main_Floor_B,Deployment_A,none,A_P004
A013,1440,63.92724722222223,66.451,4.977434458925988,57.598,74.527,57.783,57.837,57.978,68.055,69.78,70.912,0.6659722222222222,0.5458333333333333,0.0881944444444444,0.0,0.0,0.0,10.077000000000004,16.929000000000002,1.0,Main_Floor_B,Deployment_A,none,A_P005
A013,1440,62.57312708333333,63.203500000000005,4.455736826647361,56.967,73.11,57.207,57.337,57.85625,66.6535,68.143,68.8372,0.6027777777777777,0.4048611111111111,0.01875,0.0,0.0,0.0,8.797249999999991,16.143,1.0,Main_Floor_B,Deployment_A,none,A_P006
A013,1440,61.959179166666665,61.914,3.836258502676432,56.978,72.0,57.022,57.065,58.587,65.26849999999999,67.28710000000001,68.16735,0.5576388888888889,0.2715277777777777,0.0111111111111111,0.0,0.0,0.0,6.681499999999986,15.021999999999998,1.0,Main_Floor_B,Deployment_A,none,A_P007
A013,1440,61.97597777777777,58.826,3.7717617064969646,57.88,66.692,57.978,58.0,58.1695,65.813,66.022,66.26455,0.4895833333333333,0.4881944444444444,0.0,0.0,0.0,0.0,7.643500000000003,8.81199999999999,1.0,Main_Floor_B,Deployment_A,low_attendance,A_P008
A013,1440,58.17012013888889,58.152,0.1983260037506637,57.87,60.511,57.946,57.967,58.0,58.283,58.391,58.484,0.0013888888888888,0.0,0.0,0.0,0.0,0.0,0.2830000000000012,2.6410000000000053,1.0,Main_Floor_B,Deployment_A,low_attendance,A_P009
A013,1440,59.64930833333334,58.176,3.242367950603717,57.319,67.857,57.489,57.533,57.728,59.011,66.13310000000001,66.714,0.1965277777777777,0.1909722222222222,0.0,0.0,0.0,0.0,1.2830000000000013,10.537999999999997,1.0,Main_Floor_B,Deployment_A,none,A_P010
A013,1440,62.88758333333333,62.692,4.146302660516468,57.348,74.055,57.5487,57.6516,58.27,66.363,68.429,69.297,0.6694444444444444,0.3555555555555555,0.0347222222222222,0.0,0.0,0.0,8.093000000000004,16.707000000000008,1.0,Main_Floor_B,Deployment_A,none,A_P011
A013,1440,63.04022291666667,63.088,3.972162950349658,56.989,72.473,57.9335,57.978,59.239,66.55175,68.4515,69.24255000000001,0.6472222222222223,0.3590277777777778,0.0256944444444444,0.0,0.0,0.0,7.312750000000001,15.484000000000002,1.0,Main_Floor_B,Deployment_A,none,A_P012
A013,1440,62.425465277777775,63.022,4.150696675053495,56.913,72.253,57.010450000000006,57.055,58.591,66.26825,67.56,68.363,0.5923611111111111,0.3756944444444444,0.0069444444444444,0.0,0.0,0.0,7.677249999999994,15.340000000000003,1.0,Main_Floor_B,Deployment_A,none,A_P013
A013,1440,62.7777125,62.8585,3.6250428553672114,56.912,77.143,57.010450000000006,57.055,60.698,65.374,67.198,68.42955,0.8055555555555556,0.2958333333333333,0.01875,0.0,0.0,0.0,4.675999999999995,20.231,1.0,Main_Floor_B,Deployment_A,none,A_P014
A013,1440,63.27470902777778,63.989,4.149681998674047,57.12,72.44,57.33,57.385,59.263000000000005,66.47575,68.55010000000001,69.48455,0.6819444444444445,0.4395833333333333,0.0326388888888888,0.0,0.0,0.0,7.21275,15.32,1.0,Main_Floor_B,Deployment_A,broad_remote_work,A_P015
A013,1440,59.87480347222223,60.065,1.4714375510234556,57.118,70.33,57.304,57.3657,59.957,60.9015,61.5,61.7614,0.7125,0.0020833333333333,0.0013888888888888,0.0,0.0,0.0,0.944499999999998,13.211999999999996,1.0,Main_Floor_B,Deployment_A,broad_remote_work,A_P016
A013,1440,59.37826458333333,59.847,1.313867546312089,57.451,65.231,57.6848,57.739,57.891,60.1475,61.033,61.44655,0.3319444444444444,0.0006944444444444,0.0,0.0,0.0,0.0,2.2565000000000026,7.779999999999994,1.0,Main_Floor_B,Deployment_A,none,A_P017
A013,1440,60.077275,59.519,2.1035627696815435,57.033,69.516,57.576,57.707,58.16775,61.275,62.862100000000005,64.00055,0.4340277777777778,0.0236111111111111,0.0,0.0,0.0,0.0,3.1072500000000005,12.483000000000004,1.0,Main_Floor_B,Deployment_A,none,A_P018
A013,1440,59.63720277777778,59.0685,1.8111499306879024,56.989,69.385,57.0975,57.185,58.967,60.478,62.0231,62.98955,0.3652777777777777,0.0125,0.0,0.0,0.0,0.0,1.5110000000000028,12.396000000000008,1.0,Main_Floor_B,Deployment_A,none,A_P019
A013,1440,58.358145138888894,57.826,1.465011492972652,56.88,64.615,57.0,57.054,57.163,59.022,60.022,61.76915,0.1145833333333333,0.0,0.0,0.0,0.0,0.0,1.8590000000000015,7.734999999999992,1.0,Main_Floor_B,Deployment_A,none,A_P020
A013,1440,61.78957569444445,61.875,3.9076422642238966,56.804,71.154,56.967,57.0,57.12,65.293,66.88,67.696,0.6597222222222222,0.2777777777777778,0.0027777777777777,0.0,0.0,0.0,8.173000000000009,14.349999999999994,1.0,Main_Floor_B,Deployment_A,none,A_P021
A013,1440,62.68783125,64.0985,4.738854768069159,56.309,72.224,56.57695,56.6349,57.022,66.576,68.4575,69.62105,0.6243055555555556,0.4229166666666666,0.0361111111111111,0.0,0.0,0.0,9.553999999999997,15.915000000000006,1.0,Main_Floor_B,Deployment_A,none,A_P022
A013,1440,61.39709375,58.391000000000005,4.420346073033353,56.278,70.011,56.5597,56.757200000000005,57.054,65.87,66.3123,66.7394,0.4756944444444444,0.4694444444444444,0.0006944444444444,0.0,0.0,0.0,8.816000000000003,13.732999999999995,1.0,Main_Floor_B,Deployment_A,none,A_P023
A013,1440,59.52595555555556,58.076,3.4061905629173728,56.879,67.688,56.98995,57.033,57.326,59.11175,65.9551,66.1521,0.2229166666666666,0.2083333333333333,0.0,0.0,0.0,0.0,1.7857500000000002,10.809000000000005,1.0,Main_Floor_B,Deployment_A,none,A_P024
A013,1440,62.878052777777775,63.489,4.011193174753699,57.13,72.217,57.326,57.978,58.054,66.26174999999999,67.793,68.54315000000001,0.65,0.4034722222222222,0.0083333333333333,0.0,0.0,0.0,8.20774999999999,15.086999999999996,1.0,Main_Floor_B,Deployment_A,none,A_P025
A013,1440,63.11046388888889,63.228,3.545168421722103,56.967,72.304,57.989,58.1032,59.93575,66.07875,67.81830000000001,68.53355,0.7368055555555556,0.3361111111111111,0.0111111111111111,0.0,0.0,0.0,6.143000000000001,15.337000000000003,1.0,Main_Floor_B,Deployment_A,none,A_P026
A013,1440,63.61360416666666,65.077,3.777989194988969,56.989,73.674,57.066,57.348,60.022,66.615,67.56830000000001,68.2835,0.7777777777777778,0.5048611111111111,0.0125,0.0,0.0,0.0,6.592999999999996,16.68500000000001,1.0,Main_Floor_B,Deployment_A,none,A_P027
A013,1440,61.74425763888889,61.072,3.868328495505825,57.011,73.446,57.10995,57.1796,58.033,65.1885,67.043,68.0335,0.6145833333333334,0.2673611111111111,0.0083333333333333,0.0,0.0,0.0,7.155500000000004,16.434999999999995,1.0,Main_Floor_B,Deployment_A,none,A_P028
A013,1440,63.05132291666666,64.4865,4.472729455764582,57.011,71.978,57.096,57.12,57.502750000000006,66.891,67.9912,68.76155,0.6381944444444444,0.4701388888888889,0.0173611111111111,0.0,0.0,0.0,9.38825,14.966999999999992,1.0,Main_Floor_B,Deployment_A,none,A_P029
A013,1440,60.88646944444445,57.663,4.284883228259126,57.011,68.5,57.054,57.076,57.12,65.848,66.1704,66.66735,0.4131944444444444,0.40625,0.0,0.0,0.0,0.0,8.728000000000002,11.488999999999995,1.0,Main_Floor_B,Deployment_A,none,A_P030
A013,805,58.62422981366459,58.196,1.672575235531432,57.022,71.108,57.066,57.098,57.293,59.196,60.0176,61.03099999999999,0.1031055900621118,0.017391304347826,0.0012422360248447,0.0,0.0,0.0,1.9029999999999987,14.086000000000006,0.5590277777777778,Main_Floor_B,Deployment_A,none,A_P031
A014,560,56.2964125,51.8095,5.811595577696256,50.923,68.6,51.185,51.293,51.543,62.19125,64.57209999999999,65.68275,0.3875,0.0785714285714285,0.0,0.0,0.0,0.5982142857142857,10.648249999999996,17.676999999999992,0.3888888888888889,Main_Floor_B,Deployment_A,none,A_P001
A014,1440,57.51609930555556,52.8095,5.993973125184475,51.435,73.648,51.65865,51.736,52.293,63.66,65.319,66.14110000000001,0.4402777777777777,0.11875,0.0013888888888888,0.0,0.0,0.5541666666666667,11.366999999999996,22.212999999999997,1.0,Main_Floor_B,Deployment_A,none,A_P002
A014,1440,53.410356944444445,52.4975,1.7707151346079293,51.293,61.478,51.647650000000006,51.75,52.12075,55.0905,56.1101,56.6529,0.0006944444444444,0.0,0.0,0.0,0.0,0.7416666666666667,2.9697499999999977,10.185000000000002,1.0,Main_Floor_B,Deployment_A,none,A_P003
A014,1440,61.96233402777778,65.87899999999999,7.244405167695085,51.343,77.429,51.674,51.9098,55.1455,68.09049999999999,69.46310000000001,70.4955,0.5840277777777778,0.5486111111111112,0.0694444444444444,0.0,0.0,0.2354166666666666,12.944999999999991,26.086,1.0,Main_Floor_B,Deployment_A,none,A_P004
A014,1440,61.410571527777776,63.7745,7.197546507914199,51.304,79.648,51.74835,52.141,52.674,66.692,70.2332,72.132,0.5993055555555555,0.4,0.1090277777777777,0.0,0.0,0.3326388888888889,14.017999999999994,28.343999999999998,1.0,Main_Floor_B,Deployment_A,none,A_P005
A014,1440,60.84735833333333,64.441,7.149137140483439,51.196,74.341,51.50475,51.6254,52.758,67.335,68.385,69.00055,0.5541666666666667,0.4923611111111111,0.0173611111111111,0.0,0.0,0.3791666666666666,14.576999999999993,23.145,1.0,Main_Floor_B,Deployment_A,none,A_P006
A014,1440,61.42437361111111,65.2295,6.384131202323177,51.326,72.813,51.6018,51.9679,55.174,67.066,68.17750000000001,69.00055,0.5604166666666667,0.5076388888888889,0.0208333333333333,0.0,0.0,0.1486111111111111,11.892000000000005,21.487,1.0,Main_Floor_B,Deployment_A,none,A_P007
A014,1440,55.88030486111111,55.962,2.357014095473005,51.935,60.066,52.076,52.12,53.56225,57.957,58.196,58.31505,0.0006944444444444,0.0,0.0,0.0,0.0,0.2673611111111111,4.394750000000002,8.131,1.0,Main_Floor_B,Deployment_A,low_attendance,A_P008
A014,1440,53.640222916666666,53.163,1.311682055516094,51.978,60.791,52.065,52.099,52.207,54.902,55.1742,55.34855,0.0013888888888888,0.0,0.0,0.0,0.0,0.8138888888888889,2.6950000000000003,8.812999999999995,1.0,Main_Floor_B,Deployment_A,low_attendance,A_P009
A014,1440,54.117590972222224,53.8415,2.0866534811939075,51.793,60.066,52.065,52.12,52.239,55.8965,57.6045,57.85755,0.0006944444444444,0.0,0.0,0.0,0.0,0.7034722222222223,3.657499999999999,8.273000000000003,1.0,Main_Floor_B,Deployment_A,none,A_P010
A014,1440,62.25534444444444,64.98349999999999,6.246891743633392,52.0,72.846,52.2166,52.293,56.022,67.07624999999999,68.7591,69.7052,0.6694444444444444,0.4986111111111111,0.0388888888888888,0.0,0.0,0.1979166666666666,11.054249999999987,20.846000000000004,1.0,Main_Floor_B,Deployment_A,none,A_P011
A014,1440,60.7355875,63.22,6.050239787859766,51.054,70.484,52.08795,52.2269,53.837,65.96975,67.363,68.1111,0.5868055555555556,0.3895833333333333,0.0027777777777777,0.0,0.0,0.3173611111111111,12.13275,19.429999999999996,1.0,Main_Floor_B,Deployment_A,none,A_P012
A014,1440,61.70005,64.33,5.768209345041833,51.076,69.925,51.239,51.348,61.308,65.725,66.7921,67.341,0.7770833333333333,0.3972222222222222,0.0,0.0,0.0,0.2215277777777777,4.4169999999999945,18.849,1.0,Main_Floor_B,Deployment_A,none,A_P013
A014,1440,60.71051875,63.3025,5.889808506822799,50.978,73.385,51.27485,51.7444,55.9185,65.505,67.1584,68.23155,0.5645833333333333,0.3173611111111111,0.0138888888888888,0.0,0.0,0.2173611111111111,9.586499999999994,22.407000000000004,1.0,Main_Floor_B,Deployment_A,none,A_P014
A014,1440,60.79056319444444,64.515,6.8324924147642205,51.011,71.022,51.174,51.2519,52.83475,67.022,67.8702,68.516,0.5659722222222222,0.4638888888888889,0.0048611111111111,0.0,0.0,0.3298611111111111,14.187250000000006,20.011000000000003,1.0,Main_Floor_B,Deployment_A,broad_remote_work,A_P015
A014,1440,54.986506250000005,53.707,3.8639236054650254,51.152,66.198,51.337,51.424,53.174,55.9485,64.0781,64.48455,0.1291666666666666,0.0111111111111111,0.0,0.0,0.0,0.7361111111111112,2.7745000000000037,15.045999999999992,1.0,Main_Floor_B,Deployment_A,broad_remote_work,A_P016
A014,1440,53.94362013888888,53.7445,1.615683159019043,51.198,61.163,51.55385,51.717,53.099,54.5825,56.2867,57.76195,0.0013888888888888,0.0,0.0,0.0,0.0,0.80625,1.4835000000000065,9.964999999999996,1.0,Main_Floor_B,Deployment_A,none,A_P017
A014,1440,54.19536736111111,53.37,2.114858785072036,51.239,63.848,51.56475,51.707,52.902,55.652,56.958,57.87905,0.0104166666666666,0.0,0.0,0.0,0.0,0.6416666666666667,2.75,12.609000000000002,1.0,Main_Floor_B,Deployment_A,none,A_P018
A014,1440,54.12573541666666,53.912,1.9924005970487235,51.283,62.696,51.511,51.739,52.72725,55.23075,56.826,58.1497,0.0097222222222222,0.0,0.0,0.0,0.0,0.7263888888888889,2.5035000000000025,11.412999999999997,1.0,Main_Floor_B,Deployment_A,none,A_P019
A014,1440,53.34380486111111,53.13,1.6579544737255194,51.185,60.467,51.59775,51.804,51.978,53.859,55.0672,57.511,0.0013888888888888,0.0,0.0,0.0,0.0,0.8986111111111111,1.881,9.281999999999996,1.0,Main_Floor_B,Deployment_A,none,A_P020
A014,1440,59.44651319444445,62.4605,6.033471572251625,51.174,70.533,51.413,51.5975,51.935,64.5355,66.0771,66.87865,0.5555555555555556,0.2048611111111111,0.0006944444444444,0.0,0.0,0.3340277777777777,12.600499999999997,19.359,1.0,Main_Floor_B,Deployment_A,none,A_P021
A014,1440,60.954790277777775,64.48949999999999,6.875089594749523,51.489,72.343,51.685,51.7929,52.011,67.01375,68.17530000000001,68.96809999999999,0.5701388888888889,0.4590277777777777,0.0222222222222222,0.0,0.0,0.3111111111111111,15.00275,20.854000000000006,1.0,Main_Floor_B,Deployment_A,none,A_P022
A014,1440,56.58666041666667,56.288,4.520215583897386,51.402,68.0,51.739,52.0,52.239,58.337,66.6074,67.0,0.1291666666666666,0.10625,0.0,0.0,0.0,0.4361111111111111,6.098000000000006,16.598,1.0,Main_Floor_B,Deployment_A,none,A_P023
A014,1440,54.36305347222223,53.511,2.476431742876206,51.819,64.228,52.109,52.185,52.329,55.45125,58.2541,59.12005,0.0076388888888888,0.0,0.0,0.0,0.0,0.6902777777777778,3.122250000000001,12.408999999999992,1.0,Main_Floor_B,Deployment_A,none,A_P024
A014,1440,62.131852083333335,64.96799999999999,5.282968544460641,52.055,71.239,52.272,56.2189,56.88,66.381,67.663,68.3702,0.6166666666666667,0.4972222222222222,0.0048611111111111,0.0,0.0,0.0923611111111111,9.500999999999998,19.184000000000005,1.0,Main_Floor_B,Deployment_A,none,A_P025
A014,1440,63.02789236111111,66.2405,6.149782251681469,51.674,73.457,53.033,53.207,56.859,67.934,69.0991,69.7401,0.6263888888888889,0.5875,0.0375,0.0,0.0,0.1340277777777777,11.074999999999996,21.782999999999998,1.0,Main_Floor_B,Deployment_A,none,A_P026
A014,1440,62.493063194444446,65.398,5.797688828857055,51.163,71.761,51.7929,51.913,57.723,67.211,68.30980000000001,68.8921,0.6375,0.5256944444444445,0.0125,0.0,0.0,0.1263888888888888,9.488,20.598,1.0,Main_Floor_B,Deployment_A,none,A_P027
A014,1440,60.926875,63.743,6.34524806441463,51.25,71.772,51.5,51.6737,54.73,66.1125,67.5654,68.69369999999999,0.6166666666666667,0.3777777777777777,0.0180555555555555,0.0,0.0,0.2652777777777778,11.382499999999991,20.52200000000001,1.0,Main_Floor_B,Deployment_A,none,A_P028
A014,1440,61.17115208333333,64.446,6.474918758962074,51.109,70.652,51.391,51.62,52.6035,66.8875,67.5276,68.08755000000001,0.6215277777777778,0.4611111111111111,0.0013888888888888,0.0,0.0,0.2597222222222222,14.284,19.543,1.0,Main_Floor_B,Deployment_A,none,A_P029
A014,1440,56.46844375,52.104,5.833779804953046,51.13,66.772,51.33,51.4124,51.685,64.29575,64.87910000000001,65.18515000000001,0.3041666666666666,0.0819444444444444,0.0,0.0,0.0,0.5833333333333334,12.610749999999996,15.642000000000005,1.0,Main_Floor_B,Deployment_A,none,A_P030
A014,805,56.19688198757764,53.826,4.771817207826759,51.707,69.565,51.901,51.946,52.187,60.989,63.5936,64.8888,0.2559006211180124,0.0434782608695652,0.0,0.0,0.0,0.6124223602484472,8.802,17.857999999999997,0.5590277777777778,Main_Floor_B,Deployment_A,none,A_P031
A015,549,58.84488342440802,57.662,2.656921011266228,53.758,70.6,56.596,56.9238,57.121,59.712,62.012,64.2042,0.2167577413479053,0.0437158469945355,0.0036429872495446,0.0,0.0,0.0109289617486338,2.591000000000001,16.84199999999999,0.38125,Main_Floor_B,Deployment_A,none,A_P001
A015,1416,58.82822245762712,59.124,1.7892818779658075,53.651,67.3,56.70375,56.8805,57.214,60.04725,60.97,61.900000000000006,0.2655367231638418,0.0028248587570621,0.0,0.0,0.0,0.0112994350282485,2.83325,13.648999999999994,0.9833333333333332,Main_Floor_B,Deployment_A,none,A_P002
A015,1409,58.421428672817605,58.018,1.476015576578477,53.0,65.7,56.875,57.0538,57.337,59.231,60.3452,61.0746,0.1305890702625975,0.0021291696238466,0.0,0.0,0.0,0.0070972320794889,1.8939999999999984,12.700000000000005,0.9784722222222222,Main_Floor_B,Deployment_A,none,A_P003
A015,1408,62.47188991477273,63.344,3.884291477766297,54.846,70.902,57.00385,57.2418,59.05225,65.74225,67.2947,68.26684999999999,0.6207386363636364,0.3458806818181818,0.0049715909090909,0.0,0.0,0.0007102272727272,6.689999999999998,16.056000000000004,0.9777777777777776,Main_Floor_B,Deployment_A,none,A_P004
A015,1404,62.68491951566951,63.5165,4.281008225675389,54.25,74.508,56.89405,57.0848,57.6505,66.38550000000001,67.9568,68.80995,0.6873219373219374,0.3796296296296296,0.0185185185185185,0.0,0.0,0.0035612535612535,8.735000000000007,20.258,0.975,Main_Floor_B,Deployment_A,none,A_P005
A015,1407,62.47291471215352,63.12,3.9204926225943,55.446,72.442,56.9396,57.2688,58.7755,65.912,67.5206,68.2556,0.6154939587775409,0.3361762615493959,0.0063965884861407,0.0,0.0,0.0,7.136500000000005,16.995999999999995,0.9770833333333332,Main_Floor_B,Deployment_A,none,A_P006
A015,1397,61.30268861846815,61.495,3.616924082581945,54.049,70.857,56.6474,56.9452,57.633,64.582,66.0,66.65960000000001,0.5697924123120973,0.1989978525411596,0.0007158196134574,0.0,0.0,0.0057265569076592,6.948999999999991,16.808,0.9701388888888888,Main_Floor_B,Deployment_A,none,A_P007
A015,1416,58.56511652542373,58.656000000000006,1.1701830842749288,53.609,63.75,57.022,57.2455,57.6935,59.29325,59.878,60.3455,0.0847457627118644,0.0,0.0,0.0,0.0,0.0077683615819209,1.5997500000000002,10.140999999999998,0.9833333333333332,Main_Floor_B,Deployment_A,low_attendance,A_P008
A015,1398,57.92743419170243,57.874,0.9115444811138508,53.446,62.25,56.85765,57.075700000000005,57.39375,58.31075,58.9264,59.40135,0.0343347639484978,0.0,0.0,0.0,0.0,0.0064377682403433,0.9170000000000016,8.804000000000002,0.9708333333333332,Main_Floor_B,Deployment_A,low_attendance,A_P009
A015,1412,58.68484277620397,58.565,1.4992011189654335,54.405,64.446,56.9121,57.098,57.3895,59.50725,61.0685,61.49505,0.1905099150141643,0.0,0.0,0.0,0.0,0.0021246458923512,2.117750000000001,10.040999999999997,0.9805555555555556,Main_Floor_B,Deployment_A,none,A_P010
A015,1388,62.331085014409226,62.1965,3.9012784054467176,53.5,73.406,57.0954,57.315,58.45,65.33975000000001,67.6343,68.77015,0.6729106628242075,0.276657060518732,0.0223342939481268,0.0,0.0,0.0014409221902017,6.889750000000007,19.90600000000001,0.9638888888888888,Main_Floor_B,Deployment_A,none,A_P011
A015,1397,61.9916435218325,62.125,3.834279689797608,54.833,72.0,57.0168,57.293,57.957,65.489,67.033,67.7942,0.6070150322118826,0.2956335003579098,0.0042949176807444,0.0,0.0,0.0014316392269148,7.532000000000004,17.167,0.9701388888888888,Main_Floor_B,Deployment_A,none,A_P012
A015,1394,61.78642682926829,62.325500000000005,3.4242128113814,55.239,70.238,56.75,56.9246,59.1435,64.537,66.2186,67.0327,0.629842180774749,0.2058823529411764,0.0007173601147776,0.0,0.0,0.0,5.393500000000003,14.999000000000002,0.9680555555555556,Main_Floor_B,Deployment_A,none,A_P013
A015,1387,61.85304253785148,62.0,3.825485033379888,53.8,73.429,56.9773,57.119,57.907,65.078,66.61139999999999,67.8035,0.6128334534967556,0.2559480894015861,0.0144196106705118,0.0,0.0,0.0021629416005767,7.171000000000007,19.629000000000005,0.9631944444444444,Main_Floor_B,Deployment_A,none,A_P014
A015,1395,61.964698207885306,62.51,4.053941017665378,53.837,71.327,56.728,57.0338,57.819,65.5915,67.21340000000001,68.152,0.589247311827957,0.3003584229390681,0.0078853046594982,0.0,0.0,0.0028673835125448,7.772499999999994,17.489999999999995,0.96875,Main_Floor_B,Deployment_A,broad_remote_work,A_P015
A015,1401,58.470460385438976,57.917,1.6134061648865337,54.069,64.75,56.959,57.156,57.476,58.717,61.388,61.946,0.1798715203426124,0.0,0.0,0.0,0.0,0.0028551034975017,1.2409999999999997,10.680999999999996,0.9729166666666668,Main_Floor_B,Deployment_A,broad_remote_work,A_P016
A015,1396,58.09997564469914,57.7605,1.1965328715367722,54.68,65.123,56.876000000000005,57.057,57.333,58.63225,59.7135,60.7895,0.0852435530085959,0.0007163323782234,0.0,0.0,0.0,0.0021489971346704,1.299250000000001,10.443000000000003,0.9694444444444444,Main_Floor_B,Deployment_A,none,A_P017
A015,1412,59.10795184135977,57.945,2.1803390198493995,54.402,68.661,56.9011,57.0941,57.462,61.089,62.0,62.7182,0.3604815864022663,0.0092067988668555,0.0,0.0,0.0,0.0042492917847025,3.6269999999999953,14.259,0.9805555555555556,Main_Floor_B,Deployment_A,none,A_P018
A015,1394,58.81562482065997,58.772,1.5162345581426169,54.219,66.824,57.0,57.159,57.5,59.75,60.692,61.416,0.197274031563845,0.0014347202295552,0.0,0.0,0.0,0.0028694404591104,2.25,12.604999999999997,0.9680555555555556,Main_Floor_B,Deployment_A,none,A_P019
A015,1399,58.88088706218728,57.929,2.272104324862453,55.25,68.875,57.1807,57.3092,57.543,59.233,61.67900000000001,65.0949,0.1665475339528234,0.0536097212294496,0.0,0.0,0.0,0.0,1.6899999999999975,13.625,0.9715277777777778,Main_Floor_B,Deployment_A,none,A_P020
A015,1380,61.89573043478261,61.7585,3.974507853810515,55.066,71.728,57.1269,57.272,57.609,65.59475,67.1182,67.96809999999999,0.5898550724637681,0.3028985507246376,0.0050724637681159,0.0,0.0,0.0,7.985750000000003,16.661999999999992,0.9583333333333334,Main_Floor_B,Deployment_A,none,A_P021
A015,1381,62.62755684286749,63.5,4.146246048159146,54.088,73.4,57.203,57.365,57.846,66.302,67.889,68.761,0.6430123099203475,0.3475742215785662,0.0137581462708182,0.0,0.0,0.000724112961622,8.45600000000001,19.312000000000005,0.9590277777777778,Main_Floor_B,Deployment_A,none,A_P022
A015,1392,59.4747665229885,59.182500000000005,2.063641064287633,54.098,65.8,57.0,57.1771,57.8285,60.283,63.1759,63.59835,0.2974137931034483,0.0114942528735632,0.0,0.0,0.0,0.0057471264367816,2.454500000000003,11.701999999999998,0.9666666666666668,Main_Floor_B,Deployment_A,none,A_P023
A015,1386,59.27684054834055,58.908,1.8708899270029664,55.292,71.962,57.154,57.337500000000006,57.67675,60.97125,61.8035,62.167,0.316017316017316,0.0043290043290043,0.0007215007215007,0.0,0.0,0.0,3.2944999999999998,16.67,0.9625,Main_Floor_B,Deployment_A,none,A_P024
A015,1382,62.71725759768452,62.639,3.9512250935036737,55.471,71.609,57.38625,57.554,58.17225,66.271,67.752,68.60985000000001,0.6917510853835022,0.3690303907380607,0.0094066570188133,0.0,0.0,0.0,8.098750000000003,16.137999999999998,0.9597222222222224,Main_Floor_B,Deployment_A,none,A_P025
A015,1378,62.91873076923077,63.457,4.030825598545954,54.837,72.554,57.56185,57.7407,58.55825,66.28225,68.0,68.84455,0.6306240928882438,0.3730043541364296,0.0203193033381712,0.0,0.0,0.0007256894049346,7.724000000000004,17.717,0.9569444444444444,Main_Floor_B,Deployment_A,none,A_P026
A015,1385,62.987327075812274,63.8,3.665646322490197,53.571,72.429,57.1968,57.5608,59.022,65.926,67.2902,68.0238,0.6851985559566787,0.3768953068592058,0.0043321299638989,0.0,0.0,0.003610108303249,6.904000000000004,18.858000000000004,0.9618055555555556,Main_Floor_B,Deployment_A,none,A_P027
A015,1368,61.85449269005848,61.0365,3.705918374602288,53.717,73.0,57.1464,57.4854,58.2895,65.28775,67.0,67.79265000000001,0.625,0.2755847953216374,0.0029239766081871,0.0,0.0,0.0036549707602339,6.998250000000006,19.283,0.95,Main_Floor_B,Deployment_A,none,A_P028
A015,1381,62.76035409123824,63.969,3.966711402669089,53.75,73.125,57.0,57.172,57.875,65.908,67.302,68.0,0.6871832005792904,0.3707458363504706,0.0072411296162201,0.0,0.0,0.00362056480811,8.033000000000001,19.375,0.9590277777777778,Main_Floor_B,Deployment_A,none,A_P029
A015,1378,59.43306386066764,58.293,2.4445192930282262,55.221,70.6,56.9831,57.1207,57.473,61.27575,62.87,63.87839999999999,0.3512336719883889,0.0261248185776487,0.0014513788098693,0.0,0.0,0.0,3.802750000000003,15.378999999999998,0.9569444444444444,Main_Floor_B,Deployment_A,none,A_P030
A015,778,59.80774807197943,59.4725,2.0807581811121723,56.143,68.091,57.109,57.2488,58.05425,61.11475,62.3342,63.75045,0.4305912596401028,0.0192802056555269,0.0,0.0,0.0,0.0,3.0604999999999976,11.947999999999992,0.5402777777777777,Main_Floor_B,Deployment_A,none,A_P031
A016,138,54.57627536231884,53.723,1.4703083482557622,52.674,56.62,52.95205,53.065,53.163,56.153,56.2921,56.3782,0.0,0.0,0.0,0.0,0.0,0.5362318840579711,2.990000000000002,3.945999999999998,0.0958333333333333,Main_Floor_B,Deployment_A,none,A_P001
A016,561,54.63757575757576,54.561,1.9269783271402896,51.87,61.304,52.404,52.609,52.859,56.315,57.198,57.484,0.0017825311942959,0.0,0.0,0.0,0.0,0.5721925133689839,3.455999999999996,9.434000000000005,0.3895833333333333,Main_Floor_B,Deployment_A,none,A_P002
A016,576,53.624059027777776,53.1095,1.1827056967839924,51.533,60.761,52.30225,52.516,52.80125,54.4595,55.0175,55.44025,0.0034722222222222,0.0,0.0,0.0,0.0,0.8940972222222222,1.6582499999999951,9.228000000000002,0.4,Main_Floor_B,Deployment_A,none,A_P003
A016,459,60.1785403050109,61.337,5.426114584957862,51.824,71.0,52.3881,52.7316,55.326,64.6035,67.0394,68.4845,0.5599128540305011,0.2178649237472767,0.0174291938997821,0.0,0.0,0.1873638344226579,9.277499999999996,19.176,0.31875,Main_Floor_B,Deployment_A,none,A_P004
A016,490,60.59496122448979,62.8745,5.667079711326291,52.196,71.902,52.6498,52.7664,53.275,65.33475,67.1632,68.15729999999999,0.6591836734693878,0.273469387755102,0.0122448979591836,0.0,0.0,0.3163265306122449,12.05975,19.706000000000003,0.3402777777777778,Main_Floor_B,Deployment_A,none,A_P005
A016,480,59.69828541666666,61.5055,5.291287274638505,51.67,70.793,52.32545,52.522,54.80275,64.1225,65.67790000000001,67.19815,0.5604166666666667,0.1645833333333333,0.0083333333333333,0.0,0.0,0.275,9.31975,19.123000000000005,0.3333333333333333,Main_Floor_B,Deployment_A,none,A_P006
A016,526,58.46636121673004,56.261,4.911746228005023,52.63,78.375,52.99175,53.136,54.05675,63.0045,65.293,66.098,0.4410646387832699,0.1273764258555133,0.0038022813688212,0.0,0.0,0.4524714828897338,8.94775,25.745,0.3652777777777777,Main_Floor_B,Deployment_A,none,A_P007
A016,578,55.21691176470589,54.033,2.258748039181455,52.113,58.989,52.68335,52.946,53.109,57.80075,58.011,58.08865,0.0,0.0,0.0,0.0,0.0,0.5778546712802768,4.691749999999999,6.875999999999998,0.4013888888888889,Main_Floor_B,Deployment_A,low_attendance,A_P008
A016,552,53.42436413043478,53.399,0.566520400732459,52.011,55.077,52.39705,52.6814,53.043,53.967,54.0756,54.1659,0.0,0.0,0.0,0.0,0.0,0.9981884057971014,0.9239999999999996,3.0659999999999954,0.3833333333333333,Main_Floor_B,Deployment_A,low_attendance,A_P009
A016,550,55.41180545454545,54.492,2.761316278276892,51.902,61.725,52.717,52.946,53.076,58.53225,59.457,59.65585,0.0236363636363636,0.0,0.0,0.0,0.0,0.6381818181818182,5.456249999999997,9.823,0.3819444444444444,Main_Floor_B,Deployment_A,none,A_P010
A016,514,59.84203891050584,60.272,5.017079644407405,52.217,70.891,53.033,53.2049,54.9595,64.84525,66.2785,66.91025,0.5408560311284046,0.2295719844357976,0.0019455252918287,0.0,0.0,0.3035019455252918,9.885749999999994,18.674000000000007,0.3569444444444444,Main_Floor_B,Deployment_A,none,A_P011
A016,473,59.52325581395349,60.565,5.195815908760204,51.348,71.901,52.7026,53.013200000000005,54.38,64.033,66.3292,67.27640000000001,0.572938689217759,0.1966173361522198,0.0021141649048625,0.0,0.0,0.3319238900634249,9.653,20.553,0.3284722222222222,Main_Floor_B,Deployment_A,none,A_P012
A016,513,59.11071734892787,60.25,4.647515711969077,52.674,72.609,52.9342,53.012800000000006,53.207,62.677,65.3536,66.0998,0.5224171539961013,0.1169590643274853,0.0019493177387914,0.0,0.0,0.2826510721247563,9.47,19.934999999999995,0.35625,Main_Floor_B,Deployment_A,none,A_P013
A016,462,59.17795887445888,60.0485,4.625268017612343,52.143,73.214,52.84855,52.967,54.065,62.96125,64.6901,65.7588,0.512987012987013,0.0844155844155844,0.0021645021645021,0.0,0.0,0.2835497835497835,8.896250000000002,21.071,0.3208333333333333,Main_Floor_B,Deployment_A,none,A_P014
A016,462,59.21061038961039,61.5545,4.876739115315738,52.011,70.143,52.8796,53.0,53.902,62.837,64.8203,65.7533,0.5454545454545454,0.093073593073593,0.0021645021645021,0.0,0.0,0.3614718614718614,8.935000000000002,18.132,0.3208333333333333,Main_Floor_B,Deployment_A,broad_remote_work,A_P015
A016,486,54.4979732510288,54.435,1.363098208904293,52.011,63.011,52.793,52.94,53.728750000000005,54.748,56.0275,56.8235,0.0041152263374485,0.0,0.0,0.0,0.0,0.8024691358024691,1.0192499999999924,11.0,0.3375,Main_Floor_B,Deployment_A,broad_remote_work,A_P016
A016,559,54.08908050089445,54.109,0.92715459168208,52.25,61.065,52.6956,52.835,53.415,54.7295,55.0242,55.4481,0.0035778175313059,0.0,0.0,0.0,0.0,0.8980322003577818,1.3145000000000024,8.814999999999998,0.3881944444444444,Main_Floor_B,Deployment_A,none,A_P017
A016,516,55.09874224806202,54.033,2.321494001179526,51.75,63.804,52.217,52.5165,53.13,57.20275,58.11,58.81725,0.0213178294573643,0.0,0.0,0.0,0.0,0.5755813953488372,4.072749999999999,12.054000000000002,0.3583333333333333,Main_Floor_B,Deployment_A,none,A_P018
A016,561,54.73326381461676,54.614,1.7541123451943592,52.274,71.878,52.791,52.88,53.484,55.62,56.707,57.455,0.0089126559714795,0.0017825311942959,0.0017825311942959,0.0,0.0,0.6042780748663101,2.135999999999996,19.604,0.3895833333333333,Main_Floor_B,Deployment_A,none,A_P019
A016,527,54.55388235294118,53.355,2.778561317937702,52.196,63.391,52.359,52.5576,52.9225,54.913,60.4934,61.2997,0.1214421252371916,0.0,0.0,0.0,0.0,0.7571157495256167,1.9904999999999973,11.195,0.3659722222222222,Main_Floor_B,Deployment_A,none,A_P020
A016,477,58.99085744234801,57.786,5.613431223920456,51.924,69.739,52.6608,52.848,53.13,64.5,66.6292,67.339,0.4612159329140461,0.2117400419287211,0.0,0.0,0.0,0.3920335429769392,11.369999999999996,17.815000000000005,0.33125,Main_Floor_B,Deployment_A,none,A_P021
A016,475,59.53940421052632,62.304,6.113784169746584,51.736,71.163,52.6487,52.848,53.114,64.98150000000001,66.909,67.5998,0.5242105263157895,0.2484210526315789,0.0042105263157894,0.0,0.0,0.4463157894736842,11.867500000000009,19.427,0.3298611111111111,Main_Floor_B,Deployment_A,none,A_P022
A016,539,56.60782560296846,56.903,3.304227534202497,51.848,71.571,52.5814,52.787,53.1465,57.962,62.207,62.3601,0.1651205936920222,0.0037105751391465,0.0018552875695732,0.0,0.0,0.3673469387755102,4.8155,19.723,0.3743055555555555,Main_Floor_B,Deployment_A,none,A_P023
A016,597,54.90116750418761,54.098,2.3704902387260027,52.076,66.837,52.7784,52.9956,53.293,54.978,59.054,59.098,0.0184254606365159,0.0033500837520938,0.0,0.0,0.0,0.7554438860971524,1.6850000000000025,14.761000000000005,0.4145833333333333,Main_Floor_B,Deployment_A,none,A_P024
A016,532,59.45478759398496,59.831500000000005,4.788556971578482,52.5,70.077,53.3051,53.462500000000006,54.651,63.7005,65.9166,66.8745,0.4868421052631579,0.1597744360902255,0.0018796992481203,0.0,0.0,0.3815789473684211,9.049499999999997,17.576999999999998,0.3694444444444444,Main_Floor_B,Deployment_A,none,A_P025
A016,457,63.14881838074398,64.783,4.842838470524407,53.543,75.312,54.239,54.6476,60.239,66.725,68.12,68.9546,0.7986870897155361,0.4704595185995623,0.0131291028446389,0.0,0.0,0.1859956236323851,6.485999999999997,21.769,0.3173611111111111,Main_Floor_B,Deployment_A,none,A_P026
A016,445,62.03338651685393,62.848,4.377780886466093,52.391,73.98,53.169,53.4804,59.5,65.609,66.9318,67.707,0.6449438202247191,0.298876404494382,0.0134831460674157,0.0,0.0,0.1191011235955056,6.108999999999995,21.58900000000001,0.3090277777777778,Main_Floor_B,Deployment_A,none,A_P027
A016,476,59.03904621848739,57.3775,5.281983777448369,52.217,69.924,53.1455,53.435,53.75825,64.126,66.257,67.402,0.4201680672268907,0.1785714285714285,0.0,0.0,0.0,0.3970588235294117,10.36775,17.707000000000008,0.3305555555555555,Main_Floor_B,Deployment_A,none,A_P028
A016,426,61.76669718309859,62.685500000000005,4.949245365159938,52.728,78.81,53.608,53.8705,57.61,65.54725,66.7025,67.42250000000001,0.7206572769953051,0.3309859154929577,0.0070422535211267,0.0,0.0,0.2230046948356807,7.937250000000006,26.082,0.2958333333333333,Main_Floor_B,Deployment_A,none,A_P029
A016,485,57.02802680412371,54.13,4.880088719101819,52.728,86.75,53.2506,53.4106,53.785,60.0,61.6326,63.68579999999999,0.2618556701030928,0.0371134020618556,0.0309278350515463,0.0,0.0,0.51340206185567,6.215000000000003,34.022,0.3368055555555556,Main_Floor_B,Deployment_A,none,A_P030
A016,300,55.88999666666667,55.0,2.391323563344002,52.98,75.423,53.51575,53.8038,54.033,57.55175,58.6008,59.5645,0.0433333333333333,0.0066666666666666,0.0033333333333333,0.0,0.0,0.5033333333333333,3.518749999999997,22.443000000000005,0.2083333333333333,Main_Floor_B,Deployment_A,none,A_P031
A017,560,58.66623392857143,57.0465,3.785831406090414,53.423,73.211,54.96535,55.287,55.966,60.224500000000006,64.4946,67.03504999999998,0.2946428571428571,0.0767857142857142,0.025,0.0,0.0,0.0535714285714285,4.258500000000005,19.788,0.3888888888888889,Main_Floor_B,Deployment_A,none,A_P001
A017,1440,58.04375555555556,57.822,1.9180636894680647,54.264,69.302,55.4824,55.8591,56.628,59.092,60.5549,61.41455,0.1472222222222222,0.0069444444444444,0.0,0.0,0.0,0.0159722222222222,2.463999999999998,15.038000000000004,1.0,Main_Floor_B,Deployment_A,none,A_P002
A017,1440,58.41658263888889,57.844,2.5425032665534517,54.23,68.586,55.2986,55.5795,56.343,60.103,62.276300000000006,63.00055,0.2590277777777778,0.0090277777777777,0.0,0.0,0.0,0.0256944444444444,3.759999999999998,14.356000000000002,1.0,Main_Floor_B,Deployment_A,none,A_P003
A017,1440,62.86151527777778,64.408,5.483718296518237,53.6,75.093,55.5622,56.0791,57.19325,67.77074999999999,69.462,70.57709999999999,0.5777777777777777,0.4694444444444444,0.0715277777777777,0.0,0.0,0.0215277777777777,10.577499999999992,21.493,1.0,Main_Floor_B,Deployment_A,none,A_P004
A017,1440,63.17936944444445,64.775,5.2696476841812085,53.989,73.349,55.759,56.2639,57.77,67.782,69.563,70.57,0.6097222222222223,0.4791666666666667,0.0763888888888889,0.0,0.0,0.0097222222222222,10.011999999999992,19.360000000000007,1.0,Main_Floor_B,Deployment_A,none,A_P005
A017,1440,63.19746180555556,64.468,5.288004000421855,54.011,74.115,55.77855,56.377,57.742,67.93375,69.6788,70.57,0.6131944444444445,0.4701388888888889,0.0826388888888888,0.0,0.0,0.0090277777777777,10.191750000000006,20.103999999999992,1.0,Main_Floor_B,Deployment_A,none,A_P006
A017,1440,62.242865277777774,61.829,4.467096961326559,54.0,72.302,56.04695,56.851,58.032,66.314,68.00110000000001,68.90855,0.5854166666666667,0.3701388888888889,0.01875,0.0,0.0,0.0104166666666666,8.281999999999996,18.302000000000007,1.0,Main_Floor_B,Deployment_A,none,A_P007
A017,1440,58.18395972222223,58.104,1.4639055129019012,54.488,62.372,55.94295,56.31,57.02,59.29,60.1391,60.563,0.1243055555555555,0.0,0.0,0.0,0.0,0.0027777777777777,2.269999999999996,7.884,1.0,Main_Floor_B,Deployment_A,low_attendance,A_P008
A017,1440,57.32742291666667,57.218,1.1753100143844055,54.368,65.988,55.678,56.0099,56.54,57.931,58.77,59.425,0.025,0.0006944444444444,0.0,0.0,0.0,0.0020833333333333,1.3909999999999982,11.619999999999996,1.0,Main_Floor_B,Deployment_A,low_attendance,A_P009
A017,1440,59.30211041666667,58.682,2.8189651627701244,54.535,67.322,55.74685,56.0929,56.837,61.356,63.944,64.4079,0.4166666666666667,0.0145833333333333,0.0,0.0,0.0,0.00625,4.518999999999998,12.787000000000006,1.0,Main_Floor_B,Deployment_A,none,A_P010
A017,1440,62.94731041666666,63.636,4.8136137269262695,54.908,75.644,56.011,56.5377,57.974,66.943,69.12830000000001,70.25355,0.6451388888888889,0.4069444444444444,0.0604166666666666,0.0,0.0,0.0006944444444444,8.969000000000001,20.736000000000004,1.0,Main_Floor_B,Deployment_A,none,A_P011
A017,1440,62.96638472222222,63.0865,4.926337246085664,54.5,73.931,56.057,56.527800000000006,58.08,67.52,69.23110000000001,70.27789999999999,0.6305555555555555,0.4027777777777778,0.0659722222222222,0.0,0.0,0.0020833333333333,9.439999999999998,19.431,1.0,Main_Floor_B,Deployment_A,none,A_P012
A017,1440,62.624631944444445,63.3525,4.718428019177003,54.628,72.977,55.759,56.5054,58.046,66.77674999999999,68.6735,69.50155,0.6069444444444444,0.3840277777777778,0.0333333333333333,0.0,0.0,0.0055555555555555,8.730749999999993,18.349000000000004,1.0,Main_Floor_B,Deployment_A,none,A_P013
A017,1440,62.87771180555556,63.347,4.8576597590338935,54.384,75.744,56.29025,56.839,57.98325,67.08,69.3445,70.25715,0.6256944444444444,0.3770833333333333,0.0604166666666666,0.0,0.0,0.0020833333333333,9.09675,21.36,1.0,Main_Floor_B,Deployment_A,none,A_P014
A017,1440,62.12844583333333,63.5435,5.712557652560303,53.365,80.737,54.71225,55.149,56.333,67.2595,69.2918,70.48355000000001,0.5611111111111111,0.3902777777777778,0.0694444444444444,0.0,0.0,0.0805555555555555,10.926500000000004,27.371999999999996,1.0,Main_Floor_B,Deployment_A,broad_remote_work,A_P015
A017,1440,57.733177777777776,57.5905,2.7122528820081837,52.805,87.862,53.9295,54.3895,56.322,58.94325,60.8722,61.7199,0.1645833333333333,0.0055555555555555,0.0034722222222222,0.0,0.0,0.1541666666666666,2.6212499999999963,35.056999999999995,1.0,Main_Floor_B,Deployment_A,broad_remote_work,A_P016
A017,1440,57.07425416666667,56.7875,1.7579541110872785,53.988,65.186,54.88495,55.151900000000005,55.747,57.954,59.4267,60.3374,0.0673611111111111,0.0006944444444444,0.0,0.0,0.0,0.0729166666666666,2.2070000000000007,11.198000000000008,1.0,Main_Floor_B,Deployment_A,none,A_P017
A017,1440,58.24459652777777,56.3045,3.753216742055285,52.931,72.034,54.45275,54.7229,55.23,62.517,63.517,64.0713,0.3333333333333333,0.0180555555555555,0.0034722222222222,0.0,0.0,0.1701388888888889,7.287000000000006,19.10300000000001,1.0,Main_Floor_B,Deployment_A,none,A_P018
A017,1440,58.62608958333333,59.115,2.7571336826781287,54.092,67.402,54.7128,55.195,55.90075,60.805,62.174,63.0475,0.3645833333333333,0.0041666666666666,0.0,0.0,0.0,0.0791666666666666,4.9042499999999976,13.310000000000002,1.0,Main_Floor_B,Deployment_A,none,A_P019
A017,1440,58.20228888888889,56.5955,3.9094005065908455,53.345,73.126,54.448,54.6972,55.53725,60.115,63.52110000000001,67.76774999999999,0.2652777777777778,0.0826388888888888,0.0125,0.0,0.0,0.1680555555555555,4.577750000000002,19.78100000000001,1.0,Main_Floor_B,Deployment_A,none,A_P020
A017,1440,62.19161736111111,62.063,5.404471823294833,53.471,73.931,54.724,54.977,56.50025,67.106,68.99130000000001,70.057,0.6111111111111112,0.4006944444444444,0.0513888888888888,0.0,0.0,0.1083333333333333,10.605749999999992,20.46,1.0,Main_Floor_B,Deployment_A,none,A_P021
A017,1440,62.66117361111111,63.862,5.690522177468088,54.149,74.163,55.25185,55.598,56.908,67.86775,70.2338,71.0494,0.5701388888888889,0.4097222222222222,0.1097222222222222,0.0,0.0,0.0368055555555555,10.95975,20.014,1.0,Main_Floor_B,Deployment_A,none,A_P022
A017,1440,58.888225,58.598,2.62414208980864,53.598,67.184,55.138,55.5574,57.03125,60.129,63.5412,63.99055,0.26875,0.00625,0.0,0.0,0.0,0.0354166666666666,3.097749999999998,13.586,1.0,Main_Floor_B,Deployment_A,none,A_P023
A017,1440,58.49071666666666,57.792,3.0421239723194184,53.907,68.621,55.102450000000005,55.3406,55.977,60.07175,63.8152,64.299,0.2548611111111111,0.0215277777777777,0.0,0.0,0.0,0.0416666666666666,4.094750000000005,14.714,1.0,Main_Floor_B,Deployment_A,none,A_P024
A017,1440,63.08911736111111,63.023,6.006564848057243,54.379,74.653,55.322,55.619800000000005,56.72324999999999,68.668,70.988,71.98955000000001,0.5944444444444444,0.4326388888888889,0.1631944444444444,0.0,0.0,0.0159722222222222,11.944750000000012,20.274000000000008,1.0,Main_Floor_B,Deployment_A,none,A_P025
A017,1440,62.890990277777775,64.092,5.720884138836933,53.805,75.563,54.94295,55.253,56.59,67.9945,69.83030000000001,70.61625,0.6208333333333333,0.4395833333333333,0.0888888888888888,0.0,0.0,0.0611111111111111,11.4045,21.758000000000003,1.0,Main_Floor_B,Deployment_A,none,A_P026
A017,1440,63.32023333333333,64.356,4.988223672854255,52.939,73.547,55.17145,56.2291,57.963,67.293,69.36,70.287,0.6826388888888889,0.4541666666666666,0.0576388888888888,0.0,0.0,0.0402777777777777,9.330000000000004,20.608,1.0,Main_Floor_B,Deployment_A,none,A_P027
A017,1440,62.386371527777776,61.7,4.847613391303417,54.667,73.988,55.83,56.3657,57.595,66.715,68.88600000000001,69.98955000000001,0.625,0.3756944444444444,0.05,0.0,0.0,0.0041666666666666,9.120000000000005,19.321,1.0,Main_Floor_B,Deployment_A,none,A_P028
A017,1440,63.05560833333333,64.5605,5.164879959486028,53.954,76.826,55.5521,56.103,57.50975,67.391,69.40769999999999,70.50175,0.6493055555555556,0.4395833333333333,0.0659722222222222,0.0,0.0,0.0215277777777777,9.88125,22.871999999999996,1.0,Main_Floor_B,Deployment_A,none,A_P029
A017,1440,59.39199027777778,58.237,3.41472147825473,54.333,70.506,55.31745,55.736,56.503,62.279,64.1211,65.4328,0.4090277777777777,0.0611111111111111,0.0020833333333333,0.0,0.0,0.0222222222222222,5.776000000000003,16.173000000000002,1.0,Main_Floor_B,Deployment_A,none,A_P030
A017,805,60.09125217391304,59.597,2.767470164105568,54.54,68.724,56.025200000000005,56.448,57.989,62.575,63.6622,64.36739999999999,0.462111801242236,0.0298136645962732,0.0,0.0,0.0,0.0062111801242236,4.586000000000006,14.184000000000005,0.5590277777777778,Main_Floor_B,Deployment_A,none,A_P031
A018,54,59.25201851851852,61.6305,6.872953523175175,50.219,73.75,50.4446,50.654,52.06425,62.619,67.69120000000001,72.2564,0.6111111111111112,0.1296296296296296,0.0925925925925925,0.0,0.0,0.3888888888888889,10.55475,23.531,0.0375,Main_Floor_B,Deployment_A,none,A_P001
A018,112,59.61859821428572,62.075,5.168692851395681,51.562,66.333,52.3994,52.6571,53.12025,63.3245,65.6461,66.0,0.6160714285714286,0.1428571428571428,0.0,0.0,0.0,0.3392857142857143,10.204250000000002,14.771,0.0777777777777777,Main_Floor_B,Deployment_A,none,A_P002
A018,90,55.45486666666667,54.4585,3.146351049365393,52.25,65.0,52.45595,52.5869,53.2365,56.44825,60.856,61.89915,0.1666666666666666,0.0111111111111111,0.0,0.0,0.0,0.6555555555555556,3.211750000000002,12.75,0.0625,Main_Floor_B,Deployment_A,none,A_P003
A018,356,65.8145702247191,66.9855,5.3471865365841165,51.439,78.5,52.58525,60.0415,64.812,68.8655,71.134,72.6,0.901685393258427,0.7303370786516854,0.1657303370786516,0.0,0.0,0.0926966292134831,4.0535,27.061,0.2472222222222222,Main_Floor_B,Deployment_A,none,A_P004
A018,406,65.45233743842365,67.1095,6.411003246304405,50.1,77.455,51.522,52.068,65.3075,69.1685,71.128,72.55449999999999,0.8325123152709359,0.7758620689655172,0.1724137931034483,0.0,0.0,0.1625615763546798,3.86099999999999,27.355,0.2819444444444444,Main_Floor_B,Deployment_A,none,A_P005
A018,299,65.62642474916387,67.022,5.721141823267077,51.0,75.6,52.3804,52.9324,65.0885,68.699,71.0358,72.0,0.8595317725752508,0.7759197324414716,0.1672240802675585,0.0,0.0,0.1337792642140468,3.610500000000002,24.599999999999994,0.2076388888888889,Main_Floor_B,Deployment_A,none,A_P006
A018,342,65.15929239766082,65.0,3.4754671800394688,52.556,76.1,60.79085,61.1092,63.06175,67.0,69.6577,71.76635,0.97953216374269,0.5058479532163743,0.0818713450292397,0.0,0.0,0.0116959064327485,3.938250000000004,23.544,0.2375,Main_Floor_B,Deployment_A,none,A_P007
A018,136,58.33851470588235,57.8595,4.815417585038768,51.324,66.0,52.66175,52.8185,53.6225,62.0,65.2325,65.56625,0.4852941176470588,0.1544117647058823,0.0,0.0,0.0,0.4117647058823529,8.377499999999998,14.676000000000002,0.0944444444444444,Main_Floor_B,Deployment_A,low_attendance,A_P008
A018,139,55.21551798561151,53.789,3.403379310295383,51.286,63.543,51.9933,52.328,53.0,55.771,61.9744,62.3945,0.1654676258992805,0.0,0.0,0.0,0.0,0.7122302158273381,2.771000000000001,12.256999999999998,0.0965277777777777,Main_Floor_B,Deployment_A,low_attendance,A_P009
A018,258,59.26957364341085,61.5795,4.219020331405418,51.267,65.896,52.32505,52.7317,54.3785,62.46925,62.9355,63.13745,0.6589147286821705,0.0077519379844961,0.0,0.0,0.0,0.2790697674418604,8.090749999999993,14.628999999999998,0.1791666666666666,Main_Floor_B,Deployment_A,none,A_P010
A018,312,64.058,64.9565,4.501796333855109,51.938,75.1,52.8978,60.643800000000006,62.93125,66.3865,68.39850000000001,69.71975,0.9006410256410257,0.4871794871794871,0.0448717948717948,0.0,0.0,0.0993589743589743,3.4552499999999995,23.161999999999992,0.2166666666666666,Main_Floor_B,Deployment_A,none,A_P011
A018,373,63.76713136729222,64.613,4.428178605810105,51.0,73.618,52.6994,60.7122,61.927,66.427,68.4424,69.3826,0.900804289544236,0.4423592493297587,0.03485254691689,0.0,0.0,0.0884718498659517,4.500000000000007,22.617999999999995,0.2590277777777778,Main_Floor_B,Deployment_A,none,A_P012
A018,320,64.38516875,64.93950000000001,4.968834328047643,51.122,75.0,52.525650000000006,55.0,62.33,67.667,69.7814,70.84275,0.8875,0.49375,0.09375,0.0,0.0,0.103125,5.337000000000003,23.878,0.2222222222222222,Main_Floor_B,Deployment_A,none,A_P013
A018,223,65.47345739910314,65.857,4.302070565460784,50.0,74.077,60.2154,61.168800000000005,63.8805,67.9295,70.711,71.8995,0.9506726457399104,0.5919282511210763,0.1300448430493273,0.0,0.0044843049327354,0.0448430493273542,4.049000000000007,24.077,0.1548611111111111,Main_Floor_B,Deployment_A,none,A_P014
A018,415,65.19144096385543,65.5,4.644072887696813,50.719,78.02,53.0581,60.5512,63.602,67.63900000000001,70.53,72.0851,0.9373493975903614,0.5903614457831325,0.1228915662650602,0.0,0.0,0.0602409638554216,4.037000000000006,27.300999999999995,0.2881944444444444,Main_Floor_B,Deployment_A,broad_remote_work,A_P015
A018,298,59.76577516778524,60.325500000000005,3.159305408859996,51.079,69.765,52.30185,53.4633,60.0,60.90375,62.009,63.33045,0.7718120805369127,0.0302013422818791,0.0,0.0,0.0,0.1342281879194631,0.9037500000000024,18.686,0.2069444444444444,Main_Floor_B,Deployment_A,broad_remote_work,A_P016
A018,310,59.01952903225806,60.151,3.4081229139937195,51.347,64.082,52.93605,53.5184,55.485,61.22475,62.9305,63.6514,0.6258064516129033,0.0,0.0,0.0,0.0,0.2193548387096774,5.739750000000001,12.734999999999992,0.2152777777777778,Main_Floor_B,Deployment_A,none,A_P017
A018,174,57.24404022988506,57.8335,4.792788654933345,51.089,66.1,51.8065,52.0682,52.71525,62.0525,63.428,65.06345,0.3103448275862069,0.0517241379310344,0.0,0.0,0.0,0.4885057471264368,9.337250000000004,15.010999999999996,0.1208333333333333,Main_Floor_B,Deployment_A,none,A_P018
A018,132,56.45759848484849,54.944500000000005,4.255642221265496,51.309,64.667,51.87205,52.167,52.771,61.5595,62.3289,63.3284,0.303030303030303,0.0,0.0,0.0,0.0,0.5151515151515151,8.788499999999999,13.358000000000004,0.0916666666666666,Main_Floor_B,Deployment_A,none,A_P019
A018,91,55.591582417582416,54.413,3.893714116841068,51.333,65.182,51.913,52.209,52.6765,57.619,62.143,64.5275,0.1428571428571428,0.0329670329670329,0.0,0.0,0.0,0.5824175824175825,4.942499999999996,13.849000000000004,0.0631944444444444,Main_Floor_B,Deployment_A,none,A_P020
A018,260,63.39528461538462,65.0,5.85655484102557,51.459,78.5,52.2111,52.8935,61.39175,67.113,69.2479,71.00534999999999,0.7961538461538461,0.5153846153846153,0.0807692307692307,0.0,0.0,0.1884615384615384,5.721249999999998,27.041,0.1805555555555555,Main_Floor_B,Deployment_A,none,A_P021
A018,400,63.6400275,62.9695,3.7676611775231352,52.429,76.333,60.367450000000005,60.720600000000005,61.0665,66.22125,68.62650000000001,70.1728,0.9675,0.3575,0.0575,0.0,0.0,0.0325,5.15475,23.904,0.2777777777777778,Main_Floor_B,Deployment_A,none,A_P022
A018,481,61.44148232848233,62.818,4.656928005693012,51.966,71.773,52.581,52.947,60.889,65.0,65.733,66.0,0.7920997920997921,0.2661122661122661,0.002079002079002,0.0,0.0,0.2058212058212058,4.110999999999997,19.806999999999995,0.3340277777777777,Main_Floor_B,Deployment_A,none,A_P023
A018,282,57.01157092198582,55.0215,4.975276060253847,51.778,67.839,52.46245,52.7056,53.438,61.58775,65.0,67.18555,0.2553191489361702,0.1063829787234042,0.0,0.0,0.0,0.5,8.149749999999997,16.061,0.1958333333333333,Main_Floor_B,Deployment_A,none,A_P024
A018,366,65.644043715847,66.717,5.643724675405621,51.92,77.393,53.014,60.0,60.66875,69.63775,72.19550000000001,73.70975,0.9016393442622952,0.5819672131147541,0.226775956284153,0.0,0.0,0.0683060109289617,8.968999999999994,25.473,0.2541666666666666,Main_Floor_B,Deployment_A,none,A_P025
A018,509,65.9944557956778,66.107,4.540685291218568,51.127,78.455,60.837,61.041,63.0,68.519,71.8394,73.2042,0.9724950884086444,0.6168958742632613,0.1807465618860511,0.0,0.0,0.0275049115913556,5.5190000000000055,27.328,0.3534722222222222,Main_Floor_B,Deployment_A,none,A_P026
A018,344,65.95429360465116,66.9265,5.116536198882768,51.564,75.158,52.5326,54.0053,65.31349999999999,68.6935,70.6208,71.5707,0.8924418604651163,0.8052325581395349,0.1337209302325581,0.0,0.0,0.1046511627906976,3.3800000000000097,23.594,0.2388888888888889,Main_Floor_B,Deployment_A,none,A_P027
A018,293,65.49606825938567,65.267,4.409661273076408,52.0,76.8,60.3724,60.6996,63.462,68.4,70.6474,72.07839999999999,0.955631399317406,0.5324232081911263,0.136518771331058,0.0,0.0,0.0443686006825938,4.938000000000002,24.8,0.2034722222222222,Main_Floor_B,Deployment_A,none,A_P028
A018,207,64.90538647342996,65.247,4.327565654116635,51.735,73.667,52.6247,61.0,63.585,67.314,69.6814,70.9646,0.932367149758454,0.5700483091787439,0.0869565217391304,0.0,0.0,0.0676328502415458,3.728999999999992,21.932,0.14375,Main_Floor_B,Deployment_A,none,A_P029
A018,183,56.48866666666667,54.635,4.134805997991397,51.9,66.667,52.4578,52.5912,53.044,61.2645,62.1338,63.0477,0.3333333333333333,0.0163934426229508,0.0,0.0,0.0,0.5737704918032787,8.220500000000001,14.767000000000005,0.1270833333333333,Main_Floor_B,Deployment_A,none,A_P030
A018,73,59.78132876712329,61.762,4.896054823514072,52.089,66.0,52.5732,52.6972,53.25,63.688,65.0,65.2114,0.6575342465753424,0.1232876712328767,0.0,0.0,0.0,0.3150684931506849,10.438000000000002,13.911,0.0506944444444444,Main_Floor_B,Deployment_A,none,A_P031
A019,469,53.66772281449894,50.673,4.406088622907923,48.75,65.314,49.1528,49.3378,49.641,57.543,58.9824,60.5892,0.0703624733475479,0.0021321961620469,0.0,0.0,0.3923240938166311,0.5565031982942431,7.902000000000001,16.563999999999993,0.3256944444444444,Main_Floor_B,Deployment_A,none,A_P001
A019,1093,50.89587740164685,49.704,2.342364894320001,47.543,60.826,48.0286,48.2506,49.109,52.693,53.9758,54.637,0.0027447392497712,0.0,0.0,0.0,0.5416285452881976,0.9634034766697164,3.583999999999996,13.283,0.7590277777777777,Main_Floor_B,Deployment_A,none,A_P002
A019,1048,51.48015839694656,50.3805,2.916559561036217,47.582,60.253,48.09975,48.326,48.772,54.424,55.143,55.8908,0.0009541984732824,0.0,0.0,0.0,0.4818702290076336,0.8835877862595419,5.652000000000001,12.671,0.7277777777777777,Main_Floor_B,Deployment_A,none,A_P003
A019,1298,55.96691294298921,58.2945,6.12660833541498,47.435,68.174,48.385,48.714,49.591750000000005,61.58425,63.6333,64.68665,0.3389830508474576,0.0315870570107858,0.0,0.0,0.310477657935285,0.4560862865947612,11.9925,20.739000000000004,0.9013888888888888,Main_Floor_B,Deployment_A,none,A_P004
A019,1263,56.93536421219319,58.467,6.350596432579746,48.326,69.315,48.761,49.035,49.9265,62.62,64.8754,66.0,0.4220110847189232,0.0950118764845605,0.0,0.0,0.2676167854315123,0.403008709422011,12.693499999999991,20.989,0.8770833333333333,Main_Floor_B,Deployment_A,none,A_P005
A019,1196,56.86694565217391,57.235,5.654818541233843,48.25,69.533,48.707,49.12,51.40575,61.98075,64.0055,64.967,0.3846153846153846,0.0476588628762541,0.0,0.0,0.1471571906354515,0.403010033444816,10.575000000000005,21.283,0.8305555555555556,Main_Floor_B,Deployment_A,none,A_P006
A019,1214,55.96169522240528,56.295,5.1930773199019535,48.576,67.826,49.14815,49.348,50.9945,60.8035,62.7107,64.196,0.2998352553542009,0.0280065897858319,0.0,0.0,0.2240527182866556,0.4686985172981878,9.808999999999996,19.249999999999996,0.8430555555555556,Main_Floor_B,Deployment_A,none,A_P007
A019,1033,51.63075798644724,50.054,2.7082449760476592,48.446,59.87,48.8754,49.022,49.413,53.978,55.62,56.475,0.0,0.0,0.0,0.0,0.4830590513068732,0.8470474346563408,4.565000000000005,11.424,0.7173611111111111,Main_Floor_B,Deployment_A,low_attendance,A_P008
A019,1164,51.61221649484536,52.098,2.7418660912710484,47.772,59.728,48.39175,48.587,49.08575,53.46325,55.533,56.2687,0.0,0.0,0.0,0.0,0.4733676975945017,0.8479381443298969,4.377499999999998,11.956000000000005,0.8083333333333333,Main_Floor_B,Deployment_A,low_attendance,A_P009
A019,1084,51.92757011070111,51.4675,2.933492736635363,47.87,59.747,48.348,48.5253,48.989,54.719,55.5582,56.15035,0.0,0.0,0.0,0.0,0.4280442804428044,0.8247232472324724,5.730000000000004,11.877000000000002,0.7527777777777778,Main_Floor_B,Deployment_A,none,A_P010
A019,1146,57.36313438045375,58.527,5.25341216953079,48.022,72.272,48.6575,49.196,52.277,61.543,63.3805,64.73625,0.4162303664921466,0.0418848167539267,0.0017452006980802,0.0,0.1369982547993019,0.3324607329842932,9.265999999999998,24.250000000000007,0.7958333333333333,Main_Floor_B,Deployment_A,none,A_P011
A019,1187,57.28908424599831,57.25,5.340420169470629,48.374,68.522,50.5514,50.859,51.826,62.301,64.07,64.7443,0.4153327716933446,0.0404380791912384,0.0,0.0,0.0429654591406908,0.4195450716090985,10.475,20.148000000000003,0.8243055555555555,Main_Floor_B,Deployment_A,none,A_P012
A019,1237,57.90162247372676,59.5,5.776442925881535,48.37,70.663,48.9108,49.153200000000005,51.098,62.772,64.5538,65.4872,0.4680679062247372,0.0751818916734033,0.0008084074373484,0.0,0.1471301535974131,0.3177041228779305,11.674,22.293,0.8590277777777777,Main_Floor_B,Deployment_A,none,A_P013
A019,1141,56.559017528483785,58.598,5.228112553122161,48.176,68.655,48.815,50.293,50.967,60.89,62.87,64.098,0.3339176161262051,0.0254163014899211,0.0,0.0,0.0911481156879929,0.4373356704645048,9.923000000000002,20.479,0.7923611111111111,Main_Floor_B,Deployment_A,none,A_P014
A019,1235,56.35480242914979,57.598,6.35792030968759,47.967,70.978,48.5217,48.6914,49.1255,62.293,64.3094,65.24449999999999,0.3748987854251012,0.0599190283400809,0.0008097165991902,0.0,0.3659919028340081,0.4064777327935223,13.167499999999997,23.011,0.8576388888888888,Main_Floor_B,Deployment_A,broad_remote_work,A_P015
A019,1261,51.77770261697066,50.978,2.5419786917733376,47.957,59.066,48.704,48.978,49.62,54.402,55.337,55.826,0.0,0.0,0.0,0.0,0.4091990483743061,0.8556701030927835,4.782000000000004,11.109000000000002,0.8756944444444444,Main_Floor_B,Deployment_A,broad_remote_work,A_P016
A019,1027,51.04977020447907,50.505,2.04199802103302,48.261,57.33,48.7518,48.989,49.435,51.9835,54.5674,55.1097,0.0,0.0,0.0,0.0,0.3865628042843232,0.9415774099318404,2.548499999999997,9.068999999999996,0.7131944444444445,Main_Floor_B,Deployment_A,none,A_P017
A019,1042,51.70002399232246,50.011,3.2784483379652527,47.062,65.783,48.42455,48.6291,49.054,55.00825,56.152,56.76045,0.0095969289827255,0.0019193857965451,0.0,0.0,0.4980806142034549,0.7495201535508638,5.954250000000002,18.721000000000004,0.7236111111111111,Main_Floor_B,Deployment_A,none,A_P018
A019,1100,51.50345363636364,51.1575,2.770842040747361,48.033,59.696,48.435,48.576,48.935,53.87025,55.2621,56.087,0.0,0.0,0.0,0.0,0.4727272727272727,0.8863636363636364,4.935249999999996,11.662999999999997,0.7638888888888888,Main_Floor_B,Deployment_A,none,A_P019
A019,1077,51.67443918291551,51.033,3.579700797094084,47.739,64.055,48.174,48.495,48.946,53.087,54.9766,61.1608,0.075208913649025,0.0,0.0,0.0,0.4623955431754875,0.9006499535747446,4.141000000000005,16.31600000000001,0.7479166666666667,Main_Floor_B,Deployment_A,none,A_P020
A019,1155,56.92761558441558,57.783,5.1868134938046895,48.087,67.75,48.9284,49.3606,50.2365,61.309,62.9192,63.9989,0.3636363636363636,0.0199134199134199,0.0,0.0,0.2354978354978355,0.3177489177489177,11.072499999999998,19.663,0.8020833333333334,Main_Floor_B,Deployment_A,none,A_P021
A019,1196,56.74660953177258,58.831500000000005,6.07196229409929,48.291,69.066,49.12,49.4725,50.11725,62.05325,64.152,65.682,0.4080267558528428,0.0719063545150501,0.0,0.0,0.2265886287625418,0.4347826086956521,11.936,20.77500000000001,0.8305555555555556,Main_Floor_B,Deployment_A,none,A_P022
A019,1117,52.56409221128022,50.641,3.428527916901549,48.261,62.924,48.728,48.9846,49.609,55.275,57.2732,58.8932,0.0170098478066248,0.0,0.0,0.0,0.3634735899731423,0.6991942703670546,5.665999999999997,14.662999999999997,0.7756944444444445,Main_Floor_B,Deployment_A,none,A_P023
A019,1091,51.54792667277727,50.036,2.699374867171518,48.217,58.935,48.6555,48.815,49.1095,54.443,55.075,55.337,0.0,0.0,0.0,0.0,0.4967919340054995,0.8808432630614116,5.333500000000001,10.718000000000004,0.7576388888888889,Main_Floor_B,Deployment_A,none,A_P024
A019,1271,57.59450590086546,59.725,6.526594741716595,48.402,70.793,49.1805,49.407,50.071,63.152,65.442,66.7225,0.4657749803304484,0.1227380015735641,0.001573564122738,0.0,0.2423288749016522,0.4059795436664044,13.081000000000005,22.391000000000005,0.8826388888888889,Main_Floor_B,Deployment_A,none,A_P025
A019,1282,56.87279095163807,57.20099999999999,6.164960127519647,48.076,69.489,48.783,49.011,49.788250000000005,62.7715,64.3579,65.35844999999999,0.4141965678627145,0.0663026521060842,0.0,0.0,0.2698907956318253,0.4625585023400936,12.983249999999998,21.413000000000004,0.8902777777777777,Main_Floor_B,Deployment_A,none,A_P026
A019,1252,56.45733466453674,57.13,5.891436095724397,47.978,69.451,48.783,49.0121,49.91025,61.2335,64.0969,65.4802,0.3370607028753993,0.0678913738019169,0.0,0.0,0.2643769968051118,0.3833865814696485,11.323250000000002,21.472999999999992,0.8694444444444445,Main_Floor_B,Deployment_A,none,A_P027
A019,1440,57.101111805555554,56.517,5.354517698400781,47.935,68.37,49.174,49.424,53.626,61.89625,63.946,65.00055,0.3701388888888889,0.0506944444444444,0.0,0.0,0.1979166666666666,0.3715277777777778,8.270249999999997,20.435,1.0,Main_Floor_B,Deployment_A,none,A_P028
A019,1094,57.21480164533821,59.293,5.565503067740882,48.739,68.761,49.23515,49.4585,50.185500000000005,61.30125,63.8926,65.17455,0.3628884826325411,0.0548446069469835,0.0,0.0,0.2285191956124314,0.3354661791590493,11.115749999999998,20.022,0.7597222222222222,Main_Floor_B,Deployment_A,none,A_P029
A019,973,53.62418191161356,51.707,3.4811681966217045,48.87,63.536,49.424,50.0372,50.598,56.761,57.772,59.1306,0.0318602261048304,0.0,0.0,0.0,0.0976361767728674,0.5673175745118191,6.163000000000004,14.666000000000004,0.6756944444444445,Main_Floor_B,Deployment_A,none,A_P030
A019,619,53.69431663974152,53.978,2.229647600821432,49.902,63.424,50.293,50.4118,51.5805,55.031000000000006,56.1318,56.885000000000005,0.0064620355411954,0.0,0.0,0.0,0.0032310177705977,0.7447495961227787,3.450500000000005,13.521999999999998,0.4298611111111111,Main_Floor_B,Deployment_A,none,A_P031
A020,560,57.285114285714286,54.8205,3.7116006934806034,53.63,67.802,54.06595,54.1951,54.39475,59.62375,63.534600000000005,64.60455,0.2178571428571428,0.0392857142857142,0.0,0.0,0.0,0.5285714285714286,5.228999999999999,14.172000000000004,0.3888888888888889,Main_Floor_B,Deployment_A,none,A_P001
A020,1440,56.54552291666667,54.824,2.5402547856710926,53.424,63.473,53.9335,54.086000000000006,54.283,58.859,59.956100000000006,60.396,0.0902777777777777,0.0,0.0,0.0,0.0,0.5291666666666667,4.5760000000000005,10.049,1.0,Main_Floor_B,Deployment_A,none,A_P002
A020,1440,55.49078333333333,54.6335,2.0276596995361373,52.793,61.478,53.2925,53.467,54.0,57.74375,58.7473,59.10905,0.0069444444444444,0.0,0.0,0.0,0.0,0.6006944444444444,3.743749999999999,8.685000000000002,1.0,Main_Floor_B,Deployment_A,none,A_P003
A020,1440,61.41876111111112,62.7595,5.334778330788772,52.637,73.516,53.3188,53.62,57.36825,66.04675,67.5402,68.17875,0.5923611111111111,0.3673611111111111,0.0090277777777777,0.0,0.0,0.2243055555555555,8.678500000000007,20.879000000000005,1.0,Main_Floor_B,Deployment_A,none,A_P004
A020,1440,61.52208194444445,63.222,5.839807030111868,53.352,72.703,53.760450000000006,53.924,54.413,66.37975,68.5842,69.65129999999999,0.5944444444444444,0.375,0.0423611111111111,0.0,0.0,0.3256944444444444,11.966750000000005,19.35100000000001,1.0,Main_Floor_B,Deployment_A,none,A_P005
A020,1440,60.742776388888885,61.2255,5.377735955875578,53.125,72.077,53.725,53.8908,54.745,65.593,67.3751,68.3114,0.5625,0.3055555555555556,0.0118055555555555,0.0,0.0,0.2902777777777778,10.848000000000006,18.952,1.0,Main_Floor_B,Deployment_A,none,A_P006
A020,1440,60.88244305555555,61.083,4.391252045565058,53.389,70.505,54.087,54.3186,56.81075,64.87299999999999,66.3786,67.00055,0.5701388888888889,0.2375,0.0013888888888888,0.0,0.0,0.1381944444444444,8.062249999999992,17.115999999999993,1.0,Main_Floor_B,Deployment_A,none,A_P007
A020,1440,57.04522708333333,57.087,0.7319960557770898,55.196,59.538,55.837,55.9769,56.522,57.605,57.88,58.10005,0.0,0.0,0.0,0.0,0.0,0.0,1.0829999999999984,4.341999999999999,1.0,Main_Floor_B,Deployment_A,low_attendance,A_P008
A020,1440,57.73081319444445,56.576,1.8724450201657588,55.196,69.714,55.62,55.783,56.033,59.6435,59.902,60.065,0.0715277777777777,0.0013888888888888,0.0,0.0,0.0,0.0,3.610500000000002,14.518,1.0,Main_Floor_B,Deployment_A,low_attendance,A_P009
A020,1440,56.08745277777778,56.1255,0.9105906584831648,53.663,61.783,54.6628,54.804,55.4715,56.674,57.1641,57.587300000000006,0.0013888888888888,0.0,0.0,0.0,0.0,0.1548611111111111,1.2025000000000006,8.120000000000005,1.0,Main_Floor_B,Deployment_A,none,A_P010
A020,1440,61.97858611111111,62.967,4.820608662526119,53.826,72.319,54.77905,54.978,57.696,66.06875,67.9252,68.8581,0.6305555555555555,0.3597222222222222,0.0145833333333333,0.0,0.0,0.10625,8.372749999999996,18.493,1.0,Main_Floor_B,Deployment_A,none,A_P011
A020,1440,61.410947916666665,62.3605,4.930929091290128,53.802,71.692,54.4017,54.648,55.98625,65.70575,67.4153,68.363,0.6173611111111111,0.3180555555555555,0.0069444444444444,0.0,0.0,0.1409722222222222,9.719499999999996,17.889999999999993,1.0,Main_Floor_B,Deployment_A,none,A_P012
A020,1440,61.26246319444444,61.6335,4.947325483804645,52.952,72.128,54.0,54.163,57.32425,65.418,67.2393,68.29755,0.59375,0.2958333333333333,0.0131944444444444,0.0,0.0,0.2173611111111111,8.093750000000007,19.176,1.0,Main_Floor_B,Deployment_A,none,A_P013
A020,1440,61.5917625,61.907,5.332675909814994,53.652,74.198,54.196,54.3868,56.31225,66.25375,68.1002,69.396,0.5833333333333334,0.3548611111111111,0.0333333333333333,0.0,0.0,0.2034722222222222,9.941499999999998,20.545999999999992,1.0,Main_Floor_B,Deployment_A,none,A_P014
A020,1440,61.46263680555556,62.8185,5.800534693252247,53.565,74.099,53.935,54.076,54.511,66.4975,68.25410000000001,69.55485,0.6076388888888888,0.3861111111111111,0.0333333333333333,0.0,0.0,0.3159722222222222,11.9865,20.53400000000001,1.0,Main_Floor_B,Deployment_A,broad_remote_work,A_P015
A020,1440,56.10282708333333,55.098,2.291299616950569,53.261,65.44,53.967,54.1628,54.61425,57.1685,59.9575,60.21755,0.09375,0.0006944444444444,0.0,0.0,0.0,0.4548611111111111,2.554249999999996,12.178999999999997,1.0,Main_Floor_B,Deployment_A,broad_remote_work,A_P016
A020,1440,56.27629722222223,56.492,1.6344722347908502,53.793,60.923,54.239,54.3978,54.739,56.81875,59.21130000000001,59.75615,0.0201388888888888,0.0,0.0,0.0,0.0,0.3340277777777777,2.079750000000004,7.130000000000003,1.0,Main_Floor_B,Deployment_A,none,A_P017
A020,1440,55.71826597222222,55.0535,1.6607026433783545,53.478,64.297,54.1295,54.228,54.49875,56.565,58.2549,59.3152,0.0305555555555555,0.0,0.0,0.0,0.0,0.4826388888888889,2.0662499999999966,10.818999999999996,1.0,Main_Floor_B,Deployment_A,none,A_P018
A020,1440,55.46106180555556,54.9715,1.6761278744456385,53.478,65.761,53.87,53.967,54.196,56.12,57.8811,59.0661,0.025,0.0006944444444444,0.0,0.0,0.0,0.5076388888888889,1.9239999999999997,12.282999999999994,1.0,Main_Floor_B,Deployment_A,none,A_P019
A020,1440,55.49578263888888,55.489,1.2217194069093094,53.435,60.429,53.859,53.9989,54.304,56.543,56.902,57.18555,0.0006944444444444,0.0,0.0,0.0,0.0,0.4486111111111111,2.238999999999997,6.994,1.0,Main_Floor_B,Deployment_A,none,A_P020
A020,1440,60.66377638888889,61.446,4.868871203368864,53.791,70.689,54.239,54.489,54.8475,65.0,66.4676,67.22815,0.5875,0.2513888888888889,0.0034722222222222,0.0,0.0,0.2923611111111111,10.152500000000003,16.897999999999996,1.0,Main_Floor_B,Deployment_A,none,A_P021
A020,1440,61.23787152777778,62.6575,5.713943068800262,53.624,72.674,54.258,54.4826,54.815,66.25,68.3594,69.27685,0.5611111111111111,0.3604166666666666,0.0270833333333333,0.0,0.0,0.2902777777777778,11.435000000000002,19.050000000000004,1.0,Main_Floor_B,Deployment_A,none,A_P022
A020,1440,57.23338611111111,57.1315,2.1847460338285374,53.609,63.728,54.239,54.4396,54.9865,58.793,60.925,61.1521,0.1256944444444444,0.0,0.0,0.0,0.0,0.25625,3.8065,10.119,1.0,Main_Floor_B,Deployment_A,none,A_P023
A020,1440,55.95373611111111,55.565,1.2301642561449917,53.4,60.163,54.652,54.7607,54.94575,56.8935,57.696,58.391,0.0006944444444444,0.0,0.0,0.0,0.0,0.2965277777777778,1.9477500000000063,6.762999999999998,1.0,Main_Floor_B,Deployment_A,none,A_P024
A020,1440,61.85021180555555,62.575500000000005,4.989525531567036,54.44,73.163,54.902,55.7012,56.435,66.25274999999999,68.14210000000001,68.94505,0.6152777777777778,0.3548611111111111,0.0180555555555555,0.0,0.0,0.0715277777777777,9.81774999999999,18.723,1.0,Main_Floor_B,Deployment_A,none,A_P025
A020,1440,61.99709166666667,62.161,4.988250861089672,54.12,72.826,54.598,54.8799,56.56225,66.522,68.12100000000001,68.93555,0.6208333333333333,0.3756944444444444,0.0159722222222222,0.0,0.0,0.11875,9.959750000000009,18.706,1.0,Main_Floor_B,Deployment_A,none,A_P026
A020,1440,61.77523819444444,62.448,4.954215148840452,54.01,72.772,54.505,54.837,56.7925,65.92675,67.7052,68.65255,0.6194444444444445,0.3645833333333333,0.0159722222222222,0.0,0.0,0.1201388888888888,9.134250000000002,18.762000000000008,1.0,Main_Floor_B,Deployment_A,none,A_P027
A020,1440,61.27885625,61.3385,5.26671951857256,52.582,75.217,54.702650000000006,54.859,56.148,65.90125,68.05510000000001,69.17835000000001,0.5388888888888889,0.3208333333333333,0.0361111111111111,0.0,0.0,0.1465277777777777,9.75325,22.635,1.0,Main_Floor_B,Deployment_A,none,A_P028
A020,1440,61.83244930555556,62.896,5.043133308703384,53.554,71.204,54.315,54.6195,55.40575,66.041,67.676,68.54545,0.6833333333333333,0.3402777777777778,0.0069444444444444,0.0,0.0,0.1902777777777777,10.63525,17.64999999999999,1.0,Main_Floor_B,Deployment_A,none,A_P029
A020,1440,57.2255,55.707,2.613485132248461,53.598,64.098,54.29265,54.489,55.108,60.41425,60.957,61.228,0.2979166666666666,0.0,0.0,0.0,0.0,0.2215277777777777,5.306249999999992,10.5,1.0,Main_Floor_B,Deployment_A,none,A_P030
A020,805,56.96028447204969,56.427,1.4926916161802573,54.804,62.88,55.337,55.457,55.692,58.33,59.0716,59.4914,0.0285714285714285,0.0,0.0,0.0,0.0,0.0074534161490683,2.637999999999998,8.076,0.5590277777777778,Main_Floor_B,Deployment_A,none,A_P031
A021,560,61.250053571428566,59.293,3.3932398749050554,58.956,73.549,59.098,59.13,59.185,61.326,67.2579,68.76955000000001,0.4071428571428571,0.1785714285714285,0.0285714285714285,0.0,0.0,0.0,2.1409999999999982,14.593000000000004,0.3888888888888889,Main_Floor_C,Deployment_A,none,A_P001
A021,1440,59.79573333333333,59.196,2.222358919526612,57.167,67.451,57.359,57.413,57.543,61.335,63.077,63.38555,0.3645833333333333,0.0090277777777777,0.0,0.0,0.0,0.0,3.7920000000000016,10.283999999999992,1.0,Main_Floor_C,Deployment_A,none,A_P002
A021,1440,58.70472986111111,57.793,1.791907237621151,57.152,69.231,57.33,57.391,57.53675,59.576,61.1742,63.571,0.1729166666666666,0.0020833333333333,0.0,0.0,0.0,0.0,2.0392500000000027,12.078999999999994,1.0,Main_Floor_C,Deployment_A,none,A_P003
A021,1440,63.25791805555556,62.202,5.343761792607315,57.187,75.121,57.391,57.451,57.5855,68.275,70.407,71.49745,0.6006944444444444,0.4284722222222222,0.1243055555555555,0.0,0.0,0.0,10.68950000000001,17.933999999999997,1.0,Main_Floor_C,Deployment_A,none,A_P004
A021,1440,62.69748611111111,61.912,4.898498536373809,56.769,74.495,57.0,57.0769,57.462,67.066,69.747,71.044,0.6416666666666667,0.3486111111111111,0.0895833333333333,0.0,0.0,0.0,9.604,17.726000000000006,1.0,Main_Floor_C,Deployment_A,none,A_P005
A021,1440,61.69063402777778,60.033,4.56772617807769,56.609,73.56,56.87,56.944,57.13,66.011,68.34479999999999,69.29809999999999,0.5076388888888889,0.30625,0.0277777777777777,0.0,0.0,0.0,8.880999999999993,16.951,1.0,Main_Floor_C,Deployment_A,none,A_P006
A021,1440,62.8061125,62.076,4.001600318143665,56.62,74.044,56.88,57.043,59.8775,66.17875000000001,68.52040000000001,69.48424999999999,0.7215277777777778,0.3138888888888889,0.03125,0.0,0.0,0.0,6.30125000000001,17.424,1.0,Main_Floor_C,Deployment_A,none,A_P007
A021,1440,57.88830277777778,57.424,0.908938613848527,57.033,63.717,57.1889,57.2328,57.315,59.154,59.326,59.374,0.00625,0.0,0.0,0.0,0.0,0.0,1.8390000000000055,6.6839999999999975,1.0,Main_Floor_C,Deployment_A,low_attendance,A_P008
A021,1440,57.3745513888889,57.374,0.1323852281901795,57.033,58.63,57.174,57.207,57.283,57.462,57.533,57.58225,0.0,0.0,0.0,0.0,0.0,0.0,0.179000000000002,1.5970000000000013,1.0,Main_Floor_C,Deployment_A,low_attendance,A_P009
A021,1440,58.7846625,57.522,2.003898124709623,57.043,65.549,57.207,57.25,57.341,60.359,61.967,62.8471,0.2784722222222222,0.0034722222222222,0.0,0.0,0.0,0.0,3.0180000000000007,8.506000000000007,1.0,Main_Floor_C,Deployment_A,none,A_P010
A021,1440,62.6919625,61.9345,4.600125256322215,56.851,76.791,57.06595,57.185,57.54625,66.69749999999999,69.06710000000001,70.209,0.6805555555555556,0.3472222222222222,0.0583333333333333,0.0,0.0,0.0,9.15124999999999,19.94,1.0,Main_Floor_C,Deployment_A,none,A_P011
A021,1440,62.09932638888889,61.492,4.296767469990947,56.813,74.242,57.152,57.25,57.533,65.601,68.02640000000001,69.31075,0.61875,0.2902777777777778,0.0368055555555555,0.0,0.0,0.0,8.067999999999998,17.429000000000002,1.0,Main_Floor_C,Deployment_A,none,A_P012
A021,1440,61.9903375,60.5055,4.761316927774234,56.63,73.264,56.924,57.033,57.4255,66.451,68.9154,69.9465,0.5659722222222222,0.3381944444444444,0.0479166666666666,0.0,0.0,0.0,9.025499999999994,16.633999999999993,1.0,Main_Floor_C,Deployment_A,none,A_P013
A021,1440,62.64087083333334,61.3445,5.03779676684708,56.75,74.637,56.957,57.043,57.516,67.46325,69.5875,70.615,0.5361111111111111,0.3805555555555555,0.0840277777777777,0.0,0.0,0.0,9.947250000000004,17.887,1.0,Main_Floor_C,Deployment_A,none,A_P014
A021,1440,62.11963958333334,61.7745,4.452334813458608,56.703,72.11,56.9335,57.0,57.152,66.14574999999999,67.9912,68.86529999999999,0.6243055555555556,0.3513888888888888,0.0194444444444444,0.0,0.0,0.0,8.993749999999991,15.406999999999996,1.0,Main_Floor_C,Deployment_A,broad_remote_work,A_P015
A021,1440,57.17678263888889,57.196,0.2085302199966018,56.652,60.707,56.85655,56.913,57.077,57.283,57.363,57.413,0.0006944444444444,0.0,0.0,0.0,0.0,0.0,0.206000000000003,4.055,1.0,Main_Floor_C,Deployment_A,broad_remote_work,A_P016
A021,1410,57.43650567375887,57.446,0.2625363815466994,56.837,59.413,57.054,57.11,57.283,57.559250000000006,57.674,57.783,0.0,0.0,0.0,0.0,0.0,0.0,0.2762500000000045,2.5759999999999934,0.9791666666666666,Main_Floor_C,Deployment_A,none,A_P017
A021,1440,57.817772222222224,57.826,0.292265545206988,57.12,59.826,57.35865,57.446,57.652,57.989,58.12,58.22,0.0,0.0,0.0,0.0,0.0,0.0,0.3369999999999962,2.706000000000003,1.0,Main_Floor_C,Deployment_A,none,A_P018
A021,1440,58.60884375,58.217,0.7594634283413795,57.402,60.099,57.641,57.728,57.924,59.385,59.5276,59.609,0.0013888888888888,0.0,0.0,0.0,0.0,0.0,1.4609999999999983,2.696999999999996,1.0,Main_Floor_C,Deployment_A,none,A_P019
A021,1440,59.04816111111111,59.293,1.17499219952824,57.132,63.261,57.60875,57.663,57.824,59.7565,60.4076,61.30475,0.15,0.0,0.0,0.0,0.0,0.0,1.9325000000000043,6.129000000000005,1.0,Main_Floor_C,Deployment_A,none,A_P020
A021,1440,62.95047361111112,62.75,3.626241508902509,57.478,72.891,57.727450000000005,57.837,59.565,65.793,67.85,68.8631,0.6909722222222222,0.3173611111111111,0.0180555555555555,0.0,0.0,0.0,6.228000000000009,15.413000000000004,1.0,Main_Floor_C,Deployment_A,none,A_P021
A021,1440,63.48468263888889,63.033,2.9882893000691024,58.989,73.121,59.207,59.283,62.22675,65.62,67.7932,68.88024999999999,0.7986111111111112,0.2986111111111111,0.0138888888888888,0.0,0.0,0.0,3.393250000000009,14.131999999999998,1.0,Main_Floor_C,Deployment_A,none,A_P022
A021,1440,59.26165833333334,57.837,2.189877848396224,57.326,64.728,57.49945,57.5698,57.69525,62.326,62.446,62.50715,0.325,0.0,0.0,0.0,0.0,0.0,4.630749999999999,7.401999999999994,1.0,Main_Floor_C,Deployment_A,none,A_P023
A021,1440,59.803463888888885,57.891,3.026298914566657,57.25,75.717,57.478,57.543,57.685,61.9155,64.956,65.12005,0.3465277777777777,0.0805555555555555,0.0020833333333333,0.0,0.0,0.0,4.230499999999992,18.467,1.0,Main_Floor_C,Deployment_A,none,A_P024
A021,1440,64.21782361111111,63.033,4.523460829776788,57.489,79.308,57.783,58.1995,59.745,68.30725,70.054,71.04535,0.7326388888888888,0.4361111111111111,0.1027777777777777,0.0,0.0,0.0,8.562249999999999,21.81900000000001,1.0,Main_Floor_C,Deployment_A,none,A_P025
A021,1440,62.72580833333333,61.803,4.296413997479099,57.16,73.587,57.45675,57.522,59.13,66.424,68.89320000000001,70.348,0.6506944444444445,0.3284722222222222,0.0569444444444444,0.0,0.0,0.0,7.294000000000004,16.427000000000007,1.0,Main_Floor_C,Deployment_A,none,A_P026
A021,1440,62.5901875,62.337,4.857619526524483,56.696,75.174,57.011,57.076,57.4645,66.60925,69.3154,70.70535,0.6125,0.3569444444444444,0.0756944444444444,0.0,0.0,0.0,9.144750000000002,18.47800000000001,1.0,Main_Floor_C,Deployment_A,none,A_P027
A021,1440,62.96934375,61.728,4.332860864155853,56.967,73.25,57.185,57.3249,59.281,66.54575,69.1301,70.29400000000001,0.6368055555555555,0.3722222222222222,0.0618055555555555,0.0,0.0,0.0,7.264749999999999,16.283,1.0,Main_Floor_C,Deployment_A,none,A_P028
A021,1440,62.40386111111111,61.197,4.225317671131394,56.913,81.359,57.1626,57.2667,59.109,65.49625,68.4845,69.90415,0.6145833333333334,0.2770833333333333,0.0472222222222222,0.0,0.0,0.0,6.387250000000002,24.446,1.0,Main_Floor_C,Deployment_A,none,A_P029
A021,1440,57.55023680555556,57.557500000000005,0.2250511581858028,57.011,59.989,57.217,57.2747,57.396,57.681,57.783,57.8483,0.0,0.0,0.0,0.0,0.0,0.0,0.2849999999999966,2.9779999999999944,1.0,Main_Floor_C,Deployment_A,none,A_P030
A021,805,57.63460993788819,57.63,0.2216404115688665,57.13,59.261,57.326,57.37,57.451,57.791,57.88,57.957,0.0,0.0,0.0,0.0,0.0,0.0,0.3399999999999963,2.131,0.5590277777777778,Main_Floor_C,Deployment_A,none,A_P031
A022,560,59.58867321428571,56.824,4.739491216702362,56.054,74.337,56.293,56.3626,56.54175,60.791,68.3921,70.5388,0.2714285714285714,0.1660714285714285,0.0625,0.0,0.0,0.0,4.249249999999996,18.283,0.3888888888888889,Main_Floor_C,Deployment_A,none,A_P001
A022,1440,57.13904375,56.587,1.7297133321528118,54.576,63.163,55.055,55.217,55.55275,58.73675,59.3746,59.89305,0.0451388888888888,0.0,0.0,0.0,0.0,0.0347222222222222,3.183999999999997,8.586999999999996,1.0,Main_Floor_C,Deployment_A,none,A_P002
A022,1440,57.814840277777776,56.2165,2.800900648266932,54.769,69.565,55.098,55.33,55.54875,59.8575,61.871,63.39685,0.2305555555555555,0.0125,0.0,0.0,0.0,0.0229166666666666,4.308750000000003,14.796,1.0,Main_Floor_C,Deployment_A,none,A_P003
A022,1390,62.01767482014388,62.282,6.019623096260761,54.198,76.076,55.20095,55.319,55.533,67.5,69.7621,71.098,0.5726618705035971,0.3935251798561151,0.0906474820143884,0.0,0.0,0.0158273381294964,11.967,21.877999999999997,0.9652777777777778,Main_Floor_C,Deployment_A,none,A_P004
A022,1440,62.19845416666667,62.8645,5.326287180898991,55.076,72.033,55.38,55.5,55.8455,67.23575,69.00110000000001,69.696,0.6277777777777778,0.3916666666666666,0.0333333333333333,0.0,0.0,0.0,11.390249999999996,16.957,1.0,Main_Floor_C,Deployment_A,none,A_P005
A022,1440,60.29542152777778,60.1235,5.236343471492982,53.227,73.843,53.663,53.8583,55.43225,65.239,67.27340000000001,68.27225,0.5333333333333333,0.2659722222222222,0.0090277777777777,0.0,0.0,0.2243055555555555,9.80675,20.616000000000007,1.0,Main_Floor_C,Deployment_A,none,A_P006
A022,1440,62.13009097222223,63.0,4.385883568158377,53.537,73.783,54.011,54.293,59.813,64.98075,67.23049999999999,68.9251,0.7416666666666667,0.2486111111111111,0.0270833333333333,0.0,0.0,0.1451388888888889,5.167749999999998,20.246,1.0,Main_Floor_C,Deployment_A,none,A_P007
A022,1432,55.63449930167598,55.446,1.1954304289884845,54.804,64.348,55.152,55.217,55.319,55.576,55.7167,55.8485,0.0237430167597765,0.0,0.0,0.0,0.0,0.0083798882681564,0.2569999999999979,9.543999999999995,0.9944444444444444,Main_Floor_C,Deployment_A,low_attendance,A_P008
A022,1440,55.49707847222223,55.5,0.2060411182585323,54.967,56.391,55.163,55.217,55.337,55.663,55.761,55.80425,0.0,0.0,0.0,0.0,0.0,0.0013888888888888,0.3259999999999934,1.4239999999999997,1.0,Main_Floor_C,Deployment_A,low_attendance,A_P009
A022,1440,56.36423125,55.772,1.2458815628519602,54.912,62.152,55.272,55.359,55.478,57.163,58.20910000000001,58.967,0.0152777777777777,0.0,0.0,0.0,0.0,0.0055555555555555,1.6849999999999952,7.240000000000002,1.0,Main_Floor_C,Deployment_A,none,A_P010
A022,1440,62.197745833333336,63.804,4.882673737294052,54.957,72.802,55.228,55.3186,55.73275,66.011,68.0022,69.1752,0.6451388888888889,0.3368055555555556,0.0263888888888888,0.0,0.0,0.0013888888888888,10.27825,17.845000000000006,1.0,Main_Floor_C,Deployment_A,none,A_P011
A022,1440,60.69695000000001,60.787,4.728961337813812,54.815,71.109,55.14055,55.283,55.598,64.97825,67.185,68.12105,0.5555555555555556,0.2479166666666666,0.0055555555555555,0.0,0.0,0.0131944444444444,9.380250000000004,16.293999999999997,1.0,Main_Floor_C,Deployment_A,none,A_P012
A022,1415,60.82508763250883,60.451,5.325414851603449,54.674,74.87,55.087,55.174,55.402,65.743,67.94200000000001,69.373,0.5385159010600706,0.3017667844522968,0.0296819787985865,0.0,0.0,0.0240282685512367,10.340999999999994,20.196000000000005,0.9826388888888888,Main_Floor_C,Deployment_A,none,A_P013
A022,1440,61.55057291666667,60.35,5.442197605869985,54.989,74.609,55.239,55.319,55.489,66.34825,69.0991,70.58755000000001,0.55625,0.3166666666666666,0.0694444444444444,0.0,0.0,0.0027777777777777,10.859249999999996,19.62,1.0,Main_Floor_C,Deployment_A,none,A_P014
A022,1440,62.03135,60.9945,4.296751916389148,54.989,71.826,55.374,55.533,58.97525,65.76375,67.55170000000001,68.4955,0.6388888888888888,0.3361111111111111,0.0145833333333333,0.0,0.0,0.0013888888888888,6.788499999999999,16.836999999999996,1.0,Main_Floor_C,Deployment_A,broad_remote_work,A_P015
A022,1440,55.71905069444445,55.674,0.5400013881145139,54.196,59.946,55.2606,55.33,55.489,55.837,55.978,56.098,0.0,0.0,0.0,0.0,0.0,0.0097222222222222,0.3480000000000061,5.75,1.0,Main_Floor_C,Deployment_A,broad_remote_work,A_P016
A022,1440,55.84977569444444,55.87,0.3842905637038749,54.804,60.63,55.286,55.391,55.641,56.02275,56.163,56.272,0.0006944444444444,0.0,0.0,0.0,0.0,0.0027777777777777,0.3817500000000038,5.8260000000000005,1.0,Main_Floor_C,Deployment_A,none,A_P017
A022,1440,56.05657569444444,56.011,0.3893745860686058,54.856,58.409,55.473,55.571,55.793,56.35375,56.571,56.674,0.0,0.0,0.0,0.0,0.0,0.0020833333333333,0.5607499999999987,3.5529999999999973,1.0,Main_Floor_C,Deployment_A,none,A_P018
A022,1440,56.32747083333334,56.326,0.3462791303541675,55.25,57.967,55.772,55.87,56.12,56.522,56.783,56.957,0.0,0.0,0.0,0.0,0.0,0.0,0.402000000000001,2.7169999999999987,1.0,Main_Floor_C,Deployment_A,none,A_P019
A022,1440,56.83272083333333,56.396,1.1316326265672396,55.011,62.837,55.65485,55.75,56.00825,57.429,58.4031,58.8571,0.0069444444444444,0.0,0.0,0.0,0.0,0.0,1.4207499999999982,7.826,1.0,Main_Floor_C,Deployment_A,none,A_P020
A022,1440,61.605970138888885,63.4945,4.23198552093699,55.326,74.022,55.88,56.033,56.652,64.824,66.4076,67.2507,0.6138888888888889,0.2208333333333333,0.0055555555555555,0.0,0.0,0.0,8.171999999999997,18.696000000000005,1.0,Main_Floor_C,Deployment_A,none,A_P021
A022,1440,62.27127430555555,63.4435,4.788174831526992,55.902,75.0,56.293,56.4395,57.609,66.03225,68.58810000000001,70.11004999999999,0.5854166666666667,0.3305555555555555,0.0534722222222222,0.0,0.0,0.0,8.423250000000003,19.098,1.0,Main_Floor_C,Deployment_A,none,A_P022
A022,1440,56.47027361111111,55.913,0.9946488864741742,55.181,60.511,55.489,55.5865,55.739,57.685,57.978,58.05405,0.0006944444444444,0.0,0.0,0.0,0.0,0.0,1.946000000000005,5.330000000000005,1.0,Main_Floor_C,Deployment_A,none,A_P023
A022,1440,56.91239930555555,55.813,1.9517277567715916,54.583,67.112,55.1199,55.3866,55.598,58.098,60.413,60.63,0.1270833333333333,0.0006944444444444,0.0,0.0,0.0,0.0381944444444444,2.5,12.528999999999996,1.0,Main_Floor_C,Deployment_A,none,A_P024
A022,1440,62.85568819444445,63.571,5.166587145875628,55.33,73.659,55.609,55.9879,57.077,67.25874999999999,69.3591,70.67275,0.6548611111111111,0.4090277777777777,0.0736111111111111,0.0,0.0,0.0,10.181749999999994,18.329000000000008,1.0,Main_Floor_C,Deployment_A,none,A_P025
A022,1440,61.197002777777776,61.4405,4.840064412558243,54.663,74.374,55.217,55.304,56.13,65.495,67.5986,68.703,0.5652777777777778,0.2965277777777778,0.01875,0.0,0.0,0.0048611111111111,9.365000000000002,19.711,1.0,Main_Floor_C,Deployment_A,none,A_P026
A022,1440,61.33077291666666,61.196,5.257849003902743,54.848,73.67,55.228,55.308,55.565,65.9155,68.516,69.57209999999999,0.5979166666666667,0.3173611111111111,0.0395833333333333,0.0,0.0,0.0034722222222222,10.350499999999997,18.822000000000003,1.0,Main_Floor_C,Deployment_A,none,A_P027
A022,1440,61.324297916666666,60.8805,4.732955491292195,55.152,72.787,55.511,55.7167,56.505,65.44,67.59440000000001,68.86909999999999,0.5951388888888889,0.2826388888888889,0.0256944444444444,0.0,0.0,0.0,8.934999999999995,17.635000000000005,1.0,Main_Floor_C,Deployment_A,none,A_P028
A022,1440,60.695422916666665,60.222,4.534571293151991,54.88,76.451,55.4529,55.6406,56.2035,64.453,66.63150000000002,68.40865,0.5479166666666667,0.2076388888888889,0.0291666666666666,0.0,0.0,0.0006944444444444,8.249500000000005,21.57099999999999,1.0,Main_Floor_C,Deployment_A,none,A_P029
A022,1440,55.82170902777778,55.815,0.3078899371529112,55.011,57.61,55.402,55.457,55.609,55.978,56.163,56.31955,0.0,0.0,0.0,0.0,0.0,0.0,0.3689999999999998,2.5989999999999966,1.0,Main_Floor_C,Deployment_A,none,A_P030
A022,805,55.82567080745342,55.846,0.2565421511727045,55.22,57.402,55.424,55.489,55.626,56.0,56.143,56.2194,0.0,0.0,0.0,0.0,0.0,0.0,0.3740000000000023,2.182000000000002,0.5590277777777778,Main_Floor_C,Deployment_A,none,A_P031
A023,560,64.68338214285716,64.022,1.7353066677580131,62.446,71.857,63.065,63.2059,63.5,65.02725000000001,67.73740000000001,68.38585,1.0,0.2517857142857143,0.0071428571428571,0.0,0.0,0.0,1.527250000000009,9.411,0.3888888888888889,Main_Floor_C,Deployment_A,none,A_P001
A023,1440,54.531419444444445,49.978,6.7904962524231625,47.945,65.533,48.209,48.304,48.756,62.8465,63.739,64.01155,0.3715277777777778,0.0034722222222222,0.0,0.0,0.5076388888888889,0.6256944444444444,14.0905,17.588,1.0,Main_Floor_C,Deployment_A,none,A_P002
A023,1440,49.46307708333334,49.2625,1.4998956443763918,47.695,60.489,47.967,48.053,48.25225,50.022,51.056,52.09065,0.0006944444444444,0.0,0.0,0.0,0.7444444444444445,0.9888888888888888,1.7697499999999948,12.793999999999995,1.0,Main_Floor_C,Deployment_A,none,A_P003
A023,1440,60.715238194444446,63.386,9.645012971324892,47.351,74.604,47.967,48.4182,49.8985,70.641,71.3892,71.82455,0.55,0.4534722222222222,0.3361111111111111,0.0,0.2611111111111111,0.39375,20.742500000000007,27.253,1.0,Main_Floor_C,Deployment_A,none,A_P004
A023,1440,60.695790277777775,64.696,9.417752621124963,47.385,74.868,48.022,48.141,48.94575,69.637,71.1551,71.72555,0.575,0.4875,0.2347222222222222,0.0,0.3027777777777777,0.36875,20.691250000000004,27.483,1.0,Main_Floor_C,Deployment_A,none,A_P005
A023,1440,58.36079444444444,63.446,8.35407226757169,47.802,71.945,48.022,48.1119,48.53025,65.989,67.4355,68.34294999999999,0.5375,0.3652777777777777,0.0048611111111111,0.0,0.3423611111111111,0.4375,17.458750000000002,24.142999999999997,1.0,Main_Floor_C,Deployment_A,none,A_P006
A023,1440,59.54450138888888,62.9675,8.350084388183332,47.915,72.297,48.19555,48.5529,50.363,66.70925,70.3741,71.011,0.5305555555555556,0.3868055555555555,0.1256944444444444,0.0,0.2298611111111111,0.4006944444444444,16.346249999999998,24.382,1.0,Main_Floor_C,Deployment_A,none,A_P007
A023,1440,48.959909027777776,48.739,0.778700768003592,47.978,54.359,48.217,48.326,48.484,49.106750000000005,49.9681,50.80455,0.0,0.0,0.0,0.0,0.9013888888888888,1.0,0.6227500000000035,6.381,1.0,Main_Floor_C,Deployment_A,low_attendance,A_P008
A023,1440,49.650389583333336,49.728,1.0656720099687953,47.957,51.728,48.121,48.2307,48.62,50.652,50.913,51.055,0.0,0.0,0.0,0.0,0.5131944444444444,1.0,2.032000000000004,3.771000000000001,1.0,Main_Floor_C,Deployment_A,low_attendance,A_P009
A023,1440,50.07708888888889,49.7015,1.32216250112312,47.913,56.747,48.2743,48.543,48.87975,51.187,51.593500000000006,51.902,0.0,0.0,0.0,0.0,0.5173611111111112,0.9979166666666668,2.307249999999996,8.834000000000003,1.0,Main_Floor_C,Deployment_A,none,A_P010
A023,1440,60.80321944444445,67.055,9.09008206006361,47.837,71.286,48.13,48.283,49.44325,68.54899999999999,70.066,70.27555000000001,0.5798611111111112,0.5444444444444444,0.1173611111111111,0.0,0.26875,0.3875,19.105749999999997,23.449,1.0,Main_Floor_C,Deployment_A,none,A_P011
A023,1440,58.94333888888889,62.143,8.515238651313739,48.043,72.681,48.3907,48.63,49.1975,67.33,68.319,68.978,0.5145833333333333,0.4125,0.0138888888888888,0.0,0.3270833333333333,0.4340277777777778,18.1325,24.638,1.0,Main_Floor_C,Deployment_A,none,A_P012
A023,1440,58.61405069444444,59.01049999999999,8.733325580745545,48.0,72.511,48.283,48.4175,49.10475,67.28375,68.5051,69.14235,0.4902777777777777,0.4284722222222222,0.0180555555555555,0.0,0.3590277777777778,0.4465277777777778,18.178999999999995,24.511,1.0,Main_Floor_C,Deployment_A,none,A_P013
A023,1440,58.91798472222222,62.902,8.417353375843984,47.857,75.67,48.228,48.391,49.3035,66.7395,68.4872,69.37509999999999,0.5458333333333333,0.3590277777777778,0.03125,0.0,0.3125,0.4277777777777777,17.436000000000007,27.813,1.0,Main_Floor_C,Deployment_A,none,A_P014
A023,1440,58.49135069444444,61.8265,8.600132077864018,47.652,71.396,48.04685,48.185,48.489,66.46475000000001,68.3637,69.25625,0.5194444444444445,0.3902777777777778,0.01875,0.0,0.3625,0.4340277777777778,17.975750000000012,23.744,1.0,Main_Floor_C,Deployment_A,broad_remote_work,A_P015
A023,1440,49.23223125,49.099,0.9307071369874134,47.642,55.783,48.1578,48.326,48.75,49.44025,49.9138,51.02635,0.0,0.0,0.0,0.0,0.9083333333333332,0.9986111111111112,0.6902499999999989,8.140999999999998,1.0,Main_Floor_C,Deployment_A,broad_remote_work,A_P016
A023,1440,49.33477222222222,49.272,0.6230386148214635,48.13,55.065,48.527,48.652,48.923,49.63,50.0,50.31935,0.0,0.0,0.0,0.0,0.9013888888888888,0.9993055555555556,0.7070000000000007,6.934999999999995,1.0,Main_Floor_C,Deployment_A,none,A_P017
A023,1440,49.94541041666667,49.6665,1.1979841576598529,48.196,53.946,48.533,48.652,48.88,50.728,51.913,52.141,0.0,0.0,0.0,0.0,0.5631944444444444,1.0,1.847999999999999,5.75,1.0,Main_Floor_C,Deployment_A,none,A_P018
A023,1440,51.16925208333333,51.022,2.9915817310072934,48.473,70.176,48.8039,48.933,49.315,52.185500000000005,52.6096,52.924,0.0208333333333333,0.0194444444444444,0.0020833333333333,0.0,0.3722222222222222,0.9756944444444444,2.870500000000007,21.703000000000003,1.0,Main_Floor_C,Deployment_A,none,A_P019
A023,1440,50.02829652777778,49.6355,1.2640714612143955,48.326,60.565,48.6668,48.8011,49.13,50.71475,51.60880000000001,52.44,0.0006944444444444,0.0,0.0,0.0,0.5826388888888889,0.9930555555555556,1.5847499999999926,12.238999999999995,1.0,Main_Floor_C,Deployment_A,none,A_P020
A023,1440,59.93624722222222,63.574,9.16487851916296,48.297,72.489,48.6738,48.826,49.285250000000005,68.57974999999999,69.958,70.22025,0.5361111111111111,0.4902777777777777,0.0923611111111111,0.0,0.34375,0.4076388888888889,19.294499999999985,24.192000000000007,1.0,Main_Floor_C,Deployment_A,none,A_P021
A023,1440,61.33925694444444,64.141,9.676476309942569,48.242,74.293,48.91095,49.337,50.443,70.674,71.348,71.8221,0.5743055555555555,0.4909722222222222,0.3604166666666666,0.0,0.1277777777777777,0.4041666666666667,20.23100000000001,26.05100000000001,1.0,Main_Floor_C,Deployment_A,none,A_P022
A023,1440,49.72694791666666,49.598,1.025016000856059,47.989,55.337,48.424,48.5484,48.88,50.3865,50.859,51.3705,0.0,0.0,0.0,0.0,0.5722222222222222,0.9993055555555556,1.5064999999999955,7.348000000000006,1.0,Main_Floor_C,Deployment_A,none,A_P023
A023,1440,50.52537777777778,50.576,1.6713012658159598,47.88,60.43,48.32695,48.587,49.1315,51.4525,52.511,53.24025,0.0006944444444444,0.0,0.0,0.0,0.4270833333333333,0.9861111111111112,2.320999999999998,12.549999999999995,1.0,Main_Floor_C,Deployment_A,none,A_P024
A023,1440,59.96878333333333,58.098,8.086983561543189,48.37,72.462,48.967,49.5375,50.8095,68.337,69.45819999999999,69.85705,0.475,0.4125,0.0416666666666666,0.0,0.1652777777777777,0.3451388888888889,17.527500000000003,24.09200000000001,1.0,Main_Floor_C,Deployment_A,none,A_P025
A023,1440,62.61856875,65.2825,6.636967533111478,47.87,72.37,49.304,49.716,62.703,66.924,68.348,69.11,0.8104166666666667,0.5159722222222223,0.0166666666666666,0.0,0.1465277777777777,0.1888888888888888,4.221000000000004,24.500000000000007,1.0,Main_Floor_C,Deployment_A,none,A_P026
A023,1440,59.42379305555556,61.4125,9.332847772334988,47.831,73.641,48.217,48.4389,48.91275,68.77475000000001,71.0891,71.54355000000001,0.51875,0.4006944444444444,0.1875,0.0,0.3548611111111111,0.4236111111111111,19.862000000000016,25.81,1.0,Main_Floor_C,Deployment_A,none,A_P027
A023,1440,59.37777361111112,63.6145,7.993651329413351,48.402,71.633,48.761,49.13,50.346,66.681,68.1311,68.81535,0.55625,0.4159722222222222,0.0097222222222222,0.0,0.2041666666666666,0.4118055555555555,16.334999999999994,23.230999999999995,1.0,Main_Floor_C,Deployment_A,none,A_P028
A023,1440,58.6765125,63.337,7.714266050477546,48.316,71.478,48.7576,49.1621,49.823,65.70949999999999,67.17620000000001,68.011,0.5402777777777777,0.3347222222222222,0.0041666666666666,0.0,0.2652777777777778,0.425,15.886499999999993,23.161999999999992,1.0,Main_Floor_C,Deployment_A,none,A_P029
A023,1440,49.50720277777778,49.446,0.7214903070940262,48.297,55.598,48.60875,48.707,48.967,49.87925,50.264700000000005,50.6632,0.0,0.0,0.0,0.0,0.8166666666666667,0.9993055555555556,0.9122500000000002,7.301000000000002,1.0,Main_Floor_C,Deployment_A,none,A_P030
A023,805,49.654593788819874,49.543,0.8205896558540897,48.402,56.239,48.739,48.824,49.228,49.914,50.359,50.7904,0.0,0.0,0.0,0.0,0.7913043478260869,0.9975155279503104,0.6859999999999999,7.836999999999996,0.5590277777777778,Main_Floor_C,Deployment_A,none,A_P031
A024,560,60.43328571428572,58.593,3.2198045253075693,58.033,72.242,58.185,58.2272,58.315,61.10175,65.9406,67.8372,0.3892857142857143,0.1303571428571428,0.0160714285714285,0.0,0.0,0.0,2.786749999999998,14.209000000000003,0.3888888888888889,Main_Floor_C,Deployment_A,none,A_P001
A024,1440,59.14311944444445,59.3005,2.691169961551413,55.495,66.692,55.761,55.837,55.967,61.85975,62.187,63.242,0.4097222222222222,0.0076388888888888,0.0,0.0,0.0,0.0,5.89275,11.196999999999996,1.0,Main_Floor_C,Deployment_A,none,A_P002
A024,1440,57.246621527777776,56.495,1.8099172005703783,55.533,65.913,55.696,55.772,55.923,58.165,59.879,62.033,0.0888888888888888,0.0013888888888888,0.0,0.0,0.0,0.0,2.2419999999999973,10.379999999999995,1.0,Main_Floor_C,Deployment_A,none,A_P003
A024,1440,61.71519722222222,61.7825,5.225693704659625,55.478,73.593,55.663,55.728,55.891,66.451,68.242,69.363,0.5868055555555556,0.38125,0.0326388888888888,0.0,0.0,0.0,10.559999999999995,18.115,1.0,Main_Floor_C,Deployment_A,none,A_P004
A024,1440,61.274991666666665,61.253,4.872418041859224,54.859,71.714,55.055,55.12,55.717,65.5545,67.879,68.81355,0.6,0.2868055555555555,0.0180555555555555,0.0,0.0,0.0166666666666666,9.837500000000006,16.854999999999997,1.0,Main_Floor_C,Deployment_A,none,A_P005
A024,1440,59.87341388888889,59.099,4.164153504559598,55.065,70.198,55.228,55.293,55.435,63.769,65.451,66.34875,0.45625,0.1326388888888889,0.0006944444444444,0.0,0.0,0.0,8.333999999999996,15.132999999999996,1.0,Main_Floor_C,Deployment_A,none,A_P006
A024,1440,61.342563194444445,61.098,3.715626766004007,55.152,71.538,55.337,55.5,58.67925,64.31075000000001,66.2514,67.3322,0.6145833333333334,0.1847222222222222,0.0055555555555555,0.0,0.0,0.0,5.631500000000017,16.385999999999996,1.0,Main_Floor_C,Deployment_A,none,A_P007
A024,1440,56.15364513888888,55.576,1.104568039067667,55.109,61.154,55.28585,55.337,55.446,57.58325,58.0,58.1411,0.0041666666666666,0.0,0.0,0.0,0.0,0.0,2.1372500000000016,6.045000000000002,1.0,Main_Floor_C,Deployment_A,low_attendance,A_P008
A024,1440,55.49650486111111,55.481,0.1741991263644005,55.055,56.549,55.239,55.275,55.363,55.62,55.728,55.804,0.0,0.0,0.0,0.0,0.0,0.0,0.2569999999999979,1.4939999999999998,1.0,Main_Floor_C,Deployment_A,low_attendance,A_P009
A024,1440,57.85623611111111,55.837,3.32516434510766,55.109,67.132,55.304,55.3776,55.511,60.198,63.78,64.4955,0.2618055555555555,0.0256944444444444,0.0,0.0,0.0,0.0,4.686999999999998,12.023000000000003,1.0,Main_Floor_C,Deployment_A,none,A_P010
A024,1440,60.91554791666666,60.9835,4.519032837658345,54.89,72.934,55.1085,55.2923,55.692,64.967,66.923,67.85755,0.55,0.2465277777777778,0.0111111111111111,0.0,0.0,0.0145833333333333,9.275,18.044,1.0,Main_Floor_C,Deployment_A,none,A_P011
A024,1440,60.40146597222223,60.495,4.276327160978482,55.152,71.088,55.38,55.467,55.648,63.81575,66.1973,67.49565,0.5701388888888889,0.1729166666666666,0.0055555555555555,0.0,0.0,0.0,8.167749999999998,15.935999999999993,1.0,Main_Floor_C,Deployment_A,none,A_P012
A024,1440,60.13042083333333,59.681,4.334200800156512,54.902,71.817,55.187,55.3186,55.772,64.06875,66.03410000000001,67.03505,0.4583333333333333,0.1666666666666666,0.0027777777777777,0.0,0.0,0.0006944444444444,8.296749999999996,16.914999999999992,1.0,Main_Floor_C,Deployment_A,none,A_P013
A024,1440,60.965988888888894,59.842,4.892672616976969,55.12,72.56,55.326,55.402,55.82225,65.26825000000001,67.967,69.0561,0.4923611111111111,0.2673611111111111,0.025,0.0,0.0,0.0,9.446000000000012,17.440000000000005,1.0,Main_Floor_C,Deployment_A,none,A_P014
A024,1440,60.508821527777776,60.89,4.293670578609658,55.076,71.011,55.29265,55.413,55.772,64.462,66.045,66.7614,0.5555555555555556,0.1916666666666666,0.0041666666666666,0.0,0.0,0.0,8.690000000000005,15.934999999999995,1.0,Main_Floor_C,Deployment_A,broad_remote_work,A_P015
A024,1440,55.658735416666666,55.707,0.2615451576465702,55.101,59.087,55.261,55.315,55.467,55.826,55.9021,55.9484,0.0,0.0,0.0,0.0,0.0,0.0,0.3590000000000017,3.986000000000004,1.0,Main_Floor_C,Deployment_A,broad_remote_work,A_P016
A024,1440,55.73048611111111,55.747,0.2654452115505403,55.176,58.38,55.315,55.391,55.593,55.87,55.967,56.033,0.0,0.0,0.0,0.0,0.0,0.0,0.2769999999999939,3.2040000000000006,1.0,Main_Floor_C,Deployment_A,none,A_P017
A024,1440,55.82069583333333,55.804,0.2768082363381681,55.293,58.283,55.451,55.5,55.601,56.011,56.121100000000006,56.19845,0.0,0.0,0.0,0.0,0.0,0.0,0.4100000000000037,2.990000000000002,1.0,Main_Floor_C,Deployment_A,none,A_P018
A024,1440,56.63403055555556,56.261,0.7889402091964811,55.326,58.185,55.533,55.6254,55.989,57.38,57.511,57.826,0.0,0.0,0.0,0.0,0.0,0.0,1.3910000000000051,2.8590000000000018,1.0,Main_Floor_C,Deployment_A,none,A_P019
A024,1440,56.96752847222222,57.2515,1.0588071759021886,55.304,60.739,55.652,55.696,55.804,58.0355,58.2173,58.35235,0.0006944444444444,0.0,0.0,0.0,0.0,0.0,2.231499999999997,5.434999999999995,1.0,Main_Floor_C,Deployment_A,none,A_P020
A024,1440,61.85073333333333,62.317,3.7882071674936064,55.511,72.919,55.717,55.826,58.60625,64.64075,66.3892,67.55120000000001,0.6715277777777777,0.2111111111111111,0.0069444444444444,0.0,0.0,0.0,6.034499999999994,17.407999999999994,1.0,Main_Floor_C,Deployment_A,none,A_P021
A024,1440,62.10788125,62.174,3.262165611553483,57.315,70.054,57.511,57.587,60.0,64.61325,66.576,67.674,0.7618055555555555,0.2201388888888888,0.0006944444444444,0.0,0.0,0.0,4.613249999999994,12.739000000000004,1.0,Main_Floor_C,Deployment_A,none,A_P022
A024,1440,57.27928680555555,55.978,2.0120973327713805,55.455,62.272,55.67,55.717,55.8365,60.022,60.207,60.38,0.2923611111111111,0.0,0.0,0.0,0.0,0.0,4.1854999999999976,6.817,1.0,Main_Floor_C,Deployment_A,none,A_P023
A024,1440,58.391271527777775,56.142,3.463406415337206,55.366,70.978,55.58195,55.674,55.946,61.348,64.50110000000001,64.7284,0.3416666666666667,0.0201388888888888,0.0006944444444444,0.0,0.0,0.0,5.402000000000001,15.611999999999997,1.0,Main_Floor_C,Deployment_A,none,A_P024
A024,1440,62.45690555555556,62.0605,4.278568418329158,55.739,72.283,55.924,56.1795,57.75825,66.19975,67.9681,68.70734999999999,0.6902777777777778,0.3541666666666667,0.0145833333333333,0.0,0.0,0.0,8.44149999999999,16.544000000000004,1.0,Main_Floor_C,Deployment_A,none,A_P025
A024,1440,60.88485486111112,60.5955,4.153199937697689,54.967,71.196,55.217,55.304,57.391,64.53425,66.4575,67.4476,0.5756944444444444,0.2194444444444444,0.0048611111111111,0.0,0.0,0.0006944444444444,7.143250000000002,16.229,1.0,Main_Floor_C,Deployment_A,none,A_P026
A024,1440,60.77890763888888,61.214,4.645128443159665,55.022,71.304,55.261,55.359,55.543,64.641,66.7623,68.00325,0.6083333333333333,0.2263888888888889,0.0090277777777777,0.0,0.0,0.0,9.098000000000006,16.282000000000004,1.0,Main_Floor_C,Deployment_A,none,A_P027
A024,1440,61.049594444444445,60.41,4.226150587409334,55.25,72.38,55.451,55.592400000000005,57.27475,64.46975,67.0021,68.15405,0.525,0.2152777777777778,0.0118055555555555,0.0,0.0,0.0,7.195000000000007,17.129999999999995,1.0,Main_Floor_C,Deployment_A,none,A_P028
A024,1440,60.31607638888889,59.989,3.761513123488659,55.087,74.946,55.35085,55.489,57.13,63.025,65.67620000000001,66.89150000000001,0.4965277777777778,0.1284722222222222,0.00625,0.0,0.0,0.0,5.894999999999996,19.858999999999995,1.0,Main_Floor_C,Deployment_A,none,A_P029
A024,1440,55.76463263888888,55.802,0.2402657213650703,55.13,57.598,55.272,55.4279,55.641,55.913,56.0,56.0661,0.0,0.0,0.0,0.0,0.0,0.0,0.2719999999999984,2.4679999999999964,1.0,Main_Floor_C,Deployment_A,none,A_P030
A024,805,55.91347826086956,55.956,0.2149784927041193,55.363,57.264,55.543,55.598,55.791,56.043,56.12,56.185,0.0,0.0,0.0,0.0,0.0,0.0,0.2520000000000024,1.9010000000000036,0.5590277777777778,Main_Floor_C,Deployment_A,none,A_P031
A025,560,57.26101964285714,54.153000000000006,5.0797921768062615,53.554,71.132,53.6848,53.75,53.88375,58.46075,66.7415,68.13300000000001,0.2267857142857142,0.1517857142857142,0.0125,0.0,0.0,0.575,4.577000000000005,17.578000000000003,0.3888888888888889,Main_Floor_C,Deployment_A,none,A_P001
A025,1440,54.593555555555554,54.022,1.9279390573161903,51.89,60.967,52.141,52.275,52.868,56.5445,57.043,57.70735,0.0041666666666666,0.0,0.0,0.0,0.0,0.6236111111111111,3.676499999999997,9.076999999999998,1.0,Main_Floor_C,Deployment_A,none,A_P002
A025,1440,54.68986527777778,53.519000000000005,2.495948942646322,52.011,65.337,52.1869,52.272,52.623000000000005,56.66475,58.0684,59.522,0.0381944444444444,0.0006944444444444,0.0,0.0,0.0,0.5770833333333333,4.041749999999993,13.326,1.0,Main_Floor_C,Deployment_A,none,A_P003
A025,1440,60.114496527777774,61.8385,6.533499601893148,51.857,73.209,52.02145,52.087,52.64075,65.89975,68.10210000000001,69.264,0.5784722222222223,0.3243055555555555,0.0236111111111111,0.0,0.0,0.3770833333333333,13.259,21.352000000000004,1.0,Main_Floor_C,Deployment_A,none,A_P004
A025,1440,59.80312777777778,60.793,6.073147321341644,51.902,72.22,52.043,52.1428,52.5585,65.27775,67.60510000000001,68.70465,0.5354166666666667,0.2701388888888889,0.0138888888888888,0.0,0.0,0.3298611111111111,12.719249999999995,20.318,1.0,Main_Floor_C,Deployment_A,none,A_P005
A025,1440,58.888249305555554,59.119,5.690683162852369,51.923,70.418,52.065,52.11,52.44325,64.38650000000001,66.26129999999999,67.198,0.4236111111111111,0.2013888888888889,0.0013888888888888,0.0,0.0,0.3791666666666666,11.943250000000011,18.495000000000005,1.0,Main_Floor_C,Deployment_A,none,A_P006
A025,1440,59.75215277777778,60.087,4.870748018118304,51.935,71.055,52.098,52.253,55.89575000000001,63.626,66.16590000000001,67.42955,0.5055555555555555,0.1701388888888889,0.0034722222222222,0.0,0.0,0.1694444444444444,7.730249999999991,19.120000000000005,1.0,Main_Floor_C,Deployment_A,none,A_P007
A025,1440,53.20566180555556,53.054,0.6348290913235155,52.054,58.736,52.304,52.522,52.891,53.48525,54.022,54.1741,0.0,0.0,0.0,0.0,0.0,0.9743055555555556,0.5942500000000024,6.681999999999995,1.0,Main_Floor_C,Deployment_A,low_attendance,A_P008
A025,1440,52.89482013888889,53.0,0.4901231344029743,51.978,54.231,52.15155,52.217,52.424,53.283,53.5005,53.62,0.0,0.0,0.0,0.0,0.0,1.0,0.8590000000000018,2.253,1.0,Main_Floor_C,Deployment_A,low_attendance,A_P009
A025,1440,54.642150694444446,53.299,2.7265599800369333,52.043,62.549,52.293,52.413,52.728,55.6785,59.8578,60.37075,0.0875,0.0,0.0,0.0,0.0,0.7111111111111111,2.950499999999998,10.506,1.0,Main_Floor_C,Deployment_A,none,A_P010
A025,1440,60.03897916666667,62.228,5.858382309222522,51.543,72.341,51.7929,51.913,52.61725,64.802,67.02310000000001,68.00055,0.5798611111111112,0.2375,0.0076388888888888,0.0,0.0,0.2972222222222222,12.184750000000008,20.797999999999995,1.0,Main_Floor_C,Deployment_A,none,A_P011
A025,1440,59.03018611111111,60.055,5.624799004184227,51.533,70.725,51.989,52.076,52.48625,63.91575,66.0451,67.5622,0.5138888888888888,0.1638888888888889,0.0027777777777777,0.0,0.0,0.3722222222222222,11.429499999999996,19.191999999999997,1.0,Main_Floor_C,Deployment_A,none,A_P012
A025,1440,59.27403402777777,59.8715,6.20229231678564,51.837,72.457,52.04875,52.13,52.3955,65.06325000000001,67.208,68.13205,0.4909722222222222,0.2555555555555555,0.0111111111111111,0.0,0.0,0.4048611111111111,12.667750000000012,20.61999999999999,1.0,Main_Floor_C,Deployment_A,none,A_P013
A025,1440,59.44411180555555,58.837,6.246021431052278,51.12,73.033,51.5487,51.7417,52.272,65.418,67.5498,68.60455,0.4395833333333333,0.2854166666666666,0.0118055555555555,0.0,0.0,0.3326388888888889,13.146000000000008,21.913000000000004,1.0,Main_Floor_C,Deployment_A,none,A_P014
A025,1440,59.2803375,60.043,5.792549300092841,51.043,70.901,51.511,51.913,52.99725,64.35375,66.5986,67.56165,0.5048611111111111,0.1979166666666666,0.0034722222222222,0.0,0.0,0.3625,11.356500000000004,19.858,1.0,Main_Floor_C,Deployment_A,broad_remote_work,A_P015
A025,1440,52.74774166666667,52.766000000000005,0.3993758854953742,51.769,56.571,52.11755,52.217,52.457,53.011,53.174,53.2932,0.0,0.0,0.0,0.0,0.0,0.9979166666666668,0.554000000000002,4.802,1.0,Main_Floor_C,Deployment_A,broad_remote_work,A_P016
A025,1440,53.35721597222222,53.37,0.6607057442577887,51.934,58.457,52.228,52.413,53.022,53.70825,54.0491,54.33,0.0,0.0,0.0,0.0,0.0,0.9819444444444444,0.6862500000000011,6.523000000000003,1.0,Main_Floor_C,Deployment_A,none,A_P017
A025,1440,54.21752430555556,54.261,0.6322137062425115,52.174,58.043,52.989,53.348,53.924,54.621,54.88,55.033,0.0,0.0,0.0,0.0,0.0,0.9444444444444444,0.6969999999999956,5.869,1.0,Main_Floor_C,Deployment_A,none,A_P018
A025,1440,54.39400555555556,54.391,0.4842391479796929,53.163,56.217,53.615,53.7783,54.022,54.761,55.0011,55.1532,0.0,0.0,0.0,0.0,0.0,0.9,0.7390000000000043,3.054000000000002,1.0,Main_Floor_C,Deployment_A,none,A_P019
A025,1440,55.44588958333334,54.859,1.5346902486973415,53.185,61.239,53.728,53.891,54.27425,56.571,57.8471,58.359,0.0027777777777777,0.0,0.0,0.0,0.0,0.5340277777777778,2.296750000000003,8.053999999999995,1.0,Main_Floor_C,Deployment_A,none,A_P020
A025,1440,60.15524375,62.246,4.605822955369455,53.033,70.418,53.935,54.12,54.6425,63.848,65.163,65.967,0.5902777777777778,0.1145833333333333,0.0006944444444444,0.0,0.0,0.29375,9.2055,17.385000000000005,1.0,Main_Floor_C,Deployment_A,none,A_P021
A025,1440,60.29793819444445,61.8095,4.654739221027782,53.714,70.641,54.1429,54.5594,55.46275,63.848,66.022,66.92505,0.5673611111111111,0.1729166666666666,0.0020833333333333,0.0,0.0,0.1666666666666666,8.38525,16.927000000000007,1.0,Main_Floor_C,Deployment_A,none,A_P022
A025,1440,54.27199513888888,53.891,1.2219274720796518,52.217,59.185,52.75,52.848,53.2705,55.696,56.0441,56.152,0.0,0.0,0.0,0.0,0.0,0.6743055555555556,2.4254999999999995,6.968000000000004,1.0,Main_Floor_C,Deployment_A,none,A_P023
A025,1440,55.11818819444445,53.772,2.5895563388283693,51.957,69.824,52.3025,52.783,53.253,57.1635,59.2621,59.511,0.0236111111111111,0.0020833333333333,0.0,0.0,0.0,0.6451388888888889,3.910499999999999,17.866999999999997,1.0,Main_Floor_C,Deployment_A,none,A_P024
A025,1440,61.62018750000001,63.174,5.520380318535583,53.022,72.67,53.163,53.8008,55.27225,66.341,67.8583,68.576,0.6416666666666667,0.3756944444444444,0.0145833333333333,0.0,0.0,0.2423611111111111,11.068749999999994,19.648000000000003,1.0,Main_Floor_C,Deployment_A,none,A_P025
A025,1440,59.91121666666667,60.683,5.651137992881932,52.098,72.901,52.4665,52.7607,54.141,64.87,67.3282,68.4183,0.55,0.2444444444444444,0.0152777777777777,0.0,0.0,0.3486111111111111,10.729000000000006,20.803,1.0,Main_Floor_C,Deployment_A,none,A_P026
A025,1440,60.03212361111111,60.913,6.178431101132135,52.077,72.457,52.42875,52.6184,53.076,65.715,67.8482,68.80210000000001,0.5402777777777777,0.3034722222222222,0.0222222222222222,0.0,0.0,0.3770833333333333,12.639000000000005,20.379999999999995,1.0,Main_Floor_C,Deployment_A,none,A_P027
A025,1440,59.859144444444446,60.37,5.238120765327794,52.163,72.078,52.8589,53.054,54.20425,64.24175,66.739,68.00055,0.5388888888888889,0.19375,0.0083333333333333,0.0,0.0,0.3409722222222222,10.037499999999994,19.915000000000006,1.0,Main_Floor_C,Deployment_A,none,A_P028
A025,1440,59.41193472222222,59.3385,5.362703888046737,52.326,83.692,52.85995,53.0439,54.127750000000006,63.413,65.674,68.17114999999998,0.4319444444444444,0.1291666666666666,0.0340277777777777,0.0,0.0,0.2972222222222222,9.28524999999999,31.365999999999996,1.0,Main_Floor_C,Deployment_A,none,A_P029
A025,1440,53.6403,53.75,0.6656172222741208,52.043,56.413,52.413,52.587,53.185,54.1415,54.3962,54.522,0.0,0.0,0.0,0.0,0.0,0.9881944444444444,0.9564999999999984,4.369999999999997,1.0,Main_Floor_C,Deployment_A,none,A_P030
A025,805,54.04576273291926,54.077,0.6613026321180401,53.0,57.473,53.13,53.165,53.326,54.5,54.946,55.047,0.0,0.0,0.0,0.0,0.0,0.9341614906832298,1.1739999999999997,4.472999999999999,0.5590277777777778,Main_Floor_C,Deployment_A,none,A_P031
A026,560,56.51379464285714,52.2555,7.288335587849681,49.565,73.511,49.99945,50.12,50.4115,62.366,68.637,69.47735,0.2892857142857143,0.2232142857142857,0.0321428571428571,0.0,0.0535714285714285,0.5857142857142857,11.954500000000005,23.946,0.3888888888888889,Main_Floor_C,Deployment_A,none,A_P001
A026,1440,49.86306875,49.579,2.641693815371516,46.185,61.065,46.63665,46.924,47.88725,50.36,54.1311,55.47165,0.0006944444444444,0.0,0.0,0.0,0.6201388888888889,0.9402777777777778,2.472749999999998,14.879999999999995,1.0,Main_Floor_C,Deployment_A,none,A_P002
A026,1440,49.004269444444446,48.557,2.3216542608490127,45.534,60.967,46.2968,46.5265,47.1425,50.38125,52.2503,53.27255,0.0006944444444444,0.0,0.0,0.0,0.7125,0.9805555555555556,3.238750000000003,15.433,1.0,Main_Floor_C,Deployment_A,none,A_P003
A026,1440,58.67750972222223,62.2665,8.9299739856396,45.479,74.822,46.25285,46.5324,48.20475,66.3355,68.5964,69.7394,0.5694444444444444,0.36875,0.0375,0.0,0.3159722222222222,0.3958333333333333,18.130749999999992,29.343000000000004,1.0,Main_Floor_C,Deployment_A,none,A_P004
A026,1440,58.70853819444444,61.835,9.002006115228383,45.289,77.099,45.95695,46.239,47.1905,66.484,68.527,69.714,0.575,0.3458333333333333,0.0402777777777777,0.0,0.3159722222222222,0.3673611111111111,19.293499999999995,31.81,1.0,Main_Floor_C,Deployment_A,none,A_P005
A026,1440,58.12573680555556,58.638000000000005,8.749668936187035,44.571,75.44,45.935,47.0209,48.50825,66.363,68.66010000000001,69.89274999999999,0.4729166666666666,0.3381944444444444,0.0486111111111111,0.0013888888888888,0.325,0.3979166666666666,17.854749999999996,30.869,1.0,Main_Floor_C,Deployment_A,none,A_P006
A026,1440,58.78218541666666,61.519,7.800723144588744,46.868,74.132,47.41245,47.9207,50.20425,65.78649999999999,68.057,68.71509999999999,0.54375,0.3027777777777777,0.0138888888888888,0.0,0.2430555555555555,0.3840277777777778,15.582249999999988,27.264000000000003,1.0,Main_Floor_C,Deployment_A,none,A_P007
A026,1440,48.62328888888889,47.554,3.273834667911021,45.337,61.451,45.9753,46.3955,46.93475,48.53975,56.674,57.20805,0.0055555555555555,0.0,0.0,0.0,0.8701388888888889,0.8951388888888889,1.6049999999999969,16.113999999999997,1.0,Main_Floor_C,Deployment_A,low_attendance,A_P008
A026,1440,50.28732430555556,49.038,3.4514859475862987,45.33,54.446,45.85655,46.1082,46.783,53.75,53.978,54.076,0.0,0.0,0.0,0.0,0.5118055555555555,1.0,6.966999999999999,9.116,1.0,Main_Floor_C,Deployment_A,low_attendance,A_P009
A026,1440,50.79173958333333,49.4405,3.512887643194224,45.407,60.088,46.446,46.7277,47.38375,54.275,54.5231,54.8261,0.0006944444444444,0.0,0.0,0.0,0.5180555555555556,0.9673611111111112,6.891249999999999,14.681000000000004,1.0,Main_Floor_C,Deployment_A,none,A_P010
A026,1440,59.61498541666666,62.429,7.973872539336728,46.359,72.363,47.0639,47.424,48.717,65.81425,67.7822,68.758,0.6930555555555555,0.3166666666666666,0.0173611111111111,0.0,0.2729166666666666,0.3020833333333333,17.097250000000003,26.004,1.0,Main_Floor_C,Deployment_A,none,A_P011
A026,1440,57.957670138888886,59.5925,8.162736744034362,45.804,73.615,47.010450000000006,47.391,48.81225,65.5985,67.43010000000001,68.73765,0.4631944444444444,0.2944444444444444,0.0277777777777777,0.0,0.3277777777777778,0.3895833333333333,16.786250000000003,27.810999999999996,1.0,Main_Floor_C,Deployment_A,none,A_P012
A026,1440,57.95626875,59.814,7.883819427744385,45.478,72.099,46.198,46.7066,50.329,65.033,67.57929999999999,68.71565,0.4840277777777778,0.2534722222222222,0.0131944444444444,0.0,0.1833333333333333,0.4097222222222222,14.704,26.621,1.0,Main_Floor_C,Deployment_A,none,A_P013
A026,1440,58.98415972222222,58.576,8.220353763392355,45.674,77.231,46.71365,47.543,50.8875,66.69749999999999,69.2222,70.3124,0.4673611111111111,0.3395833333333333,0.0631944444444444,0.0,0.1805555555555555,0.3354166666666666,15.809999999999988,31.556999999999995,1.0,Main_Floor_C,Deployment_A,none,A_P014
A026,1440,58.45819861111111,61.5955,9.210974153830923,45.396,75.923,46.196,46.5316,47.22324999999999,66.473,68.8361,70.01155,0.5902777777777778,0.3604166666666666,0.0513888888888888,0.0,0.3548611111111111,0.3819444444444444,19.24975000000001,30.527,1.0,Main_Floor_C,Deployment_A,broad_remote_work,A_P015
A026,1440,48.98334097222222,48.922,1.4910346826970018,45.924,56.87,46.478,46.956900000000005,48.234750000000005,49.674,50.6421,51.707,0.0,0.0,0.0,0.0,0.8145833333333333,0.9972222222222222,1.439249999999994,10.945999999999998,1.0,Main_Floor_C,Deployment_A,broad_remote_work,A_P016
A026,1440,48.698659722222224,48.815,1.216408197478821,45.88,55.804,46.4127,46.967,48.0,49.39225,49.958,50.4403,0.0,0.0,0.0,0.0,0.9069444444444444,0.9993055555555556,1.392249999999997,9.924,1.0,Main_Floor_C,Deployment_A,none,A_P017
A026,1440,49.842120138888895,49.2935,2.6943996883320263,45.978,56.824,46.473,46.717,47.68225,50.946,54.9268,55.0555,0.0,0.0,0.0,0.0,0.5368055555555555,0.93125,3.2637499999999946,10.845999999999997,1.0,Main_Floor_C,Deployment_A,none,A_P018
A026,1440,51.92872013888889,54.042,3.691581128377264,46.141,62.451,46.73845,47.097,47.86725,54.978,55.228,55.527,0.0138888888888888,0.0,0.0,0.0,0.3770833333333333,0.7736111111111111,7.110750000000003,16.310000000000002,1.0,Main_Floor_C,Deployment_A,none,A_P019
A026,1440,49.67196805555556,49.163,2.5246867786834475,46.109,58.478,46.62,46.891,47.58575,51.22275,52.98670000000001,55.065,0.0,0.0,0.0,0.0,0.5784722222222223,0.9458333333333332,3.636999999999993,12.369,1.0,Main_Floor_C,Deployment_A,none,A_P020
A026,1440,58.36117361111111,62.478,8.346537342923426,46.066,74.598,47.31445,47.824,48.695,65.8445,67.7281,68.57655,0.5541666666666667,0.3083333333333333,0.0159722222222222,0.0,0.3486111111111111,0.3930555555555555,17.149499999999996,28.532,1.0,Main_Floor_C,Deployment_A,none,A_P021
A026,1440,59.60350277777778,62.783,7.830056934374383,47.308,75.465,48.19545,49.033,50.4115,66.054,68.1872,69.48955000000001,0.59375,0.3319444444444444,0.0388888888888888,0.0,0.2048611111111111,0.33125,15.642500000000004,28.157000000000004,1.0,Main_Floor_C,Deployment_A,none,A_P022
A026,1440,49.42584375,49.4265,1.665068864560133,45.783,55.935,46.758,47.239,48.13,50.555,51.481300000000005,52.1314,0.0,0.0,0.0,0.0,0.6263888888888889,0.9958333333333332,2.424999999999997,10.152,1.0,Main_Floor_C,Deployment_A,none,A_P023
A026,1440,51.09404652777778,51.2295,3.1293479475296238,46.174,63.076,46.59775,47.217,48.1425,54.261,54.9901,55.3918,0.0048611111111111,0.0,0.0,0.0,0.4402777777777777,0.9034722222222222,6.1185000000000045,16.902,1.0,Main_Floor_C,Deployment_A,none,A_P024
A026,1440,60.832959027777775,62.3855,7.882245369105107,47.5,73.593,48.28585,48.978,50.85625,67.2855,69.5575,70.663,0.6881944444444444,0.3965277777777777,0.0791666666666666,0.0,0.1895833333333333,0.2979166666666666,16.429249999999996,26.093000000000004,1.0,Main_Floor_C,Deployment_A,none,A_P025
A026,1440,58.98404097222223,60.141,7.760370811126648,46.231,74.785,48.59635,49.076,50.0,66.011,68.4625,69.6322,0.5375,0.3152777777777777,0.0388888888888888,0.0,0.2520833333333333,0.3486111111111111,16.010999999999996,28.553999999999995,1.0,Main_Floor_C,Deployment_A,none,A_P026
A026,1440,57.942929166666666,60.552,8.246374665737065,46.207,73.185,46.9665,47.7599,48.587,65.44874999999999,67.848,69.0551,0.5173611111111112,0.2798611111111111,0.025,0.0,0.3548611111111111,0.4076388888888889,16.861749999999986,26.978,1.0,Main_Floor_C,Deployment_A,none,A_P027
A026,1440,58.88862430555556,59.933,7.729244598610452,47.565,74.902,48.08795,48.7457,50.5555,66.1635,68.17510000000001,69.0891,0.4951388888888889,0.3319444444444444,0.025,0.0,0.1680555555555555,0.3986111111111111,15.608000000000004,27.337000000000003,1.0,Main_Floor_C,Deployment_A,none,A_P028
A026,1440,58.51430625,58.224,7.558049158155685,46.098,76.152,48.1295,49.3406,50.68225,65.553,68.29769999999999,69.8051,0.4347222222222222,0.2756944444444444,0.0486111111111111,0.0,0.1694444444444444,0.4090277777777777,14.870749999999994,30.054,1.0,Main_Floor_C,Deployment_A,none,A_P029
A026,1440,50.21551180555556,50.609,1.6117149645741242,46.293,58.505,46.848,47.2708,50.077,51.07525,51.6641,52.14155,0.0,0.0,0.0,0.0,0.2298611111111111,0.9979166666666668,0.998250000000006,12.212000000000003,1.0,Main_Floor_C,Deployment_A,none,A_P030
A026,805,51.51662608695652,51.391,1.0151727253300027,49.63,57.88,50.326,50.533,50.815,51.934,52.563,53.1608,0.0,0.0,0.0,0.0,0.0124223602484472,0.9850931677018634,1.1189999999999998,8.25,0.5590277777777778,Main_Floor_C,Deployment_A,none,A_P031
A027,560,56.52347142857143,53.0545,6.166084561123442,51.033,74.172,51.32565,51.402,51.59525,60.2855,67.10000000000001,68.36415,0.2517857142857143,0.1821428571428571,0.0160714285714285,0.0,0.0,0.5875,8.690249999999999,23.139,0.3888888888888889,Main_Floor_C,Deployment_A,none,A_P001
A027,1440,51.80925625,51.628,1.130641615689868,49.989,58.489,50.326,50.478,51.054,52.233,53.3704,53.8922,0.0,0.0,0.0,0.0,0.0006944444444444,0.9868055555555556,1.179000000000002,8.5,1.0,Main_Floor_C,Deployment_A,none,A_P002
A027,1440,52.24147708333333,51.391,1.9442293008231133,50.044,61.63,50.217,50.37,50.723,53.587,55.033,55.9236,0.0020833333333333,0.0,0.0,0.0,0.0,0.8972222222222223,2.8640000000000043,11.586000000000006,1.0,Main_Floor_C,Deployment_A,none,A_P003
A027,1439,58.94852814454482,60.228,7.143620582606631,50.0,74.333,50.2857,50.413,50.8085,65.694,67.8684,68.83139999999999,0.5079916608756081,0.2897845726198749,0.0187630298818624,0.0,0.0006949270326615,0.4016678248783877,14.8855,24.333,0.9993055555555556,Main_Floor_C,Deployment_A,none,A_P004
A027,1440,58.951790277777775,59.826,6.770953159521844,49.457,74.637,50.2189,50.2857,50.7145,65.00274999999999,67.2407,68.4677,0.4965277777777778,0.2513888888888889,0.0208333333333333,0.0,0.0083333333333333,0.3569444444444444,14.28824999999999,25.18,1.0,Main_Floor_C,Deployment_A,none,A_P005
A027,1437,58.390544885177455,57.174,6.764303199695148,49.728,75.12,50.261,50.7768,51.326,65.054,67.17960000000001,68.662,0.4140570633263744,0.2540013917884481,0.022964509394572,0.0,0.0055671537926235,0.4057063326374391,13.728000000000002,25.392000000000003,0.9979166666666668,Main_Floor_C,Deployment_A,none,A_P006
A027,1438,58.47872392211405,58.150000000000006,5.840351829196082,50.341,75.707,51.011,51.1624,52.5175,63.7905,66.13,67.48474999999999,0.4450625869262865,0.1550764951321279,0.0076495132127955,0.0,0.0,0.3942976356050069,11.273000000000003,25.365999999999996,0.9986111111111112,Main_Floor_C,Deployment_A,none,A_P007
A027,1440,51.43183888888889,51.054,1.1692553365830962,50.283,56.228,50.489,50.587,50.783,51.43625,54.0231,54.456050000000005,0.0,0.0,0.0,0.0,0.0,0.98125,0.6532499999999999,5.945,1.0,Main_Floor_C,Deployment_A,low_attendance,A_P008
A027,1440,51.65730833333334,51.5925,0.8927207404507225,50.315,53.253,50.478,50.5486,50.717,52.5065,52.674,52.75,0.0,0.0,0.0,0.0,0.0,1.0,1.789500000000004,2.9380000000000024,1.0,Main_Floor_C,Deployment_A,low_attendance,A_P009
A027,1440,52.07347152777778,51.9835,1.1241602004350997,50.337,62.174,50.6037,50.761,50.97525,52.989,53.258300000000006,53.576,0.0006944444444444,0.0,0.0,0.0,0.0,0.9958333333333332,2.0137499999999946,11.836999999999996,1.0,Main_Floor_C,Deployment_A,none,A_P010
A027,1440,59.203636805555554,61.457,5.844366218225651,50.522,70.772,50.739,50.826,51.4225,63.92325,65.74010000000001,66.598,0.5972222222222222,0.1583333333333333,0.0034722222222222,0.0,0.0,0.2993055555555555,12.500750000000004,20.250000000000007,1.0,Main_Floor_C,Deployment_A,none,A_P011
A027,1440,58.057004166666665,58.1095,6.32912276696286,49.793,72.391,50.565,50.707,51.27425,64.349,66.4075,67.58755000000001,0.40625,0.2013888888888889,0.0055555555555555,0.0,0.0006944444444444,0.4145833333333333,13.074750000000009,22.59800000000001,1.0,Main_Floor_C,Deployment_A,none,A_P012
A027,1440,58.07831041666668,58.625,6.4458754364271424,50.13,72.538,50.32565,50.435,51.09975,64.05825,66.2653,67.79135,0.4319444444444444,0.1701388888888889,0.0097222222222222,0.0,0.0,0.4118055555555555,12.9585,22.407999999999998,1.0,Main_Floor_C,Deployment_A,none,A_P013
A027,1440,58.93906666666666,57.511,7.13965063672266,50.076,81.396,50.3738,50.696,51.19375,66.2445,68.2621,69.46755,0.4305555555555556,0.3111111111111111,0.0381944444444444,0.0,0.0,0.4048611111111111,15.050750000000008,31.32,1.0,Main_Floor_C,Deployment_A,none,A_P014
A027,1435,58.83323205574913,59.435,6.860799223041587,49.402,72.436,50.261,50.6254,51.054,64.9565,67.3392,68.79429999999999,0.4850174216027874,0.2439024390243902,0.0236933797909407,0.0,0.0076655052264808,0.3846689895470383,13.902500000000003,23.03400000000001,0.9965277777777778,Main_Floor_C,Deployment_A,broad_remote_work,A_P015
A027,1440,51.65673472222223,51.641,0.6146023277772198,50.348,58.132,50.6238,50.728,51.363,52.0,52.293,52.61145,0.0,0.0,0.0,0.0,0.0,0.9986111111111112,0.6370000000000005,7.783999999999999,1.0,Main_Floor_C,Deployment_A,broad_remote_work,A_P016
A027,1440,51.74002986111111,51.867,0.6085961846696253,50.413,56.804,50.728,50.8234,51.38,52.011,52.2318,52.47325,0.0,0.0,0.0,0.0,0.0,0.9972222222222222,0.6310000000000002,6.391000000000005,1.0,Main_Floor_C,Deployment_A,none,A_P017
A027,1440,51.72142916666666,51.691500000000005,0.7450785943287214,50.511,56.242,50.696,50.793,51.065,52.065,52.8682,53.022,0.0,0.0,0.0,0.0,0.0,0.9986111111111112,1.0,5.7309999999999945,1.0,Main_Floor_C,Deployment_A,none,A_P018
A027,1440,52.19389791666667,52.283,1.3521031017536838,50.641,61.286,50.82375,50.891,51.152,52.815,53.0431,53.293,0.0138888888888888,0.0,0.0,0.0,0.0,0.9833333333333332,1.6629999999999967,10.645000000000003,1.0,Main_Floor_C,Deployment_A,none,A_P019
A027,1440,52.4391125,51.8905,1.6521933933040869,50.308,59.802,50.82355,50.912,51.065,53.739,54.641,55.1011,0.0,0.0,0.0,0.0,0.0,0.9430555555555556,2.6739999999999995,9.494,1.0,Main_Floor_C,Deployment_A,none,A_P020
A027,1440,59.07823055555556,61.857,6.356121081980296,50.37,74.527,50.967,51.174,51.62,64.38650000000001,66.297,67.61609999999999,0.5875,0.2069444444444444,0.0083333333333333,0.0,0.0,0.3923611111111111,12.766500000000017,24.157000000000004,1.0,Main_Floor_C,Deployment_A,none,A_P021
A027,1440,59.80721736111111,61.912,6.000894982530474,51.076,73.758,51.293,51.38,52.08575,64.58699999999999,66.43010000000001,67.58444999999999,0.6055555555555555,0.2013888888888889,0.00625,0.0,0.0,0.3305555555555555,12.501249999999992,22.681999999999995,1.0,Main_Floor_C,Deployment_A,none,A_P022
A027,1440,51.72958958333333,51.772,0.5635204002057329,50.576,55.522,50.87895,50.989,51.281,52.13,52.402,52.57655,0.0,0.0,0.0,0.0,0.0,0.9993055555555556,0.8490000000000038,4.945999999999998,1.0,Main_Floor_C,Deployment_A,none,A_P023
A027,1440,52.31325763888889,52.484,1.1985152690661882,50.467,58.89,50.769,50.859,51.198,53.25,53.75,54.109,0.0,0.0,0.0,0.0,0.0,0.9875,2.052,8.423000000000002,1.0,Main_Floor_C,Deployment_A,none,A_P024
A027,1440,60.32943958333333,61.4235,6.545124055230936,50.533,73.549,51.087,51.228,52.31325,66.1265,68.1198,69.36355,0.5604166666666667,0.3236111111111111,0.0305555555555555,0.0,0.0,0.2958333333333333,13.813249999999996,23.016000000000005,1.0,Main_Floor_C,Deployment_A,none,A_P025
A027,1440,58.8678,59.4475,6.765455541402677,48.707,74.571,49.64045,50.7048,51.304,65.00274999999999,67.42,68.8607,0.44375,0.2513888888888889,0.0270833333333333,0.0,0.0576388888888888,0.3506944444444444,13.69874999999999,25.864,1.0,Main_Floor_C,Deployment_A,none,A_P026
A027,1440,57.96759583333333,58.5705,6.56047014868359,48.449,73.505,48.989,49.4594,51.22,63.835,66.4404,67.725,0.4493055555555555,0.1847222222222222,0.0090277777777777,0.0,0.1145833333333333,0.3895833333333333,12.615000000000002,25.056,1.0,Main_Floor_C,Deployment_A,none,A_P027
A027,1440,58.77394305555556,58.715,5.975142409631682,50.934,72.615,51.12,51.326,52.489,64.10925,66.71300000000001,68.18375,0.4347222222222222,0.1854166666666666,0.0125,0.0,0.0,0.3819444444444444,11.620250000000006,21.681,1.0,Main_Floor_C,Deployment_A,none,A_P028
A027,1440,58.54430416666666,57.206,6.040214905857829,50.402,77.747,51.18475,51.717,52.593,64.308,66.38610000000001,67.97015,0.4013888888888889,0.1986111111111111,0.0229166666666666,0.0,0.0,0.4125,11.715000000000003,27.345,1.0,Main_Floor_C,Deployment_A,none,A_P029
A027,1440,52.05515347222222,52.1465,0.5916413742236785,50.815,56.457,51.022,51.098,51.772,52.4005,52.6814,52.90725,0.0,0.0,0.0,0.0,0.0,0.9986111111111112,0.6285000000000025,5.642000000000003,1.0,Main_Floor_C,Deployment_A,none,A_P030
A027,805,52.57040745341615,52.576,0.5610278484269258,51.63,55.652,51.837,51.891,52.044,52.848,53.261,53.543,0.0,0.0,0.0,0.0,0.0,0.9975155279503104,0.804000000000002,4.021999999999999,0.5590277777777778,Main_Floor_C,Deployment_A,none,A_P031
A028,560,59.69862321428571,57.1305,4.4617933845726006,56.62,73.165,56.802,56.848,56.924,60.258,68.18809999999999,69.57539999999999,0.2553571428571428,0.1732142857142857,0.0446428571428571,0.0,0.0,0.0,3.333999999999996,16.54500000000001,0.3888888888888889,Main_Floor_C,Deployment_A,none,A_P001
A028,1440,57.514431944444446,57.174,0.8298111858255905,56.341,61.033,56.58675,56.6583,56.87,58.228,58.527,58.772,0.0118055555555555,0.0,0.0,0.0,0.0,0.0,1.358000000000004,4.692,1.0,Main_Floor_C,Deployment_A,none,A_P002
A028,1440,57.88986944444444,57.12,1.7308854445448534,56.167,67.044,56.3188,56.3798,56.554,58.652,60.424,61.61005,0.1194444444444444,0.0027777777777777,0.0,0.0,0.0,0.0,2.097999999999999,10.876999999999995,1.0,Main_Floor_C,Deployment_A,none,A_P003
A028,1440,61.83468402777778,61.814,4.8023561825693255,56.215,72.407,56.348,56.4126,56.543,66.02475000000001,68.3014,69.35365,0.5895833333333333,0.3381944444444444,0.0326388888888888,0.0,0.0,0.0,9.481750000000012,16.191999999999993,1.0,Main_Floor_C,Deployment_A,none,A_P004
A028,1440,61.75237916666667,61.533,4.44523776733964,56.242,72.11,56.446,56.533,56.837,65.912,67.857,68.6601,0.6125,0.30625,0.0159722222222222,0.0,0.0,0.0,9.075000000000005,15.868000000000002,1.0,Main_Floor_C,Deployment_A,none,A_P005
A028,1440,60.99574444444445,60.0425,4.041799832328569,56.37,71.363,56.58075,56.6803,56.848,64.70575,66.7162,67.59465,0.5111111111111111,0.2305555555555555,0.0048611111111111,0.0,0.0,0.0,7.857749999999996,14.993000000000002,1.0,Main_Floor_C,Deployment_A,none,A_P006
A028,1440,61.58795208333333,61.12,3.713569185525856,56.565,72.835,56.7906,56.901,58.44825,64.57374999999999,66.8691,68.05775,0.5888888888888889,0.2145833333333333,0.0097222222222222,0.0,0.0,0.0,6.125499999999988,16.269999999999996,1.0,Main_Floor_C,Deployment_A,none,A_P007
A028,1440,56.60958611111111,56.58,0.3869569896373853,55.967,59.304,56.13,56.176,56.391,56.761,56.946,57.1105,0.0,0.0,0.0,0.0,0.0,0.0,0.3700000000000045,3.3370000000000037,1.0,Main_Floor_C,Deployment_A,low_attendance,A_P008
A028,1440,56.59107569444445,56.626,0.3188698998485101,55.989,57.272,56.13,56.174,56.283,56.88,56.989,57.0445,0.0,0.0,0.0,0.0,0.0,0.0,0.5970000000000013,1.2830000000000013,1.0,Main_Floor_C,Deployment_A,low_attendance,A_P009
A028,1440,56.821474305555554,56.835,0.6878660049435462,55.826,60.198,55.989,56.033,56.239,57.207,57.663,58.0445,0.0006944444444444,0.0,0.0,0.0,0.0,0.0,0.9680000000000036,4.372,1.0,Main_Floor_C,Deployment_A,none,A_P010
A028,1440,61.560429166666665,62.293,4.460062234548894,55.196,72.286,55.47775,55.598,56.12,65.264,67.4861,68.31955,0.6305555555555555,0.2652777777777778,0.0083333333333333,0.0,0.0,0.0,9.143999999999998,17.090000000000003,1.0,Main_Floor_C,Deployment_A,none,A_P011
A028,1440,60.92383402777777,60.33,4.460364163306276,55.489,71.901,55.761,55.88,56.226,64.879,67.0781,68.39655,0.5597222222222222,0.2430555555555555,0.0104166666666666,0.0,0.0,0.0,8.653000000000006,16.412,1.0,Main_Floor_C,Deployment_A,none,A_P012
A028,1440,60.96812569444444,60.066,4.905306588346651,55.391,73.714,55.652,55.728,55.957,65.42525,67.7261,68.90124999999999,0.5097222222222222,0.2743055555555556,0.0201388888888888,0.0,0.0,0.0,9.468250000000005,18.323,1.0,Main_Floor_C,Deployment_A,none,A_P013
A028,1440,61.28911111111112,59.916,4.766826235716633,55.337,73.648,55.837,55.9349,56.154,65.55175,67.989,69.2101,0.4909722222222222,0.2902777777777778,0.0291666666666666,0.0,0.0,0.0,9.397749999999997,18.310999999999996,1.0,Main_Floor_C,Deployment_A,none,A_P014
A028,1440,61.45737777777777,61.0105,4.418403706673023,55.522,73.198,55.88,56.042,57.1555,65.368,67.5557,68.45155,0.5840277777777778,0.2798611111111111,0.0125,0.0,0.0,0.0,8.212499999999991,17.675999999999995,1.0,Main_Floor_C,Deployment_A,broad_remote_work,A_P015
A028,1440,56.905177083333335,56.967,0.2899219322250469,56.12,59.165,56.283,56.462,56.78,57.08525,57.176,57.264,0.0,0.0,0.0,0.0,0.0,0.0,0.3052500000000009,3.0450000000000017,1.0,Main_Floor_C,Deployment_A,broad_remote_work,A_P016
A028,1440,57.44514305555556,57.457,0.433087291634725,56.429,60.714,56.7576,56.859,57.163,57.739,57.8911,58.044,0.0006944444444444,0.0,0.0,0.0,0.0,0.0,0.5760000000000005,4.284999999999997,1.0,Main_Floor_C,Deployment_A,none,A_P017
A028,1440,58.14552222222222,58.22,0.4086940499554928,57.152,60.022,57.446,57.533,57.844,58.418,58.6264,58.761,0.0006944444444444,0.0,0.0,0.0,0.0,0.0,0.5740000000000052,2.869999999999997,1.0,Main_Floor_C,Deployment_A,none,A_P018
A028,1440,58.10769166666667,58.141,0.2995842116350801,57.207,59.396,57.554,57.7167,57.924,58.304,58.457,58.55905,0.0,0.0,0.0,0.0,0.0,0.0,0.3800000000000025,2.189,1.0,Main_Floor_C,Deployment_A,none,A_P019
A028,1440,58.96035208333334,58.38,1.3269441348322657,56.945,64.022,57.40145,57.6839,58.10975,60.076,60.9031,61.5653,0.2534722222222222,0.0,0.0,0.0,0.0,0.0,1.9662500000000025,7.077000000000005,1.0,Main_Floor_C,Deployment_A,none,A_P020
A028,1440,61.73354722222223,63.0,3.3326876958131084,56.652,71.228,57.40675,57.598,58.09525,64.359,65.7621,66.72964999999999,0.6027777777777777,0.1666666666666666,0.0013888888888888,0.0,0.0,0.0,6.263749999999995,14.575999999999992,1.0,Main_Floor_C,Deployment_A,none,A_P021
A028,1440,62.04044444444445,62.901,3.674916615804672,57.293,71.359,57.739,57.912,58.18375,64.98349999999999,67.045,67.9251,0.5881944444444445,0.25,0.0069444444444444,0.0,0.0,0.0,6.799749999999989,14.065999999999995,1.0,Main_Floor_C,Deployment_A,none,A_P022
A028,1440,57.94698263888889,57.957,0.3373787776182717,57.043,60.934,57.385,57.5045,57.7,58.209,58.359,58.435,0.0006944444444444,0.0,0.0,0.0,0.0,0.0,0.5090000000000003,3.8909999999999982,1.0,Main_Floor_C,Deployment_A,none,A_P023
A028,1440,58.51118263888889,57.929,1.2211088226492668,56.984,65.879,57.337,57.4285,57.62,59.511,60.6814,60.87,0.1576388888888888,0.0006944444444444,0.0,0.0,0.0,0.0,1.8910000000000051,8.895000000000003,1.0,Main_Floor_C,Deployment_A,none,A_P024
A028,1440,62.70589722222222,62.53,4.01375129885773,57.033,71.929,57.348,57.424,58.11175,66.18350000000001,67.861,68.769,0.6694444444444444,0.3569444444444444,0.0152777777777777,0.0,0.0,0.0,8.071750000000009,14.896,1.0,Main_Floor_C,Deployment_A,none,A_P025
A028,1440,61.832465972222224,61.25,4.2398075842972265,56.767,74.402,57.0,57.076,57.31325,65.4265,67.81410000000001,68.84909999999999,0.6243055555555556,0.2840277777777777,0.0229166666666666,0.0,0.0,0.0,8.113250000000008,17.634999999999998,1.0,Main_Floor_C,Deployment_A,none,A_P026
A028,1440,61.88712986111111,61.5775,4.340827631278687,56.565,72.293,57.022,57.098,57.264,65.81575000000001,67.8293,68.8921,0.5979166666666667,0.3104166666666667,0.0201388888888888,0.0,0.0,0.0,8.551750000000006,15.728000000000009,1.0,Main_Floor_C,Deployment_A,none,A_P027
A028,1440,61.47794305555556,61.0,3.7206560230777015,56.902,72.352,57.109,57.239,57.652,64.43275,66.6971,67.8691,0.6055555555555555,0.2090277777777777,0.0076388888888888,0.0,0.0,0.0,6.780749999999998,15.450000000000005,1.0,Main_Floor_C,Deployment_A,none,A_P028
A028,1440,61.45925138888889,60.698,3.812933394680603,57.043,80.283,57.304,57.413,57.761,64.076,66.09240000000001,68.68825,0.5958333333333333,0.1673611111111111,0.0319444444444444,0.0,0.0,0.0,6.314999999999991,23.24,1.0,Main_Floor_C,Deployment_A,none,A_P029
A028,1440,57.79265138888889,57.857,0.3847980445531024,56.815,59.554,57.152,57.2557,57.5,58.087,58.228,58.337,0.0,0.0,0.0,0.0,0.0,0.0,0.5870000000000033,2.7390000000000043,1.0,Main_Floor_C,Deployment_A,none,A_P030
A028,805,57.93739503105591,57.957,0.3611309288007329,57.165,59.88,57.3862,57.4534,57.593,58.228,58.359,58.435,0.0,0.0,0.0,0.0,0.0,0.0,0.634999999999998,2.7150000000000034,0.5590277777777778,Main_Floor_C,Deployment_A,none,A_P031
A029,560,60.98391071428571,52.4865,10.904566729544856,51.674,78.857,51.837,51.935,52.13,73.54625,76.3605,77.46445,0.3857142857142857,0.3839285714285714,0.3803571428571428,0.0,0.0,0.5928571428571429,21.41625,27.183,0.3888888888888889,Main_Floor_C,Deployment_A,none,A_P001
A029,1440,55.27271597222222,52.315,7.403482051415936,50.0,78.11,50.34745,50.4885,50.85475,55.576,74.1285,75.00055,0.11875,0.1152777777777777,0.1152777777777777,0.0,0.0006944444444444,0.6388888888888888,4.721250000000005,28.11,1.0,Main_Floor_C,Deployment_A,none,A_P002
A029,1440,52.28225972222222,51.8085,2.1856690534395256,49.989,69.132,50.228,50.304,50.478,53.638,55.097100000000005,55.97855,0.00625,0.0006944444444444,0.0,0.0,0.0020833333333333,0.8701388888888889,3.1599999999999966,19.143000000000008,1.0,Main_Floor_C,Deployment_A,none,A_P003
A029,1440,63.10457986111111,67.864,10.281947107712313,50.043,78.209,50.283,50.3848,50.989,71.473,75.63810000000001,76.80255000000001,0.5868055555555556,0.5868055555555556,0.3402777777777778,0.0,0.0,0.3986111111111111,20.484,28.166000000000004,1.0,Main_Floor_C,Deployment_A,none,A_P004
A029,1440,64.47135763888889,69.9285,10.07706529002854,49.722,77.637,50.06595,50.196,50.56225,72.17025,73.8912,74.94829999999999,0.6659722222222222,0.6625,0.4916666666666666,0.0,0.0236111111111111,0.33125,21.608,27.915,1.0,Main_Floor_C,Deployment_A,none,A_P005
A029,1440,61.73827986111112,66.82499999999999,9.373354254962912,49.576,75.077,50.04395,50.165,50.489,70.0925,71.78110000000001,72.46825,0.5895833333333333,0.5666666666666667,0.2569444444444444,0.0,0.0333333333333333,0.4048611111111111,19.603500000000004,25.501,1.0,Main_Floor_C,Deployment_A,none,A_P006
A029,1440,63.9409125,66.432,8.489174579362729,49.576,77.407,50.076,50.495,54.953500000000005,70.92325,73.4791,75.21825,0.6625,0.6368055555555555,0.2888888888888888,0.0,0.0326388888888888,0.2597222222222222,15.96974999999999,27.831,1.0,Main_Floor_C,Deployment_A,none,A_P007
A029,1440,50.8064625,50.424,0.8652570024658494,49.652,55.109,49.967,50.065,50.198,51.54575,52.075100000000006,52.25815,0.0,0.0,0.0,0.0,0.0722222222222222,0.9986111111111112,1.3477499999999978,5.457000000000001,1.0,Main_Floor_C,Deployment_A,low_attendance,A_P008
A029,1440,50.42135138888889,50.391,0.3297476409905941,49.538,52.467,49.945,50.033,50.196,50.641,50.815,50.924,0.0,0.0,0.0,0.0,0.0861111111111111,1.0,0.4450000000000003,2.929000000000002,1.0,Main_Floor_C,Deployment_A,low_attendance,A_P009
A029,1440,51.739075694444445,50.661,1.8803701080898183,49.554,58.152,50.011,50.11,50.293,53.255,54.4901,55.456300000000006,0.0,0.0,0.0,0.0,0.0479166666666666,0.9284722222222224,2.9620000000000037,8.597999999999999,1.0,Main_Floor_C,Deployment_A,none,A_P010
A029,1440,63.29619097222222,65.571,8.938903165699692,49.945,78.185,50.2968,50.402,51.97,69.73875000000001,74.78550000000001,76.18755,0.6805555555555556,0.5402777777777777,0.2395833333333333,0.0,0.0006944444444444,0.2895833333333333,17.76875000000001,28.24,1.0,Main_Floor_C,Deployment_A,none,A_P011
A029,1440,63.7391,69.489,10.479733268213346,49.813,77.495,50.3188,50.4454,50.859,72.396,74.23210000000002,76.75869999999999,0.6076388888888888,0.6027777777777777,0.4680555555555555,0.0,0.00625,0.3868055555555555,21.537,27.682,1.0,Main_Floor_C,Deployment_A,none,A_P012
A029,1440,62.104351388888894,61.218500000000006,10.836792594429149,49.446,78.489,50.15145,50.304,50.5925,72.7855,76.5346,77.05615,0.5215277777777778,0.4743055555555555,0.31875,0.0,0.0305555555555555,0.425,22.193,29.043000000000006,1.0,Main_Floor_C,Deployment_A,none,A_P013
A029,1440,62.41175555555556,66.8565,8.8151732533016,49.707,75.457,50.18255,50.326,50.848,70.03575000000001,71.527,72.33055,0.6631944444444444,0.5513888888888889,0.2541666666666666,0.0,0.0125,0.33125,19.18775000000001,25.749999999999996,1.0,Main_Floor_C,Deployment_A,none,A_P014
A029,1440,63.888956944444445,67.5055,11.578957254686523,49.402,78.978,50.154,50.4229,51.174,75.837,77.165,77.533,0.5423611111111111,0.5131944444444444,0.4611111111111111,0.0,0.0298611111111111,0.4020833333333333,24.663000000000004,29.575999999999997,1.0,Main_Floor_C,Deployment_A,broad_remote_work,A_P015
A029,1440,50.81517569444445,50.774,0.4749958110705874,49.837,54.538,50.187,50.293,50.478,51.044,51.371,51.62105,0.0,0.0,0.0,0.0,0.0055555555555555,1.0,0.5659999999999954,4.700999999999993,1.0,Main_Floor_C,Deployment_A,broad_remote_work,A_P016
A029,1440,50.833275,50.772,0.429344639408089,50.163,54.923,50.38,50.4409,50.576,50.989,51.2071,51.4626,0.0,0.0,0.0,0.0,0.0,1.0,0.4129999999999967,4.760000000000005,1.0,Main_Floor_C,Deployment_A,none,A_P017
A029,1440,54.75103125,51.0435,6.075090480575668,50.087,74.554,50.374,50.4597,50.641,62.58775,64.253,64.93674999999999,0.2965277777777778,0.0493055555555555,0.0076388888888888,0.0,0.0,0.7013888888888888,11.946750000000002,24.467,1.0,Main_Floor_C,Deployment_A,none,A_P018
A029,1440,54.86513611111111,51.87,5.416029582005962,50.242,66.209,50.53245,50.7307,51.315,62.804,63.758300000000006,64.121,0.2784722222222222,0.0020833333333333,0.0,0.0,0.0,0.7208333333333333,11.489000000000004,15.967000000000006,1.0,Main_Floor_C,Deployment_A,none,A_P019
A029,1440,55.99896666666667,51.967,6.182726577166887,50.196,66.121,50.554,50.6803,51.0,63.81775,64.652,65.0665,0.3576388888888889,0.05625,0.0,0.0,0.0,0.6416666666666667,12.817749999999997,15.924999999999995,1.0,Main_Floor_C,Deployment_A,none,A_P020
A029,1440,62.96806805555556,66.957,9.205371204278984,50.065,75.098,50.717,51.0859,52.152,71.55475,72.891,73.6812,0.5993055555555555,0.5576388888888889,0.39375,0.0,0.0,0.375,19.40275,25.033,1.0,Main_Floor_C,Deployment_A,none,A_P021
A029,1440,62.83656666666667,66.764,8.251731624601426,51.228,75.043,51.717,52.087900000000005,54.23175,70.185,72.27340000000001,73.06505,0.5888888888888889,0.5548611111111111,0.2680555555555555,0.0,0.0,0.3895833333333333,15.953250000000004,23.815000000000005,1.0,Main_Floor_C,Deployment_A,none,A_P022
A029,1440,51.93538194444445,50.989,1.7815929087521636,49.791,57.315,50.228,50.308,50.5,54.293,54.457,54.56025,0.0,0.0,0.0,0.0,0.0034722222222222,0.9916666666666668,3.7929999999999993,7.524000000000001,1.0,Main_Floor_C,Deployment_A,none,A_P023
A029,1440,52.55349166666667,51.076,2.710536987934381,49.914,65.86,50.2089,50.293,50.5,54.40325,57.143,57.36005,0.0027777777777777,0.0006944444444444,0.0,0.0,0.0048611111111111,0.7854166666666667,3.90325,15.945999999999998,1.0,Main_Floor_C,Deployment_A,none,A_P024
A029,1440,66.49186597222221,72.86449999999999,10.824148156579776,50.163,79.516,50.489,51.2865,52.848,75.261,77.0201,77.46755,0.6361111111111111,0.6333333333333333,0.6256944444444444,0.0,0.0,0.3236111111111111,22.413,29.35300000000001,1.0,Main_Floor_C,Deployment_A,none,A_P025
A029,1440,64.33661944444445,69.51650000000001,9.77462750769287,50.38,76.707,50.8259,50.967,51.543,72.51375,73.6179,74.37,0.6493055555555556,0.6381944444444444,0.4763888888888888,0.0,0.0,0.3479166666666666,20.97075,26.32699999999999,1.0,Main_Floor_C,Deployment_A,none,A_P026
A029,1440,63.26051875,63.5435,11.152204556909286,49.747,78.848,50.207,50.326,50.70425,74.478,75.6347,76.17565,0.5430555555555555,0.4854166666666666,0.4680555555555555,0.0,0.0020833333333333,0.3881944444444444,23.773749999999996,29.101,1.0,Main_Floor_C,Deployment_A,none,A_P027
A029,1440,64.27484583333333,68.076,8.701117914236855,50.141,76.157,50.457,50.793,52.931,71.1635,73.29560000000001,74.1851,0.7013888888888888,0.5930555555555556,0.3506944444444444,0.0,0.0,0.2875,18.2325,26.016,1.0,Main_Floor_C,Deployment_A,none,A_P028
A029,1440,62.47022986111111,61.391,9.983041545520807,49.736,78.696,50.228,50.447,51.989,72.9675,74.6311,75.74025,0.5826388888888889,0.4284722222222222,0.3923611111111111,0.0,0.0138888888888888,0.3972222222222222,20.978500000000004,28.96,1.0,Main_Floor_C,Deployment_A,none,A_P029
A029,1440,50.91187777777778,50.947,0.5353852259439704,49.62,56.308,50.098,50.2747,50.587,51.209,51.386500000000005,51.533,0.0,0.0,0.0,0.0,0.0277777777777777,0.9979166666666668,0.6219999999999999,6.688000000000002,1.0,Main_Floor_C,Deployment_A,none,A_P030
A029,805,51.502145341614906,51.62,0.6254839101722788,50.293,53.815,50.533,50.62,50.935,51.924,52.2034,52.489,0.0,0.0,0.0,0.0,0.0,1.0,0.9889999999999972,3.5219999999999985,0.5590277777777778,Main_Floor_C,Deployment_A,none,A_P031
A030,461,65.57544468546638,63.923,2.913538608185977,59.533,84.111,63.453,63.529,63.641,66.877,70.16,71.576,0.9978308026030368,0.4056399132321041,0.1106290672451193,0.0,0.0,0.0,3.235999999999997,24.578000000000003,0.3201388888888888,Main_Floor_C,Deployment_A,none,A_P001
A030,1175,64.00850893617022,63.431,1.7569402558822236,55.8,80.25,63.0,63.0864,63.186,63.754000000000005,66.7638,67.1318,0.9982978723404256,0.1506382978723404,0.0127659574468085,0.0,0.0,0.0,0.568000000000005,24.450000000000003,0.8159722222222222,Main_Floor_C,Deployment_A,none,A_P002
A030,1264,61.971,60.9675,3.1512327025350686,55.889,98.0,59.57875,60.1402,60.667,63.0,63.4297,68.12565,0.918512658227848,0.0767405063291139,0.0308544303797468,0.0,0.0,0.0,2.3329999999999984,42.111,0.8777777777777778,Main_Floor_C,Deployment_A,none,A_P003
A030,1150,65.93419739130435,66.305,3.1576379669293053,58.375,78.25,60.875,60.9777,63.53225,68.219,69.989,71.0,0.9991304347826088,0.6043478260869565,0.0991304347826086,0.0,0.0,0.0,4.686749999999996,19.875,0.7986111111111112,Main_Floor_C,Deployment_A,none,A_P004
A030,1101,66.54137693006358,66.989,2.736730067164427,55.5,74.714,63.141,63.217,63.444,68.549,70.141,70.826,0.997275204359673,0.6639418710263397,0.1099000908265213,0.0,0.0,0.0,5.105000000000004,19.214,0.7645833333333333,Main_Floor_C,Deployment_A,none,A_P005
A030,1146,66.01233246073299,65.1815,2.839489029673381,57.933,82.0,63.08225,63.167,63.368,68.23875000000001,69.924,70.8395,0.9956369982547992,0.5357766143106457,0.094240837696335,0.0,0.0,0.0,4.870750000000008,24.067,0.7958333333333333,Main_Floor_C,Deployment_A,none,A_P006
A030,1145,66.3347729257642,66.767,2.918757403812156,57.0,98.0,63.1436,63.2774,63.833,68.1,69.636,70.4632,0.994759825327511,0.5842794759825327,0.0777292576419214,0.0,0.0,0.0,4.266999999999996,41.0,0.7951388888888888,Main_Floor_C,Deployment_A,none,A_P007
A030,1244,63.78403938906752,63.32,2.211196607109731,52.6,90.667,63.0,63.088,63.203,63.48925,64.36240000000001,67.97974999999998,0.989549839228296,0.0836012861736334,0.0281350482315112,0.0,0.0,0.0016077170418006,0.2862499999999954,38.067,0.8638888888888889,Main_Floor_C,Deployment_A,low_attendance,A_P008
A030,1228,63.75270358306189,63.333,2.170280762600087,50.857,84.455,63.0,63.0737,63.2,63.48,64.0,67.87139999999998,0.989413680781759,0.0822475570032573,0.0309446254071661,0.0,0.0,0.002442996742671,0.279999999999994,33.598,0.8527777777777777,Main_Floor_C,Deployment_A,low_attendance,A_P009
A030,1210,63.71997107438016,63.475,2.035096309979288,55.545,98.0,63.0,63.1107,63.238,63.6935,63.9469,65.1188,0.9925619834710744,0.0512396694214876,0.0173553719008264,0.0,0.0,0.0,0.4555000000000007,42.455,0.8402777777777778,Main_Floor_C,Deployment_A,none,A_P010
A030,1057,65.9138334910123,66.0,2.8363480579050644,50.154,98.0,63.1342,63.2584,63.5,67.649,69.2124,69.86280000000001,0.9858088930936612,0.5941343424787133,0.0454115421002838,0.0,0.0,0.0037842951750236,4.149000000000001,47.846,0.7340277777777777,Main_Floor_C,Deployment_A,none,A_P011
A030,1013,65.44403849950642,65.172,2.817385790618729,45.25,86.0,63.06,63.196,63.37,67.304,69.0088,69.7966,0.9842053307008884,0.5518262586377097,0.0424481737413622,0.0,0.0009871668311944,0.0059230009871668,3.9340000000000046,40.75,0.7034722222222223,Main_Floor_C,Deployment_A,none,A_P012
A030,1023,65.3691769305963,65.0,3.256078430951628,49.667,98.0,62.9568,63.1638,63.354,67.0315,69.0376,69.97760000000001,0.978494623655914,0.5034213098729228,0.0498533724340175,0.0,0.0009775171065493,0.0039100684261974,3.677499999999995,48.333,0.7104166666666667,Main_Floor_C,Deployment_A,none,A_P013
A030,1010,65.95433069306931,65.0765,3.4901175042975816,39.5,87.667,62.7816,63.1997,63.43325,68.74725000000001,70.6191,71.5033,0.9821782178217822,0.5207920792079208,0.1415841584158415,0.0019801980198019,0.0019801980198019,0.0029702970297029,5.314000000000007,48.167,0.7013888888888888,Main_Floor_C,Deployment_A,none,A_P014
A030,954,65.27841928721175,64.47749999999999,2.558164061687834,50.0,75.5,63.0,63.1719,63.375,67.21325,68.6726,69.30114999999999,0.9842767295597484,0.4811320754716981,0.0220125786163522,0.0,0.0010482180293501,0.0010482180293501,3.838250000000002,25.5,0.6625,Main_Floor_C,Deployment_A,broad_remote_work,A_P015
A030,1146,63.01967713787086,63.12,1.2164096085791456,48.25,69.897,62.20425,62.926,63.0,63.288,63.5,63.67375,0.9773123909249564,0.0087260034904013,0.0,0.0,0.0008726003490401,0.0061082024432809,0.2879999999999967,21.64700000000001,0.7958333333333333,Main_Floor_C,Deployment_A,broad_remote_work,A_P016
A030,1159,63.15173425366695,63.222,1.2864926426707814,51.5,80.0,62.8315,63.0,63.087500000000006,63.3595,63.5372,63.718700000000005,0.9784296807592752,0.0103537532355478,0.0017256255392579,0.0,0.0,0.0043140638481449,0.2719999999999913,28.5,0.8048611111111111,Main_Floor_C,Deployment_A,none,A_P017
A030,1107,62.853552845528455,63.034,2.673538765631953,49.0,98.0,60.4689,61.5884,62.207,63.182,63.375,63.837500000000006,0.959349593495935,0.03613369467028,0.011743450767841,0.0,0.000903342366757,0.00903342366757,0.9750000000000014,49.0,0.76875,Main_Floor_C,Deployment_A,none,A_P018
A030,1153,63.19716478751084,63.511,1.7215940466216717,52.059,84.0,59.9092,62.5112,63.143,63.833,64.0,64.125,0.9488291413703382,0.0164787510841283,0.0008673026886383,0.0,0.0,0.007805724197745,0.6899999999999977,31.941000000000003,0.8006944444444445,Main_Floor_C,Deployment_A,none,A_P019
A030,1128,63.28321187943263,63.5,2.280659408676758,37.0,98.0,60.0,63.0,63.3055,63.75,63.9895,64.15859999999999,0.9530141843971632,0.026595744680851,0.0062056737588652,0.000886524822695,0.0035460992907801,0.0115248226950354,0.444500000000005,61.0,0.7833333333333333,Main_Floor_C,Deployment_A,none,A_P020
A030,866,65.78548498845267,65.4615,2.9275131797642864,55.053,77.0,63.10625,63.295,63.473,67.79375,69.42500000000001,70.45750000000001,0.9757505773672056,0.5173210161662818,0.0704387990762124,0.0,0.0,0.0,4.320750000000004,21.947000000000003,0.6013888888888889,Main_Floor_C,Deployment_A,none,A_P021
A030,849,66.23272202591284,66.604,2.7674466069226176,50.909,75.786,63.2152,63.3566,63.741,68.261,69.6422,70.968,0.9952885747938752,0.5547703180212014,0.07773851590106,0.0,0.0,0.0011778563015312,4.519999999999996,24.877,0.5895833333333333,Main_Floor_C,Deployment_A,none,A_P022
A030,1019,63.33981648675172,63.44,1.7055351293045156,52.0,98.0,61.7438,63.080200000000005,63.2805,63.6435,63.8348,64.0,0.9685966633954858,0.014720314033366,0.0039254170755642,0.0,0.0,0.0029440628066732,0.3629999999999995,46.0,0.7076388888888889,Main_Floor_C,Deployment_A,none,A_P023
A030,1070,63.40170186915888,63.542,2.277762892834553,47.25,98.0,60.5308,63.0,63.35925,63.833,64.0277,64.286,0.9579439252336448,0.0261682242990654,0.0037383177570093,0.0,0.0018691588785046,0.0065420560747663,0.4737499999999954,50.75,0.7430555555555556,Main_Floor_C,Deployment_A,none,A_P024
A030,795,66.47544654088051,67.0,2.841738868026537,52.923,80.0,63.3444,63.48,63.837,68.58099999999999,70.1426,71.0042,0.9937106918238994,0.6025157232704402,0.1270440251572327,0.0,0.0,0.0012578616352201,4.743999999999986,27.077,0.5520833333333334,Main_Floor_C,Deployment_A,none,A_P025
A030,753,66.14428685258964,65.138,2.754009205656404,61.0,78.5,63.4102,63.565,63.829,68.3,69.9498,71.1324,1.0,0.5285524568393094,0.099601593625498,0.0,0.0,0.0,4.4709999999999965,17.5,0.5229166666666667,Main_Floor_C,Deployment_A,none,A_P026
A030,715,66.51527272727273,67.025,2.9301429004593174,58.875,74.484,63.25,63.364,63.574,69.0,70.4398,71.3587,0.9986013986013986,0.5692307692307692,0.1426573426573426,0.0,0.0,0.0,5.426000000000002,15.608999999999996,0.4965277777777778,Main_Floor_C,Deployment_A,none,A_P027
A030,676,65.80333875739645,65.248,2.5750241593759307,56.0,77.312,63.23875,63.436,63.76125,67.67225,69.4845,70.67425,0.992603550295858,0.5340236686390533,0.0798816568047337,0.0,0.0,0.0,3.911000000000002,21.312,0.4694444444444444,Main_Floor_C,Deployment_A,none,A_P028
A030,624,65.59830769230769,64.85050000000001,2.3909360957586703,57.0,73.893,63.333,63.4647,63.7185,67.259,69.35329999999999,70.21629999999999,0.998397435897436,0.4791666666666667,0.0641025641025641,0.0,0.0,0.0,3.540500000000001,16.893,0.4333333333333333,Main_Floor_C,Deployment_A,none,A_P029
A030,928,63.54610237068966,63.475,1.5515306675597529,50.8,98.0,63.0,63.1985,63.333,63.667,63.9597,64.18130000000001,0.992456896551724,0.0258620689655172,0.0032327586206896,0.0,0.0,0.0021551724137931,0.3340000000000032,47.2,0.6444444444444445,Main_Floor_C,Deployment_A,none,A_P030
A030,461,63.33701952277658,63.4,1.127400055171473,49.0,67.0,63.0,63.118,63.26,63.571,63.929,64.088,0.980477223427332,0.0108459869848156,0.0,0.0,0.0021691973969631,0.0043383947939262,0.3109999999999999,18.0,0.3201388888888888,Main_Floor_C,Deployment_A,none,A_P031
A031,560,60.38871785714286,56.5295,5.6141404233472585,53.359,73.57,55.446,55.6318,55.935,64.35425000000001,69.13470000000001,70.2585,0.3964285714285714,0.2267857142857142,0.0571428571428571,0.0,0.0,0.0125,8.419250000000005,20.21099999999999,0.3888888888888889,Main_Floor_C,Deployment_A,none,A_P001
A031,1440,55.4775375,56.272,2.276423391014891,50.132,64.571,50.967,51.275,55.6135,56.70875,57.418,57.901050000000005,0.00625,0.0,0.0,0.0,0.0,0.2145833333333333,1.09525,14.439,1.0,Main_Floor_C,Deployment_A,none,A_P002
A031,1440,54.73735486111111,56.5,2.827735794691008,49.88,66.054,50.543,50.8121,51.47525,56.826,57.163,57.5228,0.0055555555555555,0.0006944444444444,0.0,0.0,0.0041666666666666,0.3881944444444444,5.350749999999998,16.174,1.0,Main_Floor_C,Deployment_A,none,A_P003
A031,1440,62.65399444444444,64.396,5.471932415131933,49.78,74.165,50.77295,51.5837,61.53275,66.12325,67.714,68.7585,0.7604166666666666,0.4034722222222222,0.0152777777777777,0.0,0.0034722222222222,0.1215277777777777,4.590499999999999,24.385000000000005,1.0,Main_Floor_C,Deployment_A,none,A_P004
A031,1440,61.880738888888885,64.4125,6.272600593167499,50.565,73.692,51.467,51.900000000000006,55.953500000000005,66.352,68.7591,69.91255000000001,0.6645833333333333,0.39375,0.04375,0.0,0.0,0.1986111111111111,10.3985,23.126999999999995,1.0,Main_Floor_C,Deployment_A,none,A_P005
A031,1440,60.26428194444445,61.751000000000005,6.41116034005222,49.99,75.165,51.263000000000005,51.62,52.598,65.648,67.8251,69.011,0.6104166666666667,0.2972222222222222,0.0291666666666666,0.0,0.0006944444444444,0.3354166666666666,13.049999999999995,25.175000000000004,1.0,Main_Floor_C,Deployment_A,none,A_P006
A031,1440,62.39899861111111,64.1805,5.557823592886301,50.478,74.022,51.5209,52.3186,57.565,66.5655,68.2339,69.20235,0.7013888888888888,0.3840277777777778,0.0277777777777777,0.0,0.0,0.1263888888888888,9.000500000000002,23.544000000000004,1.0,Main_Floor_C,Deployment_A,none,A_P007
A031,1440,53.730732638888895,53.317,1.8717691575242257,50.44,58.189,51.163,51.435,52.511,55.83825,56.5385,56.8816,0.0,0.0,0.0,0.0,0.0,0.7361111111111112,3.32725,7.749000000000002,1.0,Main_Floor_C,Deployment_A,low_attendance,A_P008
A031,1440,52.78857916666667,52.924,1.030446391517887,50.359,54.783,51.06595,51.3253,51.87975,53.685,54.0011,54.17645,0.0,0.0,0.0,0.0,0.0,1.0,1.805250000000001,4.424,1.0,Main_Floor_C,Deployment_A,low_attendance,A_P009
A031,1440,56.03906388888888,56.565,2.671321784794339,50.435,63.945,51.359,51.7462,53.685,56.946,60.5766,60.7614,0.1305555555555555,0.0,0.0,0.0,0.0,0.2777777777777778,3.260999999999996,13.509999999999998,1.0,Main_Floor_C,Deployment_A,none,A_P010
A031,1440,62.285396527777785,64.527,6.045330781596463,50.967,73.934,52.03295,52.435,56.084500000000006,66.52975,68.78,69.84464999999999,0.7,0.3729166666666667,0.04375,0.0,0.0,0.1993055555555555,10.44525,22.967,1.0,Main_Floor_C,Deployment_A,none,A_P011
A031,1440,60.771425694444446,62.164,5.622628683335458,50.231,75.022,51.728,52.2712,56.41025,65.2255,67.77010000000001,68.8509,0.6069444444444444,0.2604166666666667,0.0173611111111111,0.0,0.0,0.1958333333333333,8.815249999999999,24.791000000000004,1.0,Main_Floor_C,Deployment_A,none,A_P012
A031,1440,60.341166666666666,61.905,6.293609909049232,50.533,75.099,51.31445,51.8671,53.78825,65.45375,68.0938,69.57155,0.5854166666666667,0.2826388888888889,0.0402777777777777,0.0,0.0,0.3618055555555555,11.665500000000002,24.566000000000003,1.0,Main_Floor_C,Deployment_A,none,A_P013
A031,1440,61.21216736111111,62.945,6.388148835180746,50.924,76.0,51.924,52.3794,53.54175,66.43700000000001,68.582,69.8471,0.6618055555555555,0.3875,0.0444444444444444,0.0,0.0,0.325,12.895250000000011,25.076,1.0,Main_Floor_C,Deployment_A,none,A_P014
A031,1440,59.90549027777778,61.6445,6.553283437610845,50.233,75.516,51.16255,51.4344,52.26975,65.451,67.8691,69.23155,0.5597222222222222,0.2881944444444444,0.0347222222222222,0.0,0.0,0.35625,13.181249999999991,25.28300000000001,1.0,Main_Floor_C,Deployment_A,broad_remote_work,A_P015
A031,1440,55.70874375,56.153000000000006,2.029424632607188,49.753,61.174,51.57015,52.075,55.43275,56.703500000000005,57.4471,58.1641,0.0361111111111111,0.0,0.0,0.0,0.0020833333333333,0.1986111111111111,1.2707500000000067,11.421,1.0,Main_Floor_C,Deployment_A,broad_remote_work,A_P016
A031,1440,55.61903402777778,56.4615,1.8924494298573955,50.56,58.076,51.5487,52.042,55.413,56.8115,57.098,57.25,0.0,0.0,0.0,0.0,0.0,0.2083333333333333,1.3985000000000056,7.515999999999998,1.0,Main_Floor_C,Deployment_A,none,A_P017
A031,1440,53.53847569444444,53.407,1.5238182459413945,50.38,59.363,51.2968,51.6285,52.714,54.087,55.987800000000014,57.098,0.0,0.0,0.0,0.0,0.0,0.8916666666666667,1.3730000000000049,8.982999999999997,1.0,Main_Floor_C,Deployment_A,none,A_P018
A031,1440,55.11434513888889,56.4635,2.2547803569928333,50.736,58.89,51.6147,52.12,53.022,57.228,57.62,57.761,0.0,0.0,0.0,0.0,0.0,0.4875,4.206000000000003,8.154000000000003,1.0,Main_Floor_C,Deployment_A,none,A_P019
A031,1440,54.86606388888889,54.164,2.199462457881276,50.308,60.467,51.58115,52.1608,52.97525,56.815,57.413,57.717,0.0020833333333333,0.0,0.0,0.0,0.0,0.50625,3.839749999999995,10.159,1.0,Main_Floor_C,Deployment_A,none,A_P020
A031,1440,60.94786388888889,64.11,6.941652608341956,50.891,74.286,51.83445,52.185,52.87675,66.77175,68.659,69.72774999999999,0.6034722222222222,0.3951388888888889,0.0430555555555555,0.0,0.0,0.3930555555555555,13.894999999999996,23.395000000000003,1.0,Main_Floor_C,Deployment_A,none,A_P021
A031,1440,62.46984166666667,63.9065,4.919337326337644,51.0,77.396,51.9449,52.8579,60.43875,65.80475000000001,67.43010000000001,68.87074999999999,0.8486111111111111,0.3284722222222222,0.0270833333333333,0.0,0.0,0.1270833333333333,5.366000000000014,26.396,1.0,Main_Floor_C,Deployment_A,none,A_P022
A031,1440,56.03174583333334,56.9455,2.8588523262547203,51.225,68.783,52.0425,52.3476,53.207,57.8355,60.286,60.4575,0.1201388888888888,0.0048611111111111,0.0,0.0,0.0,0.4097222222222222,4.6285000000000025,17.558,1.0,Main_Floor_C,Deployment_A,none,A_P023
A031,1440,55.0496625,54.2035,2.5173393007203635,49.587,65.674,50.783,51.4995,53.1645,57.38,57.641,57.83755,0.0048611111111111,0.0006944444444444,0.0,0.0,0.00625,0.5152777777777777,4.215500000000006,16.087000000000003,1.0,Main_Floor_C,Deployment_A,none,A_P024
A031,1440,62.08424930555556,63.709,4.889549627710909,52.413,73.322,53.283,54.3845,57.215,65.77625,67.9372,69.10005,0.6520833333333333,0.3076388888888889,0.0263888888888888,0.0,0.0,0.1027777777777777,8.561250000000001,20.90900000000001,1.0,Main_Floor_C,Deployment_A,none,A_P025
A031,1440,61.005800694444446,62.242,5.6200808765470045,50.375,72.783,51.912,52.326,56.652,65.25075,67.7077,69.1254,0.6506944444444445,0.2722222222222222,0.0270833333333333,0.0,0.0,0.20625,8.598749999999995,22.408,1.0,Main_Floor_C,Deployment_A,none,A_P026
A031,1440,60.50882708333333,63.197,6.873575142710713,49.34,74.315,51.391,51.659,52.304,66.261,68.4135,69.92455000000001,0.6006944444444444,0.3444444444444444,0.0472222222222222,0.0,0.0006944444444444,0.3534722222222222,13.956999999999994,24.974999999999994,1.0,Main_Floor_C,Deployment_A,none,A_P027
A031,1440,60.891275,62.033,5.379893951481485,50.913,74.637,51.87855,52.62,56.576,65.09049999999999,67.5132,69.2507,0.5770833333333333,0.2583333333333333,0.0340277777777777,0.0,0.0,0.1298611111111111,8.514499999999991,23.724000000000004,1.0,Main_Floor_C,Deployment_A,none,A_P028
A031,1440,60.59486180555555,60.810500000000005,5.332799499715786,50.813,73.802,51.82545,52.5529,56.42775,65.2075,67.2536,68.38175,0.5590277777777778,0.2756944444444444,0.0118055555555555,0.0,0.0,0.1569444444444444,8.779749999999993,22.989000000000004,1.0,Main_Floor_C,Deployment_A,none,A_P029
A031,1440,55.10822083333333,56.705,2.6579831627085104,50.692,60.915,51.461200000000005,51.7242,52.34,57.446,57.8352,58.090900000000005,0.0125,0.0,0.0,0.0,0.0,0.45,5.1059999999999945,10.223,1.0,Main_Floor_C,Deployment_A,none,A_P030
A031,805,55.40646832298137,56.931,2.35051952298066,51.121,59.283,51.7296,51.9714,53.054,57.449,57.707,57.804,0.0,0.0,0.0,0.0,0.0,0.4372670807453416,4.394999999999996,8.161999999999999,0.5590277777777778,Main_Floor_C,Deployment_A,none,A_P031
A032,560,62.9125,58.277,6.458204889683938,56.293,78.011,57.033,57.141,57.359,68.91675000000001,72.3432,73.6574,0.4571428571428571,0.3964285714285714,0.1928571428571428,0.0,0.0,0.0,11.557750000000006,21.718,0.3888888888888889,Main_Floor_D,Deployment_A,none,A_P001
A032,1440,58.45651597222222,58.609,1.1514103469645731,56.141,63.391,56.783,57.0,57.424,59.374,59.728,60.043,0.0541666666666666,0.0,0.0,0.0,0.0,0.0,1.9500000000000028,7.25,1.0,Main_Floor_D,Deployment_A,none,A_P002
A032,1440,58.80493472222222,58.703,1.8023472564919043,55.957,71.484,56.641,56.8011,57.163,60.228,60.663,60.87045,0.3340277777777777,0.00625,0.0020833333333333,0.0,0.0,0.0,3.065000000000005,15.526999999999994,1.0,Main_Floor_D,Deployment_A,none,A_P003
A032,1440,66.09902916666667,69.46000000000001,7.548503234907239,56.478,81.989,56.967,57.2307,57.7925,72.74975,75.1337,76.48504999999999,0.5819444444444445,0.5673611111111111,0.43125,0.0,0.0,0.0,14.957250000000007,25.511000000000003,1.0,Main_Floor_D,Deployment_A,none,A_P004
A032,652,66.28113803680982,68.765,5.667561721249549,56.912,77.648,57.4703,57.7291,58.34525,70.2535,72.121,73.066,0.7085889570552147,0.7070552147239264,0.2822085889570552,0.0,0.0,0.0,11.908250000000002,20.736,0.4527777777777778,Main_Floor_D,Deployment_A,none,A_P005
A032,905,65.35799337016574,67.645,7.213497532125012,56.609,80.44,56.978,57.087,57.356,71.868,74.297,75.4356,0.5988950276243094,0.5226519337016574,0.3823204419889502,0.0,0.0,0.0,14.511999999999992,23.831,0.6284722222222222,Main_Floor_D,Deployment_A,none,A_P006
A032,1440,67.10508402777778,67.86250000000001,5.824041309282187,56.663,80.44,57.185,57.6509,61.99725,71.736,74.286,75.36465,0.8520833333333333,0.6666666666666666,0.375,0.0,0.0,0.0,9.738750000000003,23.777,1.0,Main_Floor_D,Deployment_A,none,A_P007
A032,1440,58.73032083333333,58.739,2.108787713453752,55.826,72.341,56.304,56.478,57.06575,60.4195,60.75,60.902,0.2604166666666667,0.0166666666666666,0.0069444444444444,0.0,0.0,0.0,3.353749999999998,16.514999999999993,1.0,Main_Floor_D,Deployment_A,low_attendance,A_P008
A032,1440,57.50626805555555,57.129000000000005,1.1138872690625683,55.63,61.239,56.109,56.2382,56.511,58.685,59.011,59.1301,0.0013888888888888,0.0,0.0,0.0,0.0,0.0,2.1739999999999995,5.608999999999995,1.0,Main_Floor_D,Deployment_A,low_attendance,A_P009
A032,1440,57.79115625,57.293,1.2093695799834592,56.228,67.319,56.554,56.659,56.9425,59.0,59.5441,59.8915,0.0402777777777777,0.0006944444444444,0.0,0.0,0.0,0.0,2.057499999999997,11.091,1.0,Main_Floor_D,Deployment_A,none,A_P010
A032,1440,67.66292638888889,68.508,5.396245508825529,56.714,81.511,57.19545,57.533,64.055,71.85425000000001,73.95710000000001,74.8163,0.8861111111111111,0.70625,0.3819444444444444,0.0,0.0,0.0,7.799250000000001,24.797,1.0,Main_Floor_D,Deployment_A,none,A_P011
A032,1440,65.04287013888889,66.69749999999999,5.949851705787181,55.467,79.505,56.945,57.098,58.58975,70.176,72.286,73.40715,0.7013888888888888,0.5791666666666667,0.2645833333333333,0.0,0.0,0.0,11.586250000000009,24.038,1.0,Main_Floor_D,Deployment_A,none,A_P012
A032,1440,66.54483263888889,67.674,5.581556096939683,55.337,79.881,55.7925,56.1527,64.1425,70.89125,72.8467,73.78015,0.8284722222222223,0.5888888888888889,0.3291666666666666,0.0,0.0,0.0,6.748750000000001,24.544,1.0,Main_Floor_D,Deployment_A,none,A_P013
A032,1440,67.59806944444445,65.8205,5.341226877606356,56.088,81.835,56.75,62.8898,63.913,72.36574999999999,74.6282,75.80475,0.9354166666666668,0.5465277777777777,0.3819444444444444,0.0,0.0,0.0,8.452749999999995,25.746999999999996,1.0,Main_Floor_D,Deployment_A,none,A_P014
A032,433,61.86175288683602,57.402,5.866888546261721,56.076,78.549,56.37,56.467,56.692,67.474,69.429,71.0434,0.4457274826789838,0.441108545034642,0.0785219399538106,0.0,0.0,0.0,10.782000000000004,22.47300000000001,0.3006944444444444,Main_Floor_D,Deployment_A,broad_remote_work,A_P015
A032,1020,57.2358931372549,57.217,0.4725414669945707,56.043,60.626,56.522,56.683,56.95775,57.489,57.7508,57.91205,0.0009803921568627,0.0,0.0,0.0,0.0,0.0,0.53125,4.582999999999998,0.7083333333333334,Main_Floor_D,Deployment_A,broad_remote_work,A_P016
A032,1440,57.28979861111111,57.359,0.7778256527472902,55.848,62.363,56.198,56.337,56.674,57.67,58.011100000000006,58.41435,0.0111111111111111,0.0,0.0,0.0,0.0,0.0,0.9960000000000022,6.515000000000001,1.0,Main_Floor_D,Deployment_A,none,A_P017
A032,1440,60.954795833333336,62.788,4.258699763886436,55.989,70.736,56.283,56.363,56.549,65.739,66.132,66.297,0.5229166666666667,0.3104166666666667,0.0006944444444444,0.0,0.0,0.0,9.190000000000005,14.747000000000009,1.0,Main_Floor_D,Deployment_A,none,A_P018
A032,1440,60.016385416666665,57.87,3.423523977318664,55.813,70.286,56.2089,56.4454,56.989,63.5775,64.34169999999999,64.79355000000001,0.4388888888888889,0.0381944444444444,0.0006944444444444,0.0,0.0,0.0,6.588500000000003,14.473,1.0,Main_Floor_D,Deployment_A,none,A_P019
A032,1440,57.35205486111112,57.239,0.7706798902047641,56.13,65.543,56.37,56.489,56.86725,57.783,58.261700000000005,58.41325,0.0069444444444444,0.0006944444444444,0.0,0.0,0.0,0.0,0.9157500000000028,9.413000000000004,1.0,Main_Floor_D,Deployment_A,none,A_P020
A032,1440,65.39855208333333,67.383,6.616572912286977,56.054,78.88,56.446,56.6949,57.402,71.36075,73.2291,74.21225,0.6625,0.5631944444444444,0.3465277777777777,0.0,0.0,0.0,13.958749999999997,22.825999999999997,1.0,Main_Floor_D,Deployment_A,none,A_P021
A032,1440,64.5970625,65.717,7.046341690787699,56.433,79.011,56.912,57.109,57.413,71.066,74.2723,75.65255,0.55625,0.5173611111111112,0.3076388888888889,0.0,0.0,0.0,13.653000000000006,22.578,1.0,Main_Floor_D,Deployment_A,none,A_P022
A032,1440,58.161757638888886,57.663,1.2507579912821212,56.424,64.707,56.7576,56.9018,57.194,59.57275,60.0403,60.19655,0.1180555555555555,0.0,0.0,0.0,0.0,0.0,2.3787499999999966,8.282999999999994,1.0,Main_Floor_D,Deployment_A,none,A_P023
A032,1440,57.708666666666666,57.6685,0.9411691374979988,56.141,67.484,56.467,56.6085,56.989,58.315,58.783,59.054,0.0104166666666666,0.0013888888888888,0.0,0.0,0.0,0.0,1.3260000000000003,11.342999999999996,1.0,Main_Floor_D,Deployment_A,none,A_P024
A032,1440,65.19399930555555,66.1585,6.625685484512534,56.154,78.261,56.696,56.826,57.19525,71.239,73.42210000000001,74.40474999999999,0.6493055555555556,0.5534722222222223,0.3368055555555556,0.0,0.0,0.0,14.043750000000005,22.106999999999992,1.0,Main_Floor_D,Deployment_A,none,A_P025
A032,1440,65.69415625,67.141,6.822121677554023,55.772,78.609,56.174,56.379000000000005,57.36825,71.55825,73.77310000000001,74.91315,0.65625,0.64375,0.3541666666666667,0.0,0.0,0.0,14.190000000000005,22.837,1.0,Main_Floor_D,Deployment_A,none,A_P026
A032,1440,65.09779097222223,67.519,6.743688946005327,55.72,80.848,56.185,56.38,58.1755,71.01375,73.2514,74.58840000000001,0.6305555555555555,0.5465277777777777,0.3208333333333333,0.0,0.0,0.0,12.838250000000002,25.128,1.0,Main_Floor_D,Deployment_A,none,A_P027
A032,1440,65.29562361111111,66.3315,6.601551414202204,56.13,78.609,56.576,56.8698,57.707,71.23975,73.5385,74.59,0.6694444444444444,0.5784722222222223,0.3451388888888889,0.0,0.0,0.0,13.53275,22.478999999999992,1.0,Main_Floor_D,Deployment_A,none,A_P028
A032,1440,65.64880972222221,66.087,6.464329336058006,55.934,79.804,56.977450000000005,57.3794,59.44325,71.59925,73.78240000000001,75.16355,0.7430555555555556,0.5743055555555555,0.3375,0.0,0.0,0.0,12.156,23.870000000000005,1.0,Main_Floor_D,Deployment_A,none,A_P029
A032,1440,59.59171736111112,58.758,2.364262439437216,56.593,66.286,57.13,57.3249,58.285250000000005,59.587,64.24520000000001,64.47855,0.2020833333333333,0.0097222222222222,0.0,0.0,0.0,0.0,1.3017499999999984,9.692999999999998,1.0,Main_Floor_D,Deployment_A,none,A_P030
A032,805,59.47141614906832,59.109,1.3011365446977072,58.109,69.63,58.283,58.38,58.576,60.37,60.758,61.0366,0.2894409937888199,0.0111801242236024,0.0,0.0,0.0,0.0,1.793999999999997,11.520999999999994,0.5590277777777778,Main_Floor_D,Deployment_A,none,A_P031
A033,560,62.37275714285714,57.38,6.6961923416606615,56.0,75.895,56.293,56.4009,56.62,69.615,71.79020000000001,72.9032,0.4303571428571429,0.3892857142857143,0.2321428571428571,0.0,0.0,0.0,12.994999999999996,19.895,0.3888888888888889,Main_Floor_D,Deployment_A,none,A_P001
A033,1440,57.25521180555556,57.239,0.8227174427156102,55.185,61.75,55.989,56.25,56.62,57.85325,58.326,58.56,0.0034722222222222,0.0,0.0,0.0,0.0,0.0,1.2332499999999982,6.564999999999998,1.0,Main_Floor_D,Deployment_A,none,A_P002
A033,1440,57.20092222222222,57.261,1.0972116701546717,55.402,63.685,55.717,55.859,56.20625,58.035250000000005,58.446,58.652,0.0104166666666666,0.0,0.0,0.0,0.0,0.0,1.829000000000008,8.283000000000001,1.0,Main_Floor_D,Deployment_A,none,A_P003
A033,1440,67.13572986111112,71.646,10.097391270782335,55.341,86.293,55.836450000000006,56.0339,56.435,74.50025000000001,77.90650000000001,85.59645,0.5708333333333333,0.5486111111111112,0.5319444444444444,0.0,0.0,0.0,18.06525000000001,30.952000000000005,1.0,Main_Floor_D,Deployment_A,none,A_P004
A033,1440,66.70966805555555,70.198,7.877580093807381,54.934,81.484,55.4947,55.791,56.67925,72.45224999999999,74.73710000000001,77.5941,0.6604166666666667,0.6548611111111111,0.5222222222222223,0.0,0.0,0.0020833333333333,15.772999999999996,26.55,1.0,Main_Floor_D,Deployment_A,none,A_P005
A033,1440,65.11172916666666,67.0395,7.32184783864869,54.978,77.615,55.457,55.9769,57.011,71.94225,73.78920000000001,74.57155,0.5965277777777778,0.5930555555555556,0.3722222222222222,0.0,0.0,0.0006944444444444,14.93125,22.636999999999997,1.0,Main_Floor_D,Deployment_A,none,A_P006
A033,1440,67.92439652777777,69.165,4.867072789712793,56.494,76.835,57.010450000000006,57.272,67.62025,70.825,72.3982,73.275,0.8472222222222222,0.8458333333333333,0.3527777777777778,0.0,0.0,0.0,3.204750000000004,20.340999999999998,1.0,Main_Floor_D,Deployment_A,none,A_P007
A033,1440,59.61586388888889,56.912,5.001906040962159,55.283,71.692,55.6958,55.913,56.4335,67.264,68.143,68.41855000000001,0.2569444444444444,0.2569444444444444,0.0027777777777777,0.0,0.0,0.0,10.830499999999994,16.408999999999992,1.0,Main_Floor_D,Deployment_A,low_attendance,A_P008
A033,1440,56.48375416666666,56.609,0.5881604264700732,55.231,58.923,55.571,55.6828,55.924,56.935,57.1704,57.33,0.0,0.0,0.0,0.0,0.0,0.0,1.0110000000000028,3.692,1.0,Main_Floor_D,Deployment_A,low_attendance,A_P009
A033,1440,56.69622291666667,56.721,0.8354147569636967,55.174,62.87,55.533,55.6516,55.967,57.283,57.685,57.93405,0.0041666666666666,0.0,0.0,0.0,0.0,0.0,1.3160000000000025,7.695999999999998,1.0,Main_Floor_D,Deployment_A,none,A_P010
A033,1440,68.6777513888889,69.9945,4.871712931120888,55.261,77.967,55.783,56.1828,68.352,71.2075,72.4741,73.07755,0.8861111111111111,0.8861111111111111,0.5,0.0,0.0,0.0,2.855499999999992,22.706,1.0,Main_Floor_D,Deployment_A,none,A_P011
A033,1440,66.10779305555555,68.78,6.527733463978243,55.033,77.165,56.011,56.304,57.815250000000006,71.2675,72.63810000000001,73.34145,0.6972222222222222,0.6673611111111111,0.3875,0.0,0.0,0.0,13.452249999999992,22.132000000000005,1.0,Main_Floor_D,Deployment_A,none,A_P012
A033,1440,67.59078333333333,68.12100000000001,9.077696255938514,54.934,84.11,55.341,55.629000000000005,59.1645,72.328,82.6056,83.15455,0.6527777777777778,0.5986111111111111,0.3909722222222222,0.0,0.0,0.0020833333333333,13.163500000000006,29.176,1.0,Main_Floor_D,Deployment_A,none,A_P013
A033,1440,65.51163680555555,66.818,6.35154294119763,56.033,80.769,56.66835,57.8671,58.70225000000001,71.121,73.132,74.40755,0.6340277777777777,0.5743055555555555,0.3305555555555555,0.0,0.0,0.0,12.418749999999989,24.736000000000004,1.0,Main_Floor_D,Deployment_A,none,A_P014
A033,1440,65.36937083333333,66.407,7.536646739619314,56.033,80.429,56.413,56.7242,58.011,73.32075,75.18939999999999,75.96755,0.5465277777777777,0.5145833333333333,0.36875,0.0,0.0,0.0,15.30975,24.396,1.0,Main_Floor_D,Deployment_A,broad_remote_work,A_P015
A033,1440,56.71790347222223,56.742,0.6851667766837543,55.0,60.022,55.4127,55.761,56.38,57.076,57.38,57.707,0.0006944444444444,0.0,0.0,0.0,0.0,0.0006944444444444,0.695999999999998,5.021999999999999,1.0,Main_Floor_D,Deployment_A,broad_remote_work,A_P016
A033,1440,56.84185416666667,56.946,0.806173155912632,55.011,61.38,55.43415,55.598,56.30125,57.402,57.7042,57.946,0.0020833333333333,0.0,0.0,0.0,0.0,0.0,1.100749999999998,6.369,1.0,Main_Floor_D,Deployment_A,none,A_P017
A033,1440,64.66431041666667,70.7085,8.389901289144415,54.913,75.495,55.261,55.402,55.804,72.78225,73.593,73.956,0.5222222222222223,0.5222222222222223,0.5159722222222223,0.0,0.0,0.0006944444444444,16.978250000000003,20.582000000000008,1.0,Main_Floor_D,Deployment_A,none,A_P018
A033,1440,64.50847916666667,57.446,9.681946214399412,54.902,77.066,55.34745,55.489,55.86625,75.714,76.1024,76.275,0.4243055555555555,0.4243055555555555,0.4229166666666666,0.0,0.0,0.0013888888888888,19.847750000000005,22.164,1.0,Main_Floor_D,Deployment_A,none,A_P019
A033,1440,56.67535486111111,56.718,0.9769817278238752,54.728,66.391,55.337,55.435,55.756,57.402,57.815,58.0,0.0041666666666666,0.0006944444444444,0.0,0.0,0.0,0.0006944444444444,1.6460000000000008,11.663000000000004,1.0,Main_Floor_D,Deployment_A,none,A_P020
A033,1440,71.93689652777778,74.86449999999999,11.560350833024662,55.043,85.011,55.45075,56.1189,57.522,83.435,83.9471,84.17410000000001,0.6604166666666667,0.6527777777777778,0.65,0.0,0.0,0.0,25.913000000000004,29.968,1.0,Main_Floor_D,Deployment_A,none,A_P021
A033,1440,64.5278263888889,63.8805,7.101901196217233,56.011,79.442,56.4677,57.0989,57.4335,70.83775,74.0688,76.02255000000001,0.5368055555555555,0.4847222222222222,0.2979166666666666,0.0,0.0,0.0,13.404249999999998,23.43099999999999,1.0,Main_Floor_D,Deployment_A,none,A_P022
A033,1440,57.44515972222222,57.5,0.7165362562890333,55.674,60.674,56.326,56.4344,56.866,57.989,58.315,58.54045,0.0006944444444444,0.0,0.0,0.0,0.0,0.0,1.1229999999999976,5.0,1.0,Main_Floor_D,Deployment_A,none,A_P023
A033,1440,57.61513819444444,57.587,1.0055693022421452,55.613,68.054,56.196,56.3908,56.792,58.38,58.8791,59.09805,0.0069444444444444,0.0006944444444444,0.0,0.0,0.0,0.0,1.588000000000001,12.441000000000004,1.0,Main_Floor_D,Deployment_A,none,A_P024
A033,1440,67.57548125,71.2225,8.083095122875736,55.756,79.304,56.543,56.663,56.978,74.4725,75.93610000000001,76.587,0.6479166666666667,0.6451388888888889,0.6034722222222222,0.0,0.0,0.0,17.494499999999995,23.548,1.0,Main_Floor_D,Deployment_A,none,A_P025
A033,1440,67.87898958333334,73.033,9.424750152460565,55.293,85.022,56.5107,56.63,57.09875,75.86725,78.99010000000001,80.56609999999999,0.6479166666666667,0.5319444444444444,0.5305555555555556,0.0,0.0,0.0,18.768500000000003,29.729000000000006,1.0,Main_Floor_D,Deployment_A,none,A_P026
A033,1440,66.18291736111111,68.59,7.464250009925856,55.46,78.826,56.554,56.728,57.3785,73.043,74.5715,75.2943,0.6173611111111111,0.6125,0.4395833333333333,0.0,0.0,0.0,15.664500000000004,23.365999999999996,1.0,Main_Floor_D,Deployment_A,none,A_P027
A033,1440,66.01716250000001,68.11349999999999,6.336407016524853,55.531,76.165,56.4269,56.6379,57.239,71.15775000000001,72.5984,73.264,0.7,0.6986111111111111,0.3680555555555556,0.0,0.0,0.0,13.91875000000001,20.634000000000007,1.0,Main_Floor_D,Deployment_A,none,A_P028
A033,1440,64.66915902777778,67.098,6.098256348874054,55.903,76.413,56.484,57.088,58.33225,70.0355,71.8811,72.68215000000001,0.5916666666666667,0.5680555555555555,0.2576388888888888,0.0,0.0,0.0,11.703249999999995,20.51,1.0,Main_Floor_D,Deployment_A,none,A_P029
A033,1440,58.26156527777778,57.9265,1.3222555869772183,56.098,63.348,56.51575,56.717,57.44,58.93425,60.4076,60.8811,0.1368055555555555,0.0,0.0,0.0,0.0,0.0,1.494250000000001,7.25,1.0,Main_Floor_D,Deployment_A,none,A_P030
A033,805,58.27951925465838,58.272,0.7645128427670164,56.957,63.848,57.2952,57.37,57.609,58.78,59.12,59.3442,0.017391304347826,0.0,0.0,0.0,0.0,0.0,1.1709999999999994,6.890999999999998,0.5590277777777778,Main_Floor_D,Deployment_A,none,A_P031
A034,560,66.4074142857143,64.9045,3.450986331716122,61.204,79.536,63.239,63.4992,63.9815,67.76375,71.9452,73.6796,1.0,0.4857142857142857,0.1392857142857143,0.0,0.0,0.0,3.7822500000000048,18.332,0.3888888888888889,Main_Floor_D,Deployment_A,none,A_P001
A034,1439,64.87036066712994,64.897,1.9422683027364789,60.705,69.69,61.667,62.0218,63.4755,66.3945,67.4224,68.043,1.0,0.4808895066018068,0.0,0.0,0.0,0.0,2.918999999999997,8.985,0.9993055555555556,Main_Floor_D,Deployment_A,none,A_P002
A034,1440,64.1685375,64.549,2.035497190284808,60.444,71.93,61.22885,61.481,62.185,65.88300000000001,66.4353,66.8181,1.0,0.4784722222222222,0.0020833333333333,0.0,0.0,0.0,3.698000000000008,11.486000000000004,1.0,Main_Floor_D,Deployment_A,none,A_P003
A034,1437,67.94418302018093,68.512,4.269715752092503,60.585,78.588,61.7854,62.5526,64.25,71.262,73.7846,75.0582,1.0,0.6207376478775226,0.3514265831593597,0.0,0.0,0.0,7.0120000000000005,18.002999999999993,0.9979166666666668,Main_Floor_D,Deployment_A,none,A_P004
A034,1440,68.11965138888888,68.231,3.765673859998056,60.667,77.82,62.06675,63.543800000000005,64.44649999999999,70.9695,73.10810000000001,74.29740000000001,1.0,0.6854166666666667,0.3395833333333333,0.0,0.0,0.0,6.52300000000001,17.15299999999999,1.0,Main_Floor_D,Deployment_A,none,A_P005
A034,1440,67.19515625,66.744,4.423562709049388,60.81,77.2,61.6879,62.0479,62.77475,71.185,73.234,74.24449999999999,1.0,0.59375,0.3395833333333333,0.0,0.0,0.0,8.410250000000005,16.39,1.0,Main_Floor_D,Deployment_A,none,A_P006
A034,1440,67.84309861111112,67.41499999999999,3.532517033318624,60.679,76.425,62.0821,63.046800000000005,65.14675,70.6785,72.60640000000001,73.62745,1.0,0.7694444444444445,0.3291666666666666,0.0,0.0,0.0,5.531750000000002,15.745999999999997,1.0,Main_Floor_D,Deployment_A,none,A_P007
A034,1438,64.39323157162727,64.45599999999999,1.4094721710255054,61.348,70.75,62.28185,62.538,63.2,65.405,65.9623,66.41715,1.0,0.3664812239221141,0.0020862308762169,0.0,0.0,0.0,2.2049999999999983,9.402,0.9986111111111112,Main_Floor_D,Deployment_A,low_attendance,A_P008
A034,1440,63.65046458333333,63.222,1.4790960732891132,61.036,67.3,61.71985,61.8919,62.34375,65.093,65.6369,65.9171,1.0,0.2888888888888888,0.0,0.0,0.0,0.0,2.7492500000000035,6.263999999999996,1.0,Main_Floor_D,Deployment_A,low_attendance,A_P009
A034,1440,64.13455694444444,64.08099999999999,1.0995841115789409,61.254,68.0,62.2446,62.7299,63.455,64.876,65.5122,65.97435,1.0,0.2180555555555555,0.0,0.0,0.0,0.0,1.4210000000000065,6.746000000000002,1.0,Main_Floor_D,Deployment_A,none,A_P010
A034,1440,68.93934583333333,68.49600000000001,3.844040887468169,62.575,78.875,64.0466,64.292,65.16050000000001,72.23575,74.3922,75.51010000000001,1.0,0.7736111111111111,0.3791666666666666,0.0,0.0,0.0,7.075249999999983,16.299999999999997,1.0,Main_Floor_D,Deployment_A,none,A_P011
A034,1440,67.61201458333333,66.783,3.434582995374425,61.15,76.667,63.73685,64.0475,64.62025,70.5575,72.5899,73.72715000000001,1.0,0.6805555555555556,0.2881944444444444,0.0,0.0,0.0,5.937250000000006,15.517000000000005,1.0,Main_Floor_D,Deployment_A,none,A_P012
A034,1440,67.43230277777778,67.336,3.631889411163189,61.018,78.864,61.82825,62.462900000000005,64.706,70.04825,72.3352,73.41795,1.0,0.7256944444444444,0.2590277777777778,0.0,0.0,0.0,5.342249999999993,17.846000000000004,1.0,Main_Floor_D,Deployment_A,none,A_P013
A034,1439,67.64533912439194,67.143,3.867492162399584,60.764,79.423,62.1608,62.9616,64.2325,71.018,72.67020000000001,73.76289999999999,1.0,0.6629603891591382,0.3405142460041696,0.0,0.0,0.0,6.785499999999999,18.659,0.9993055555555556,Main_Floor_D,Deployment_A,none,A_P014
A034,1439,68.07497637248089,67.442,3.903047574219175,61.019,82.565,61.895900000000005,62.31,65.785,71.09,73.3214,74.61919999999999,1.0,0.8102849200833913,0.3168867268936761,0.0,0.0,0.0,5.305000000000007,21.546,0.9993055555555556,Main_Floor_D,Deployment_A,broad_remote_work,A_P015
A034,1440,63.22533958333334,63.026,1.2819249085346085,60.98,70.702,61.7733,62.078,62.51125,63.615750000000006,64.21220000000001,65.1442,1.0,0.0555555555555555,0.0020833333333333,0.0,0.0,0.0,1.1045000000000016,9.722,1.0,Main_Floor_D,Deployment_A,broad_remote_work,A_P016
A034,1439,63.47304933981931,63.323,1.386541260563132,60.82,68.829,61.5397,61.7694,62.35,64.442,65.083,65.6302,1.0,0.1167477414871438,0.0,0.0,0.0,0.0,2.0919999999999987,8.008999999999993,0.9993055555555556,Main_Floor_D,Deployment_A,none,A_P017
A034,1440,64.69919305555555,65.92949999999999,2.542695772824871,60.55,72.465,61.1558,61.4509,62.091750000000005,66.842,67.556,68.06755,1.0,0.5263888888888889,0.0048611111111111,0.0,0.0,0.0,4.750249999999994,11.915000000000006,1.0,Main_Floor_D,Deployment_A,none,A_P018
A034,1439,65.80413968033356,64.537,2.902032935101641,60.556,73.275,61.7836,62.2822,63.4235,68.7065,69.41260000000001,69.81739999999999,1.0,0.4649061848505907,0.0375260597637248,0.0,0.0,0.0,5.283000000000001,12.719000000000008,0.9993055555555556,Main_Floor_D,Deployment_A,none,A_P019
A034,1440,63.42564375,63.5,1.209323631521626,60.831,68.0,61.58595,61.8322,62.38075,64.258,65.034,65.46205,1.0,0.1069444444444444,0.0,0.0,0.0,0.0,1.8772499999999963,7.168999999999997,1.0,Main_Floor_D,Deployment_A,none,A_P020
A034,1440,67.09535555555556,67.3485,4.245286658195685,60.189,75.96,61.5779,61.9164,62.94375,70.912,72.6797,73.59519999999999,1.0,0.5645833333333333,0.3444444444444444,0.0,0.0,0.0,7.968250000000005,15.770999999999994,1.0,Main_Floor_D,Deployment_A,none,A_P021
A034,1440,67.92146666666666,67.001,4.005725251401414,62.717,78.553,63.5257,63.833,64.43724999999999,70.85775,74.1964,75.36125,1.0,0.6166666666666667,0.3034722222222222,0.0,0.0,0.0,6.420500000000004,15.836,1.0,Main_Floor_D,Deployment_A,none,A_P022
A034,1440,63.86084305555556,63.977,1.3583737114833212,61.05,67.788,61.79975,62.0189,62.6,64.94475,65.5,65.87134999999999,1.0,0.2381944444444444,0.0,0.0,0.0,0.0,2.3447499999999977,6.738,1.0,Main_Floor_D,Deployment_A,none,A_P023
A034,1440,63.03718263888889,63.021,0.8551207104504396,61.0,69.389,61.67395,61.9402,62.46275,63.59525,64.083,64.37025,1.0,0.0145833333333333,0.0,0.0,0.0,0.0,1.1325000000000005,8.388999999999996,1.0,Main_Floor_D,Deployment_A,none,A_P024
A034,1440,67.94430416666667,67.915,3.8051848243477417,60.95,78.385,62.33185,63.0407,64.33825,70.97175,73.04780000000001,73.961,1.0,0.6833333333333333,0.3319444444444444,0.0,0.0,0.0,6.633499999999998,17.435000000000002,1.0,Main_Floor_D,Deployment_A,none,A_P025
A034,1439,67.84860389159138,68.093,4.305202978631405,60.36,79.0,61.4199,61.9464,63.9205,71.42750000000001,73.4936,74.51429999999999,1.0,0.6657400972897846,0.3690062543432939,0.0,0.0,0.0,7.507000000000005,18.64,0.9993055555555556,Main_Floor_D,Deployment_A,none,A_P026
A034,1440,67.44529375,67.489,3.7372577591789735,60.468,78.698,61.4405,61.8908,65.25975,70.17425,72.31620000000001,73.5,1.0,0.7729166666666667,0.2638888888888889,0.0,0.0,0.0,4.914500000000004,18.22999999999999,1.0,Main_Floor_D,Deployment_A,none,A_P027
A034,1440,67.53477291666667,67.009,4.016676432068274,60.328,78.457,61.6358,62.3248,64.19325,70.83274999999999,73.0372,74.1482,1.0,0.6368055555555555,0.3256944444444444,0.0,0.0,0.0,6.639499999999984,18.12899999999999,1.0,Main_Floor_D,Deployment_A,none,A_P028
A034,1440,68.04902777777778,67.5635,3.80235824221584,60.981,78.466,61.93075,62.7297,65.10974999999999,71.2695,73.24640000000001,74.31545,1.0,0.7548611111111111,0.33125,0.0,0.0,0.0,6.1597500000000025,17.484999999999992,1.0,Main_Floor_D,Deployment_A,none,A_P029
A034,1440,65.16385416666667,65.487,1.6138939041846856,60.22,68.75,61.9113,62.4164,64.58449999999999,66.30725,66.88629999999999,67.24015,1.0,0.6590277777777778,0.0,0.0,0.0,0.0,1.7227500000000049,8.530000000000001,1.0,Main_Floor_D,Deployment_A,none,A_P030
A034,805,66.72934658385094,67.0,1.1537888484661136,63.714,73.324,64.56439999999999,64.902,66.0,67.538,68.0,68.167,1.0,0.8881987577639752,0.0012422360248447,0.0,0.0,0.0,1.5379999999999967,9.61,0.5590277777777778,Main_Floor_D,Deployment_A,none,A_P031
A035,560,65.43578214285715,62.4015,4.60744017098402,60.198,79.516,61.714,61.78,61.923,68.11275,72.571,75.3545,1.0,0.4035714285714286,0.1589285714285714,0.0,0.0,0.0,6.189750000000004,19.318000000000005,0.3888888888888889,Main_Floor_D,Deployment_A,none,A_P001
A035,1440,63.01981111111112,62.637,2.0458819942883686,59.813,69.242,60.11,60.22,61.48675,64.956,65.35310000000001,66.32674999999999,0.99375,0.2215277777777777,0.0,0.0,0.0,0.0,3.4692500000000024,9.429000000000002,1.0,Main_Floor_D,Deployment_A,none,A_P002
A035,1440,62.792236805555554,62.077,2.301054350632587,59.824,73.582,60.088,60.2079,60.484,65.0,65.1211,65.29755,0.9965277777777778,0.2513888888888889,0.0006944444444444,0.0,0.0,0.0,4.515999999999998,13.757999999999996,1.0,Main_Floor_D,Deployment_A,none,A_P003
A035,1440,67.4734625,68.0655,5.635233492555426,60.209,80.582,60.407,60.5764,62.088,72.197,75.297,76.59325,1.0,0.56875,0.3902777777777778,0.0,0.0,0.0,10.109000000000002,20.37299999999999,1.0,Main_Floor_D,Deployment_A,none,A_P004
A035,1440,67.89477430555556,68.33,4.917843830237252,60.044,79.44,60.341,61.989,62.429,71.83925,74.253,75.484,1.0,0.6611111111111111,0.3541666666666667,0.0,0.0,0.0,9.410250000000003,19.396,1.0,Main_Floor_D,Deployment_A,none,A_P005
A035,1440,66.69369722222223,66.249,5.590810370262943,60.088,78.344,60.3296,60.451,60.89,71.747,74.2552,75.36355,1.0,0.5472222222222223,0.3743055555555555,0.0,0.0,0.0,10.857,18.255999999999997,1.0,Main_Floor_D,Deployment_A,none,A_P006
A035,1440,67.5568875,67.23349999999999,4.574128405624734,60.066,78.099,60.3258,60.7693,63.604,71.38275,73.8908,74.7699,1.0,0.6659722222222222,0.35,0.0,0.0,0.0,7.778750000000002,18.033,1.0,Main_Floor_D,Deployment_A,none,A_P007
A035,1440,62.85242222222222,62.89,1.6782653043397109,60.484,70.659,60.923,61.033,61.253,64.736,65.0,65.11410000000001,1.0,0.1027777777777777,0.0006944444444444,0.0,0.0,0.0,3.483000000000004,10.175000000000004,1.0,Main_Floor_D,Deployment_A,low_attendance,A_P008
A035,1440,62.30630208333333,61.085,1.7257000697632612,60.352,66.703,60.736,60.8127,60.945,64.396,64.67,64.791,1.0,0.0090277777777777,0.0,0.0,0.0,0.0,3.4510000000000005,6.351000000000006,1.0,Main_Floor_D,Deployment_A,low_attendance,A_P009
A035,1440,62.570785416666666,62.088,1.5786909507325126,60.789,67.433,60.956,61.0,61.253,64.736,65.0,65.22055,1.0,0.1041666666666666,0.0,0.0,0.0,0.0,3.483000000000004,6.6440000000000055,1.0,Main_Floor_D,Deployment_A,none,A_P010
A035,1440,68.77452291666667,68.11,4.97782913095801,61.901,80.033,62.187,62.352,63.692,73.16775000000001,75.66010000000001,76.81355,1.0,0.6763888888888889,0.4006944444444444,0.0,0.0,0.0,9.475750000000012,18.132,1.0,Main_Floor_D,Deployment_A,none,A_P011
A035,1440,67.25595277777778,66.4585,4.580552228466895,60.2,78.178,62.275,62.571,63.022,71.39325000000001,74.02420000000001,75.05555000000001,1.0,0.5541666666666667,0.3201388888888888,0.0,0.0,0.0,8.37125000000001,17.977999999999994,1.0,Main_Floor_D,Deployment_A,none,A_P012
A035,1440,67.03529027777778,67.154,4.611964637591096,60.209,81.055,60.681,60.8559,62.846,70.6155,73.3854,74.71509999999999,1.0,0.6111111111111112,0.2916666666666667,0.0,0.0,0.0,7.769500000000001,20.846000000000004,1.0,Main_Floor_D,Deployment_A,none,A_P013
A035,1440,67.40912986111111,66.481,4.923403355496541,60.692,80.495,61.011,61.934,62.582,71.93674999999999,73.8131,75.24255000000001,1.0,0.575,0.3708333333333333,0.0,0.0,0.0,9.354749999999989,19.803000000000004,1.0,Main_Floor_D,Deployment_A,none,A_P014
A035,1440,68.12426666666667,67.16499999999999,4.803239269918385,60.538,80.725,60.989,61.088,65.20675,72.05525,74.89,76.26455,1.0,0.7798611111111111,0.3520833333333333,0.0,0.0,0.0,6.848500000000001,20.187,1.0,Main_Floor_D,Deployment_A,broad_remote_work,A_P015
A035,1440,62.06003888888889,61.835,1.348727281010592,60.473,70.352,60.967,61.033,61.363,62.066,62.9901,63.41409999999999,1.0,0.0444444444444444,0.0006944444444444,0.0,0.0,0.0,0.703000000000003,9.879000000000003,1.0,Main_Floor_D,Deployment_A,broad_remote_work,A_P016
A035,1440,61.95790763888889,62.0,1.1478921222543204,60.297,67.451,60.571,60.6736,60.912,62.72225,62.9661,63.264,1.0,0.0270833333333333,0.0,0.0,0.0,0.0,1.8102500000000037,7.153999999999996,1.0,Main_Floor_D,Deployment_A,none,A_P017
A035,1440,63.65794722222223,65.736,3.087215101460968,59.714,72.275,59.923,59.967,60.44825,66.319,66.89110000000001,67.61555,0.8555555555555555,0.5229166666666667,0.0041666666666666,0.0,0.0,0.0,5.870750000000001,12.561000000000009,1.0,Main_Floor_D,Deployment_A,none,A_P018
A035,1440,64.16839930555555,62.011,3.592443876117925,59.802,75.582,59.989,60.066,61.198,67.934,68.5497,68.835,0.9486111111111112,0.4375,0.0236111111111111,0.0,0.0,0.0,6.735999999999997,15.779999999999994,1.0,Main_Floor_D,Deployment_A,none,A_P019
A035,1440,61.15563819444445,60.6965,0.9924586265602324,60.0,66.352,60.185,60.25,60.407,61.844,62.78,62.956,1.0,0.0034722222222222,0.0,0.0,0.0,0.0,1.4370000000000047,6.352000000000004,1.0,Main_Floor_D,Deployment_A,none,A_P020
A035,1440,66.6406701388889,67.2405,5.421489556957857,60.033,78.099,60.217,60.293,61.17175,71.71475,73.7632,75.01155,1.0,0.5222222222222223,0.3618055555555555,0.0,0.0,0.0,10.542999999999992,18.066000000000003,1.0,Main_Floor_D,Deployment_A,none,A_P021
A035,1440,67.06707361111111,66.85900000000001,5.192543530451557,61.609,79.78,61.87855,61.935,62.044,71.478,74.97030000000001,76.18555,1.0,0.5298611111111111,0.3180555555555555,0.0,0.0,0.0,9.433999999999996,18.171,1.0,Main_Floor_D,Deployment_A,none,A_P022
A035,1440,61.88133611111111,62.0635,0.9790056304977826,60.315,65.717,60.626,60.7133,60.868,62.696,63.0121,63.1301,1.0,0.0006944444444444,0.0,0.0,0.0,0.0,1.827999999999996,5.402000000000001,1.0,Main_Floor_D,Deployment_A,none,A_P023
A035,1440,60.94767291666667,61.011,0.5321088082700824,60.098,68.857,60.261,60.3467,60.63825,61.174,61.326,61.435,1.0,0.0020833333333333,0.0,0.0,0.0,0.0,0.5357500000000002,8.759,1.0,Main_Floor_D,Deployment_A,none,A_P024
A035,1440,67.41600347222222,67.3965,5.194559576439325,60.109,80.543,60.457,60.7909,61.761,71.747,74.304,75.33035,1.0,0.6451388888888889,0.3722222222222222,0.0,0.0,0.0,9.985999999999995,20.434000000000005,1.0,Main_Floor_D,Deployment_A,none,A_P025
A035,1440,67.61289027777778,67.94399999999999,5.654908673663987,59.543,80.87,59.967,60.022,61.75,72.57875,74.8271,76.065,0.9263888888888888,0.6458333333333334,0.4097222222222222,0.0,0.0,0.0,10.82875,21.327000000000005,1.0,Main_Floor_D,Deployment_A,none,A_P026
A035,1440,67.23374236111111,67.0985,4.883416124615467,59.934,80.308,60.033,60.098,64.174,71.068,73.8282,75.13055,0.9777777777777776,0.6388888888888888,0.3208333333333333,0.0,0.0,0.0,6.893999999999991,20.37400000000001,1.0,Main_Floor_D,Deployment_A,none,A_P027
A035,1440,67.17519236111112,66.799,5.036325113775329,60.109,79.859,60.348,60.484,62.543,71.49175,74.033,75.31815,1.0,0.5840277777777778,0.3493055555555555,0.0,0.0,0.0,8.948749999999997,19.749999999999996,1.0,Main_Floor_D,Deployment_A,none,A_P028
A035,1440,67.8681611111111,67.1075,4.786115088654873,60.261,78.835,60.62,60.956,63.4685,72.011,74.4682,75.5163,1.0,0.7368055555555556,0.3465277777777777,0.0,0.0,0.0,8.542499999999997,18.57399999999999,1.0,Main_Floor_D,Deployment_A,none,A_P029
A035,1440,64.01177916666667,63.962,1.8994851359346336,60.326,68.99,60.7906,61.0099,63.201,65.38024999999999,66.8251,67.0,1.0,0.3104166666666667,0.0,0.0,0.0,0.0,2.179249999999989,8.663999999999994,1.0,Main_Floor_D,Deployment_A,none,A_P030
A035,805,64.98764720496894,65.228,1.0973896468767936,62.891,69.989,63.109,63.1796,64.283,65.923,66.1156,66.3334,1.0,0.5614906832298137,0.0,0.0,0.0,0.0,1.6400000000000006,7.098000000000006,0.5590277777777778,Main_Floor_D,Deployment_A,none,A_P031
A036,560,61.69297857142857,56.6315,7.350410535276685,54.659,80.055,55.50395,55.6662,55.978,68.06325000000001,73.5281,75.7648,0.3839285714285714,0.3767857142857143,0.1607142857142857,0.0,0.0,0.0125,12.08525000000001,25.396000000000008,0.3888888888888889,Main_Floor_D,Deployment_A,none,A_P001
A036,1440,55.93518055555556,55.956,1.3122376369179558,52.824,61.484,53.396,53.835,55.363,56.901,57.56,57.80245,0.0006944444444444,0.0,0.0,0.0,0.0,0.1986111111111111,1.5380000000000038,8.660000000000004,1.0,Main_Floor_D,Deployment_A,none,A_P002
A036,1440,55.49579166666667,56.088,1.5474029415271269,52.297,66.505,52.769,52.9879,54.099,56.516,56.9791,57.30855,0.0027777777777777,0.0006944444444444,0.0,0.0,0.0,0.3430555555555555,2.4170000000000016,14.207999999999998,1.0,Main_Floor_D,Deployment_A,none,A_P003
A036,1440,64.4610375,70.344,8.961919784031203,53.066,79.187,53.473,53.582,54.22,72.25575,74.1881,75.044,0.5701388888888889,0.5590277777777778,0.5104166666666666,0.0,0.0,0.3354166666666666,18.035750000000007,26.120999999999995,1.0,Main_Floor_D,Deployment_A,none,A_P004
A036,1440,63.681732638888896,69.571,8.08605004817314,52.264,76.659,52.955450000000006,53.495,54.429,70.85974999999999,72.10010000000001,73.02255000000001,0.5597222222222222,0.5368055555555555,0.3854166666666667,0.0,0.0,0.2833333333333333,16.43074999999999,24.395000000000003,1.0,Main_Floor_D,Deployment_A,none,A_P005
A036,1440,64.42048055555556,64.0055,8.616512126704336,52.319,79.132,52.648,53.7547,56.31725,74.29975,75.9791,76.363,0.5569444444444445,0.4326388888888889,0.3645833333333333,0.0,0.0,0.1118055555555555,17.9825,26.813,1.0,Main_Floor_D,Deployment_A,none,A_P006
A036,1440,64.68256805555555,65.7025,8.535426611692774,53.813,77.065,54.462,54.8658,56.077,74.275,75.1675,75.54905000000001,0.53125,0.5166666666666667,0.3736111111111111,0.0,0.0,0.1118055555555555,18.198000000000008,23.251999999999995,1.0,Main_Floor_D,Deployment_A,none,A_P007
A036,1440,55.487257638888885,55.385,1.308520127944897,52.89,58.813,53.198,53.6799,54.538,56.549,57.319,57.549,0.0,0.0,0.0,0.0,0.0,0.3333333333333333,2.011000000000003,5.923000000000002,1.0,Main_Floor_D,Deployment_A,low_attendance,A_P008
A036,1440,55.53493611111112,56.4115,1.6393547379988913,52.604,59.231,52.9659,53.099,54.022,56.846,57.198,57.39655,0.0,0.0,0.0,0.0,0.0,0.3979166666666666,2.823999999999998,6.627000000000002,1.0,Main_Floor_D,Deployment_A,low_attendance,A_P009
A036,1440,55.900925,56.396,1.8131948678615355,52.571,60.451,52.912,53.022,54.203500000000005,57.38775,57.7371,57.989,0.0013888888888888,0.0,0.0,0.0,0.0,0.2902777777777778,3.184249999999992,7.880000000000003,1.0,Main_Floor_D,Deployment_A,none,A_P010
A036,1440,65.46655625,69.01650000000001,7.379525075889861,52.789,78.176,53.077,54.116600000000005,56.484,71.165,72.16720000000001,75.0693,0.6791666666666667,0.6604166666666667,0.4326388888888889,0.0,0.0,0.10625,14.681000000000004,25.387,1.0,Main_Floor_D,Deployment_A,none,A_P011
A036,1440,64.63153055555556,67.5875,8.663149463680023,52.659,78.633,54.35145,54.6909,56.022,73.39875,75.527,76.08855,0.5277777777777778,0.51875,0.38125,0.0,0.0,0.1472222222222222,17.37675000000001,25.974,1.0,Main_Floor_D,Deployment_A,none,A_P012
A036,1440,65.52512569444444,68.4675,8.636777719504446,52.495,78.817,53.022,53.7118,56.473,73.357,75.8901,76.44,0.5819444444444445,0.5784722222222223,0.4506944444444444,0.0,0.0,0.1125,16.884,26.322,1.0,Main_Floor_D,Deployment_A,none,A_P013
A036,1440,65.34447152777778,68.36699999999999,8.322152269747125,52.516,78.467,53.3558,55.5699,56.1515,72.5445,74.978,75.473,0.5902777777777778,0.5881944444444445,0.4402777777777777,0.0,0.0,0.0722222222222222,16.393,25.951,1.0,Main_Floor_D,Deployment_A,none,A_P014
A036,1440,63.39996597222223,67.197,7.45397333575552,52.516,78.451,52.835,53.187,54.319,69.0825,71.35310000000001,72.725,0.6229166666666667,0.6166666666666667,0.1826388888888888,0.0,0.0,0.2930555555555555,14.763499999999992,25.934999999999995,1.0,Main_Floor_D,Deployment_A,broad_remote_work,A_P015
A036,1440,56.49794583333333,56.822,1.309776372961486,52.576,61.297,53.685,53.899,56.363,57.27275,57.6042,57.87905,0.0034722222222222,0.0,0.0,0.0,0.0,0.1486111111111111,0.9097500000000024,8.720999999999997,1.0,Main_Floor_D,Deployment_A,broad_remote_work,A_P016
A036,1440,56.34503402777778,56.901,1.426330021287694,52.644,62.545,53.318450000000006,53.6359,55.846,57.165,57.5275,57.7917,0.0020833333333333,0.0,0.0,0.0,0.0,0.18125,1.3190000000000026,9.901000000000003,1.0,Main_Floor_D,Deployment_A,none,A_P017
A036,1440,55.83729791666667,56.242,1.5260046876066389,52.901,65.637,53.275,53.451,54.2585,56.978,57.352,57.582,0.0027777777777777,0.0006944444444444,0.0,0.0,0.0,0.2715277777777777,2.719500000000004,12.735999999999995,1.0,Main_Floor_D,Deployment_A,none,A_P018
A036,1440,60.81427152777778,63.989,4.928732108840739,52.978,69.352,53.209,53.3327,54.33,64.37100000000001,64.648,64.802,0.6652777777777777,0.0256944444444444,0.0,0.0,0.0,0.2736111111111111,10.041000000000013,16.374000000000002,1.0,Main_Floor_D,Deployment_A,none,A_P019
A036,1440,55.62277986111111,55.604,1.6398409656987647,52.901,67.066,53.2606,53.4124,54.0,57.143,57.527,57.813,0.0048611111111111,0.0006944444444444,0.0,0.0,0.0,0.3569444444444444,3.1430000000000007,14.165,1.0,Main_Floor_D,Deployment_A,none,A_P020
A036,1440,63.91961041666666,65.7065,7.590626722884877,53.272,79.022,53.685,55.4218,56.054,70.907,73.272,74.4802,0.5576388888888889,0.525,0.3368055555555556,0.0,0.0,0.0909722222222222,14.852999999999994,25.750000000000007,1.0,Main_Floor_D,Deployment_A,none,A_P021
A036,1440,63.37549583333334,65.20349999999999,7.101181474483558,53.034,77.935,53.467,55.4564,56.39475,70.44274999999999,72.043,72.96755,0.5430555555555555,0.5020833333333333,0.2993055555555555,0.0,0.0,0.0888888888888888,14.047999999999988,24.901000000000003,1.0,Main_Floor_D,Deployment_A,none,A_P022
A036,1440,55.97372361111111,56.5345,1.4964925427496698,52.957,61.272,53.391,53.543,54.87925,57.092,57.5454,57.80445,0.0006944444444444,0.0,0.0,0.0,0.0,0.2652777777777778,2.21275,8.314999999999998,1.0,Main_Floor_D,Deployment_A,none,A_P023
A036,1440,56.449576388888886,56.63,1.472138244236599,52.885,66.087,53.42375,53.7462,55.826,57.533,57.9031,58.18555,0.0041666666666666,0.0006944444444444,0.0,0.0,0.0,0.1458333333333333,1.7070000000000007,13.202000000000004,1.0,Main_Floor_D,Deployment_A,none,A_P024
A036,1440,64.56377222222221,66.304,8.129483867091553,54.326,77.126,54.736,54.9449,55.808,73.334,74.40220000000001,74.88295000000001,0.5604166666666667,0.5395833333333333,0.3944444444444444,0.0,0.0,0.1138888888888888,17.526000000000003,22.800000000000004,1.0,Main_Floor_D,Deployment_A,none,A_P025
A036,1440,64.46043472222222,69.53,8.253103732126931,54.076,77.989,54.478,54.5915,55.109,71.53925,74.51660000000001,75.033,0.5375,0.53125,0.4395833333333333,0.0,0.0,0.2277777777777777,16.430249999999994,23.913000000000004,1.0,Main_Floor_D,Deployment_A,none,A_P026
A036,1440,63.8355625,64.7555,7.440624359967352,54.066,76.185,54.3738,54.7577,56.076,71.35375,72.435,73.02305,0.5402777777777777,0.4930555555555556,0.3965277777777777,0.0,0.0,0.1034722222222222,15.277750000000005,22.119,1.0,Main_Floor_D,Deployment_A,none,A_P027
A036,1440,63.94150277777778,65.25,6.823662341631412,54.711,79.326,55.94595,56.141,56.9255,70.5995,72.32549999999999,73.41355,0.5506944444444445,0.5055555555555555,0.3152777777777777,0.0,0.0,0.0083333333333333,13.674000000000008,24.614999999999995,1.0,Main_Floor_D,Deployment_A,none,A_P028
A036,1440,62.97553680555556,64.6985,5.497407722667925,53.141,77.761,54.8566,56.967,57.48625,67.29400000000001,69.92510000000001,71.332,0.5777777777777777,0.4673611111111111,0.0979166666666666,0.0,0.0,0.0708333333333333,9.807750000000013,24.62,1.0,Main_Floor_D,Deployment_A,none,A_P029
A036,1440,57.963850694444446,57.846,2.019364459930091,54.187,65.066,54.576,54.8011,57.207,59.098,60.5166,61.3822,0.1736111111111111,0.0006944444444444,0.0,0.0,0.0,0.1305555555555555,1.8909999999999985,10.879000000000003,1.0,Main_Floor_D,Deployment_A,none,A_P030
A036,805,58.42062236024845,58.576,0.7685221418956941,56.946,64.707,57.2436,57.3218,57.62,58.918,59.25,59.4048,0.0074534161490683,0.0,0.0,0.0,0.0,0.0,1.2980000000000018,7.760999999999996,0.5590277777777778,Main_Floor_D,Deployment_A,none,A_P031
A037,560,61.98503035714285,56.6355,7.231869114919043,54.772,77.066,55.13,55.2492,55.5805,69.56575000000001,71.8471,72.8053,0.4357142857142857,0.4071428571428571,0.2285714285714285,0.0,0.0,0.0071428571428571,13.985250000000008,22.294000000000004,0.3888888888888889,Main_Floor_D,Deployment_A,none,A_P001
A037,1440,57.03914305555555,56.0,2.314905335123681,54.315,64.22,54.924,55.011,55.217,59.08975,60.75,61.40255,0.2229166666666666,0.0,0.0,0.0,0.0,0.0993055555555555,3.872750000000004,9.905,1.0,Main_Floor_D,Deployment_A,none,A_P002
A037,1440,55.35283611111111,55.109,1.3957751409676633,52.859,66.868,53.989,54.1758,54.79975,55.478,56.1771,58.20115,0.0284722222222222,0.0013888888888888,0.0,0.0,0.0,0.3590277777777778,0.6782499999999985,14.008999999999991,1.0,Main_Floor_D,Deployment_A,none,A_P003
A037,1440,66.77980763888888,70.641,8.660764092316784,53.879,89.0,54.45645,54.7827,56.07675,73.747,76.2503,77.4532,0.65,0.6194444444444445,0.5513888888888889,0.0,0.0,0.1458333333333333,17.670250000000003,35.121,1.0,Main_Floor_D,Deployment_A,none,A_P004
A037,1440,64.58215347222223,69.055,7.877902007140545,53.396,77.418,55.043,55.3469,55.967,71.66175000000001,73.319,74.11439999999999,0.5597222222222222,0.5486111111111112,0.4409722222222222,0.0,0.0,0.0416666666666666,15.694750000000012,24.02200000000001,1.0,Main_Floor_D,Deployment_A,none,A_P005
A037,1440,64.86683402777777,65.946,8.084964402223482,54.304,91.088,55.38,55.511,55.903,72.802,75.1342,76.3811,0.6,0.5326388888888889,0.3590277777777778,0.0,0.0,0.0055555555555555,16.899000000000008,36.78399999999999,1.0,Main_Floor_D,Deployment_A,none,A_P006
A037,1440,65.23670277777778,66.67,6.562279379754355,54.087,78.976,55.9009,56.0989,58.57525,71.08725,73.06960000000001,74.34195,0.6486111111111111,0.5673611111111111,0.3368055555555556,0.0,0.0,0.0076388888888888,12.512,24.889,1.0,Main_Floor_D,Deployment_A,none,A_P007
A037,1440,56.085484027777774,56.087,0.7165877464448049,54.407,60.728,55.13,55.228,55.66825,56.341,56.6704,57.1205,0.0041666666666666,0.0,0.0,0.0,0.0,0.0159722222222222,0.6727500000000006,6.321000000000005,1.0,Main_Floor_D,Deployment_A,low_attendance,A_P008
A037,1440,56.18326875,56.174,0.622042908026301,54.804,59.587,55.13,55.228,55.9255,56.538,57.022,57.088,0.0,0.0,0.0,0.0,0.0,0.0104166666666666,0.6124999999999972,4.783000000000001,1.0,Main_Floor_D,Deployment_A,low_attendance,A_P009
A037,1440,57.35381597222222,56.372,2.074691889217756,54.846,70.407,55.141,55.3076,56.044,58.06525,60.5078,61.0126,0.1527777777777778,0.0069444444444444,0.0006944444444444,0.0,0.0,0.0145833333333333,2.021250000000002,15.561,1.0,Main_Floor_D,Deployment_A,none,A_P010
A037,1440,65.61301666666667,68.15950000000001,7.154657477884696,53.286,78.945,54.304,55.0577,56.242,71.22,72.912,73.9912,0.6909722222222222,0.6861111111111111,0.3743055555555555,0.0,0.0,0.0875,14.978000000000002,25.658999999999992,1.0,Main_Floor_D,Deployment_A,none,A_P011
A037,1440,64.62893819444444,66.747,7.985273918240978,53.946,87.835,54.934450000000005,55.044,55.38825,72.10175000000001,74.5562,75.604,0.6111111111111112,0.5375,0.3284722222222222,0.0,0.0,0.0770833333333333,16.71350000000001,33.889,1.0,Main_Floor_D,Deployment_A,none,A_P012
A037,1440,64.54490833333334,68.308,7.79421347100647,53.846,79.663,54.45085,54.7928,55.44375,71.42925,73.2008,74.1919,0.6034722222222222,0.5826388888888889,0.3715277777777778,0.0,0.0,0.1319444444444444,15.985499999999996,25.817,1.0,Main_Floor_D,Deployment_A,none,A_P013
A037,1440,65.73588888888888,67.44149999999999,7.683517383442867,53.899,90.505,54.935,55.1778,56.043,72.055,74.022,75.3652,0.6652777777777777,0.6506944444444445,0.4138888888888888,0.0,0.0,0.0638888888888888,16.012000000000008,36.606,1.0,Main_Floor_D,Deployment_A,none,A_P014
A037,1440,64.40514513888888,66.58449999999999,8.476466337349423,53.598,78.681,54.228,54.4234,55.50825,72.48675,74.5721,75.64855,0.5506944444444445,0.5368055555555555,0.40625,0.0,0.0,0.1604166666666666,16.978499999999997,25.083,1.0,Main_Floor_D,Deployment_A,broad_remote_work,A_P015
A037,1440,54.82272222222223,54.787,0.8361620531182841,53.231,61.764,53.772,53.967,54.27425,55.187,55.522,55.96755,0.0041666666666666,0.0,0.0,0.0,0.0,0.6055555555555555,0.9127500000000026,8.533000000000001,1.0,Main_Floor_D,Deployment_A,broad_remote_work,A_P016
A037,1440,55.69783124999999,54.956500000000005,2.2959044915512004,52.761,63.857,53.275,53.5618,53.978,57.04675,59.4162,59.5981,0.0229166666666666,0.0,0.0,0.0,0.0,0.51875,3.0687500000000014,11.095999999999997,1.0,Main_Floor_D,Deployment_A,none,A_P017
A037,1440,56.00764791666667,54.907,2.5831524510705437,52.978,64.978,53.641,53.793,54.06575,58.423,60.1324,60.5278,0.1305555555555555,0.0,0.0,0.0,0.0,0.5236111111111111,4.3572500000000005,11.999999999999991,1.0,Main_Floor_D,Deployment_A,none,A_P018
A037,1440,57.05333611111112,55.5775,2.7485036698964818,53.402,66.341,54.022,54.1951,54.703,60.207,60.593500000000006,60.78015,0.375,0.0013888888888888,0.0,0.0,0.0,0.3423611111111111,5.503999999999998,12.938999999999991,1.0,Main_Floor_D,Deployment_A,none,A_P019
A037,1440,56.53304444444445,55.032,2.630295576965969,53.489,66.615,54.109,54.185,54.424,59.761,60.12,60.543,0.1666666666666666,0.0013888888888888,0.0,0.0,0.0,0.4881944444444444,5.337000000000003,13.125999999999998,1.0,Main_Floor_D,Deployment_A,none,A_P020
A037,1440,63.17814375,66.576,7.350500468618099,53.286,76.388,53.95695,54.1648,54.98625,69.92925,72.18610000000001,73.19655,0.5486111111111112,0.5145833333333333,0.2451388888888888,0.0,0.0,0.2541666666666666,14.942999999999998,23.102000000000004,1.0,Main_Floor_D,Deployment_A,none,A_P021
A037,1440,64.30717291666666,60.6135,8.156598416128453,53.793,79.253,54.924,55.1181,56.141,72.2445,75.099,76.56,0.5541666666666667,0.4805555555555555,0.3673611111111111,0.0,0.0,0.0729166666666666,16.103500000000004,25.46,1.0,Main_Floor_D,Deployment_A,none,A_P022
A037,1440,57.46746597222222,56.3555,2.261360674220461,54.663,63.402,55.07695,55.185,55.891,59.989,61.0,61.2932,0.2493055555555555,0.0,0.0,0.0,0.0,0.0277777777777777,4.097999999999999,8.739000000000004,1.0,Main_Floor_D,Deployment_A,none,A_P023
A037,1440,57.252025,56.0,2.478655130749841,54.055,71.011,54.7928,55.076,55.446,60.109,60.793,61.2738,0.3048611111111111,0.0027777777777777,0.0006944444444444,0.0,0.0,0.0784722222222222,4.663000000000004,16.955999999999996,1.0,Main_Floor_D,Deployment_A,none,A_P024
A037,1440,64.7524076388889,66.37,7.766901948939796,53.815,78.712,54.510450000000006,55.0,55.71225,72.32849999999999,74.3782,75.4632,0.6472222222222223,0.5340277777777778,0.3631944444444444,0.0,0.0,0.1027777777777777,16.616249999999994,24.89700000000001,1.0,Main_Floor_D,Deployment_A,none,A_P025
A037,1440,64.18335347222222,65.28800000000001,7.672610186482768,53.652,80.165,54.40675,55.533,56.065,71.39925000000001,74.1542,75.1631,0.5888888888888889,0.5048611111111111,0.31875,0.0,0.0,0.0694444444444444,15.334250000000011,26.513000000000005,1.0,Main_Floor_D,Deployment_A,none,A_P026
A037,1440,65.52889166666667,67.326,8.17557865780299,54.5,88.407,55.663,55.8451,56.12,73.08975000000001,75.268,76.44085,0.6201388888888889,0.5340277777777778,0.4173611111111111,0.0,0.0,0.0041666666666666,16.969750000000012,33.907,1.0,Main_Floor_D,Deployment_A,none,A_P027
A037,1440,64.93155208333333,67.402,8.262945925917114,54.293,79.817,55.088,55.231,55.953500000000005,72.64375000000001,75.15220000000001,76.31325,0.58125,0.5666666666666667,0.3715277777777778,0.0,0.0,0.0284722222222222,16.690250000000006,25.523999999999997,1.0,Main_Floor_D,Deployment_A,none,A_P028
A037,1440,66.26114513888889,66.81049999999999,7.305352792648954,52.926,80.272,53.859,54.347,60.641,72.39225,74.7372,75.63109999999999,0.7576388888888889,0.7263888888888889,0.3673611111111111,0.0,0.0,0.11875,11.751250000000006,27.346000000000004,1.0,Main_Floor_D,Deployment_A,none,A_P029
A037,1440,56.47232222222223,55.989,1.8044485058728288,53.804,70.793,54.7165,54.978,55.5265,56.4145,59.011,59.7534,0.04375,0.0055555555555555,0.0006944444444444,0.0,0.0,0.1131944444444444,0.8880000000000052,16.989000000000004,1.0,Main_Floor_D,Deployment_A,none,A_P030
A037,805,57.85781614906833,56.352,2.858375206630178,54.946,71.913,55.763200000000005,55.95,56.042,58.837,60.337,62.4716,0.1130434782608695,0.0385093167701863,0.0062111801242236,0.0,0.0,0.0012422360248447,2.7950000000000017,16.967,0.5590277777777778,Main_Floor_D,Deployment_A,none,A_P031
A038,560,56.43280178571428,52.9835,5.567245771744043,51.538,72.439,51.989,52.109,52.39475,58.01925,66.363,67.76239999999999,0.2178571428571428,0.1410714285714285,0.0178571428571428,0.0,0.0,0.5928571428571429,5.624499999999998,20.901,0.3888888888888889,Main_Floor_D,Deployment_A,none,A_P001
A038,1440,52.98962777777778,52.4835,1.514504145407017,50.275,58.011,50.957,51.2489,51.826,54.154,54.9912,56.04205,0.0,0.0,0.0,0.0,0.0,0.9,2.328000000000003,7.736000000000004,1.0,Main_Floor_D,Deployment_A,none,A_P002
A038,1440,53.173057638888885,53.4895,1.9232839489190192,50.326,59.121,50.63,50.761,51.22,54.74375,55.793,56.044,0.0,0.0,0.0,0.0,0.0,0.7743055555555556,3.52375,8.795000000000002,1.0,Main_Floor_D,Deployment_A,none,A_P003
A038,1440,60.58951805555556,65.23750000000001,8.15806262767459,50.044,76.385,50.64385,50.7884,51.25675,67.626,69.5402,70.69364999999999,0.5673611111111111,0.5145833333333333,0.0798611111111111,0.0,0.0,0.425,16.36925,26.341000000000008,1.0,Main_Floor_D,Deployment_A,none,A_P004
A038,1440,59.68125138888888,62.328,6.9272219323827615,49.576,72.67,50.163,50.4234,51.08775,65.47575,67.66010000000001,69.1111,0.5805555555555556,0.2840277777777777,0.0340277777777777,0.0,0.0222222222222222,0.3402777777777778,14.388000000000003,23.094,1.0,Main_Floor_D,Deployment_A,none,A_P005
A038,1440,60.00310208333334,61.516,7.237744863287292,49.739,74.374,50.16255,50.902,52.351,66.626,68.8702,69.97855,0.5319444444444444,0.3625,0.0479166666666666,0.0,0.0243055555555555,0.3944444444444444,14.275000000000006,24.635,1.0,Main_Floor_D,Deployment_A,none,A_P006
A038,1440,59.40118402777778,59.819500000000005,6.110081866191197,50.859,72.44,51.543,51.739,52.641,65.38775000000001,67.033,67.82455,0.49375,0.2784722222222222,0.00625,0.0,0.0,0.3590277777777778,12.746750000000011,21.581,1.0,Main_Floor_D,Deployment_A,none,A_P007
A038,1440,52.411925,51.848,1.5133358689755605,50.065,58.163,50.61975,50.978,51.38,53.065,54.7363,55.4403,0.0,0.0,0.0,0.0,0.0,0.9277777777777778,1.6849999999999952,8.097999999999999,1.0,Main_Floor_D,Deployment_A,low_attendance,A_P008
A038,1440,52.01330486111111,52.363,0.9024191613182604,50.033,54.457,50.576,50.7469,51.11,52.707,53.022,53.22855,0.0,0.0,0.0,0.0,0.0,1.0,1.5970000000000013,4.424,1.0,Main_Floor_D,Deployment_A,low_attendance,A_P009
A038,1440,52.39601944444444,52.641,1.076534972919622,50.304,55.989,50.6848,50.8579,51.413,53.217,53.538,53.8681,0.0,0.0,0.0,0.0,0.0,0.9909722222222224,1.804000000000002,5.684999999999995,1.0,Main_Floor_D,Deployment_A,none,A_P010
A038,1440,60.106025,60.739,5.794952333451688,50.228,71.846,50.8479,51.4234,54.61825,65.286,67.2332,68.23374999999999,0.5229166666666667,0.2743055555555556,0.00625,0.0,0.0,0.2715277777777777,10.667750000000003,21.618,1.0,Main_Floor_D,Deployment_A,none,A_P011
A038,1440,60.03841944444444,62.8415,6.443528532491435,50.326,73.549,51.187,51.6619,52.63825,65.615,67.39710000000001,68.38555000000001,0.5548611111111111,0.3125,0.0152777777777777,0.0,0.0,0.3583333333333333,12.976749999999996,23.22300000000001,1.0,Main_Floor_D,Deployment_A,none,A_P012
A038,1440,61.023910416666666,62.9995,5.931298095141456,50.25,72.673,50.702650000000006,51.3253,55.31025,65.84875,67.6956,68.65235,0.5986111111111111,0.3444444444444444,0.01875,0.0,0.0,0.2104166666666666,10.5385,22.423,1.0,Main_Floor_D,Deployment_A,none,A_P013
A038,1440,60.43054166666666,62.2475,6.467565315598737,50.076,72.33,51.2823,52.0319,54.23475,66.316,68.2635,69.38024999999999,0.55,0.3347222222222222,0.0256944444444444,0.0,0.0,0.3083333333333333,12.081250000000004,22.254,1.0,Main_Floor_D,Deployment_A,none,A_P014
A038,1440,59.70187152777778,60.279,6.77526984419021,50.261,73.956,50.9129,51.3139,52.21725,65.96975,68.242,69.2092,0.5048611111111111,0.3145833333333333,0.0256944444444444,0.0,0.0,0.34375,13.752500000000005,23.695,1.0,Main_Floor_D,Deployment_A,broad_remote_work,A_P015
A038,1440,53.505395138888886,53.63,0.8856346237039531,50.946,57.337,51.702650000000006,52.0639,53.11275,54.065,54.44,54.66335,0.0,0.0,0.0,0.0,0.0,0.98125,0.9522499999999994,6.391000000000005,1.0,Main_Floor_D,Deployment_A,broad_remote_work,A_P016
A038,1440,53.54042777777778,53.725,0.95343244309718,50.924,59.148,51.83455,52.0639,53.0,54.066,54.4254,54.752,0.0,0.0,0.0,0.0,0.0,0.9659722222222222,1.0660000000000025,8.224000000000004,1.0,Main_Floor_D,Deployment_A,none,A_P017
A038,1440,53.56101458333334,53.725,1.2053413078074744,51.055,66.22,51.72785,51.956,52.5205,54.467,54.87,55.098,0.0013888888888888,0.0006944444444444,0.0,0.0,0.0,0.9319444444444444,1.9465000000000003,15.165,1.0,Main_Floor_D,Deployment_A,none,A_P018
A038,1440,53.97895555555555,54.235,1.4785202520151617,50.956,64.209,51.81255,52.033,52.56375,55.011,55.511500000000005,55.826,0.0034722222222222,0.0,0.0,0.0,0.0,0.7493055555555556,2.447250000000004,13.253,1.0,Main_Floor_D,Deployment_A,none,A_P019
A038,1440,53.11302638888889,52.951,1.1261509319231324,51.054,63.879,51.663,51.8478,52.22,53.989,54.413,54.64135,0.0020833333333333,0.0,0.0,0.0,0.0,0.9743055555555556,1.7689999999999984,12.824999999999996,1.0,Main_Floor_D,Deployment_A,none,A_P020
A038,1440,61.40076805555555,62.0,7.613730719799201,50.946,76.63,51.804,51.956900000000005,52.674,68.51375,70.0742,71.02420000000001,0.5541666666666667,0.4722222222222222,0.1041666666666666,0.0,0.0,0.3472222222222222,15.839750000000002,25.684,1.0,Main_Floor_D,Deployment_A,none,A_P021
A038,1440,60.96095972222223,64.2115,7.389382983306826,50.228,72.696,50.598,51.7489,52.4175,67.554,68.89210000000001,69.674,0.5868055555555556,0.4756944444444444,0.0388888888888888,0.0,0.0,0.3736111111111111,15.136500000000003,22.468,1.0,Main_Floor_D,Deployment_A,none,A_P022
A038,1440,52.35164791666667,52.571,1.1411576856168737,50.055,57.196,50.511,50.7242,51.3785,53.2595,53.6963,53.97855,0.0,0.0,0.0,0.0,0.0,0.9944444444444444,1.881,7.140999999999998,1.0,Main_Floor_D,Deployment_A,none,A_P023
A038,1440,52.70942222222222,52.776,1.188956571319694,50.272,65.5,50.6298,50.891,52.132,53.478,53.913,54.14155,0.0020833333333333,0.0006944444444444,0.0,0.0,0.0,0.9881944444444444,1.3460000000000036,15.228000000000002,1.0,Main_Floor_D,Deployment_A,none,A_P024
A038,1440,60.62329652777778,63.19,7.11731456345181,50.278,73.179,51.022,51.2709,52.12075,66.923,68.891,69.978,0.5708333333333333,0.4104166666666666,0.0493055555555555,0.0,0.0,0.3263888888888889,14.80225,22.901000000000003,1.0,Main_Floor_D,Deployment_A,none,A_P025
A038,1440,59.7038875,62.443,6.918790104987238,50.63,72.293,50.9447,51.12,51.826,65.95925,67.8271,68.75055,0.5368055555555555,0.3583333333333333,0.0138888888888888,0.0,0.0,0.4041666666666667,14.133249999999997,21.663000000000004,1.0,Main_Floor_D,Deployment_A,none,A_P026
A038,1440,59.70488472222223,60.38,7.003583177370838,50.511,76.143,51.121,51.4553,51.967,66.15525,68.7473,70.03405,0.5118055555555555,0.3138888888888889,0.0520833333333333,0.0,0.0,0.3798611111111111,14.188249999999996,25.632,1.0,Main_Floor_D,Deployment_A,none,A_P027
A038,1440,60.10547083333333,62.0835,6.498101789691922,50.145,73.586,51.67345,51.913,52.50375,65.763,67.91430000000001,69.0144,0.5486111111111112,0.3326388888888889,0.0215277777777777,0.0,0.0,0.375,13.259250000000002,23.440999999999995,1.0,Main_Floor_D,Deployment_A,none,A_P028
A038,1440,60.21486319444445,60.929,6.773575520572886,50.478,72.902,51.152,52.1949,52.967,66.24175,68.92500000000001,69.83755000000001,0.5708333333333333,0.3423611111111111,0.04375,0.0,0.0,0.3951388888888889,13.274749999999996,22.424,1.0,Main_Floor_D,Deployment_A,none,A_P029
A038,1440,54.96613611111111,53.4235,3.863624136199725,50.626,68.087,51.12,51.402,52.587,56.70025,61.6751,62.5069,0.18125,0.0131944444444444,0.0,0.0,0.0,0.7291666666666666,4.113249999999994,17.461000000000006,1.0,Main_Floor_D,Deployment_A,none,A_P030
A038,805,53.87731304347826,53.924,1.0494123474670192,52.141,60.946,52.414,52.473,52.791,54.598,55.2298,55.4236,0.0012422360248447,0.0,0.0,0.0,0.0,0.8484472049689441,1.8070000000000024,8.805,0.5590277777777778,Main_Floor_D,Deployment_A,none,A_P031
A039,560,63.44298214285714,60.066,5.3784802865570605,58.212,77.988,58.593,58.7349,59.099,68.0735,71.8746,73.4985,0.5071428571428571,0.3357142857142857,0.1642857142857142,0.0,0.0,0.0,8.974499999999999,19.776,0.3888888888888889,Main_Floor_D,Deployment_A,none,A_P001
A039,1440,61.41012847222223,59.3675,3.752931244018459,55.747,70.473,56.96645,57.484,58.473,65.011,65.64869999999999,68.637,0.4486111111111111,0.2673611111111111,0.0013888888888888,0.0,0.0,0.0,6.537999999999997,14.726,1.0,Main_Floor_D,Deployment_A,none,A_P002
A039,1440,62.33657847222222,64.363,4.786572302744856,55.56,70.495,56.3008,56.516,57.54625,66.813,68.912,69.06655,0.5333333333333333,0.3256944444444444,0.0013888888888888,0.0,0.0,0.0,9.266750000000002,14.935000000000002,1.0,Main_Floor_D,Deployment_A,none,A_P003
A039,1440,66.39382291666666,69.777,7.700809970929649,55.844,84.495,56.44,56.7569,57.931,73.1875,75.46740000000001,76.38555000000001,0.6104166666666667,0.5659722222222222,0.4916666666666666,0.0,0.0,0.0,15.256500000000004,28.651000000000003,1.0,Main_Floor_D,Deployment_A,none,A_P004
A039,1440,66.44149444444444,69.901,6.767428365413083,55.066,78.659,56.209,56.56,58.26625,71.82675,73.363,74.48504999999999,0.6743055555555556,0.6541666666666667,0.4708333333333333,0.0,0.0,0.0,13.560500000000005,23.593000000000004,1.0,Main_Floor_D,Deployment_A,none,A_P005
A039,1440,65.60005555555556,66.1155,6.20544817885507,55.022,79.198,55.956,57.3058,59.522,71.055,73.275,74.176,0.6993055555555555,0.55625,0.3451388888888889,0.0,0.0,0.0,11.533000000000008,24.175999999999995,1.0,Main_Floor_D,Deployment_A,none,A_P006
A039,1440,66.75511319444445,68.0275,5.252881340599845,57.231,78.11,58.9435,59.264,60.57,71.011,72.9042,74.16510000000001,0.7930555555555555,0.6638888888888889,0.3472222222222222,0.0,0.0,0.0,10.440999999999995,20.879,1.0,Main_Floor_D,Deployment_A,none,A_P007
A039,1440,60.38472430555555,59.0825,3.466417698312263,55.868,71.484,56.736,57.2189,58.05225,60.956,65.9021,67.48615,0.3298611111111111,0.2180555555555555,0.0034722222222222,0.0,0.0,0.0,2.9037500000000023,15.615999999999993,1.0,Main_Floor_D,Deployment_A,low_attendance,A_P008
A039,1440,58.824256250000005,59.264,1.4791305821238845,55.615,61.747,56.44,56.681,57.319,60.0,60.496,60.824,0.2534722222222222,0.0,0.0,0.0,0.0,0.0,2.6809999999999974,6.131999999999998,1.0,Main_Floor_D,Deployment_A,low_attendance,A_P009
A039,1440,59.07788888888889,59.516,1.5421502790353077,55.824,64.549,56.373450000000005,56.626,57.846,60.297,60.78,61.044,0.3451388888888889,0.0,0.0,0.0,0.0,0.0,2.4510000000000005,8.725000000000009,1.0,Main_Floor_D,Deployment_A,none,A_P010
A039,1440,67.35128055555555,67.5545,5.280906589167566,55.593,79.692,56.758,57.956,64.04400000000001,71.53425,73.52250000000001,74.60455,0.8826388888888889,0.7229166666666667,0.3597222222222222,0.0,0.0,0.0,7.490249999999989,24.09899999999999,1.0,Main_Floor_D,Deployment_A,none,A_P011
A039,1440,66.15468680555556,67.0385,5.512929685159766,55.451,77.791,57.56,58.67,60.066,70.90375,72.62710000000001,73.714,0.7618055555555555,0.6194444444444445,0.3326388888888889,0.0,0.0,0.0,10.83775,22.34,1.0,Main_Floor_D,Deployment_A,none,A_P012
A039,1440,66.73177152777778,68.011,5.817872387746759,55.308,77.924,56.033,57.9593,61.262,71.26975,73.7599,74.73865,0.8791666666666667,0.6416666666666667,0.3756944444444444,0.0,0.0,0.0,10.00775,22.616000000000007,1.0,Main_Floor_D,Deployment_A,none,A_P013
A039,1440,66.84222361111111,67.1925,6.312773230602601,55.824,80.857,57.358250000000005,59.209,60.56525,72.703,74.396,75.4658,0.8208333333333333,0.5826388888888889,0.4347222222222222,0.0,0.0,0.0,12.137750000000004,25.033,1.0,Main_Floor_D,Deployment_A,none,A_P014
A039,1440,65.5428361111111,67.066,6.366478799127305,55.747,79.879,56.505,56.8779,58.29425,71.044,72.9919,73.8577,0.6722222222222223,0.5972222222222222,0.3326388888888889,0.0,0.0,0.0,12.74975,24.132000000000005,1.0,Main_Floor_D,Deployment_A,broad_remote_work,A_P015
A039,1440,59.320646527777775,59.604,1.2258459605631389,55.484,62.033,56.451,57.2088,59.0,60.0905,60.495,60.78,0.3034722222222222,0.0,0.0,0.0,0.0,0.0,1.0904999999999987,6.549,1.0,Main_Floor_D,Deployment_A,broad_remote_work,A_P016
A039,1440,59.45155208333333,59.802,1.3775852689042305,55.264,65.904,56.52645,57.065000000000005,58.945,60.297,60.769,61.00055,0.3833333333333333,0.0006944444444444,0.0,0.0,0.0,0.0,1.3519999999999968,10.639999999999992,1.0,Main_Floor_D,Deployment_A,none,A_P017
A039,1440,60.04905347222223,60.967,2.419321018883862,55.495,72.385,56.066,56.3949,57.89825,62.11,62.659,62.934,0.5527777777777778,0.0020833333333333,0.0006944444444444,0.0,0.0,0.0,4.211749999999995,16.890000000000008,1.0,Main_Floor_D,Deployment_A,none,A_P018
A039,1440,59.81955,59.582,2.419078272309686,55.56,68.066,56.253,56.505,57.7575,62.0,62.736,63.352,0.4611111111111111,0.00625,0.0,0.0,0.0,0.0,4.2425,12.506,1.0,Main_Floor_D,Deployment_A,none,A_P019
A039,1440,58.937513888888894,59.238,1.6650203595100972,55.511,69.857,56.34765,56.571,57.51325,60.231,60.868,61.121,0.3347222222222222,0.0027777777777777,0.0,0.0,0.0,0.0,2.7177500000000023,14.345999999999997,1.0,Main_Floor_D,Deployment_A,none,A_P020
A039,1440,67.61614999999999,70.2005,6.865399750304384,55.587,80.717,56.6057,58.418,59.5585,73.1945,75.20429999999999,76.04350000000001,0.7131944444444445,0.6569444444444444,0.5145833333333333,0.0,0.0,0.0,13.636000000000005,25.129999999999995,1.0,Main_Floor_D,Deployment_A,none,A_P021
A039,231,59.57742424242424,59.132,1.5399081486219697,57.989,64.634,58.235,58.315,58.478,59.8695,61.913,63.734,0.2424242424242424,0.0,0.0,0.0,0.0,0.0,1.3915000000000006,6.645000000000003,0.1604166666666666,Main_Floor_D,Deployment_A,none,A_P022
A039,1222,59.20039279869067,59.565,1.3325441553077717,55.473,63.098,56.337,57.0884,58.42675,60.174,60.543,60.815,0.3363338788870704,0.0,0.0,0.0,0.0,0.0,1.747250000000001,7.625,0.8486111111111111,Main_Floor_D,Deployment_A,none,A_P023
A039,1440,59.42928680555555,59.579,1.6427556262684893,55.091,69.176,56.14275,57.022,58.4445,60.70875,61.239,61.554,0.3909722222222222,0.0020833333333333,0.0,0.0,0.0,0.0,2.264250000000004,14.085,1.0,Main_Floor_D,Deployment_A,none,A_P024
A039,1440,67.23303819444445,69.40899999999999,6.975075061075934,56.815,79.736,57.424,57.663,58.72525,73.26599999999999,75.02310000000001,75.97909999999999,0.6868055555555556,0.64375,0.4701388888888889,0.0,0.0,0.0,14.540749999999989,22.921000000000006,1.0,Main_Floor_D,Deployment_A,none,A_P025
A039,1440,65.52534652777777,68.01599999999999,6.436212118018833,56.293,76.728,56.641,56.902,58.2145,71.239,73.0121,73.848,0.6777777777777778,0.5506944444444445,0.3833333333333333,0.0,0.0,0.0,13.024500000000003,20.434999999999995,1.0,Main_Floor_D,Deployment_A,none,A_P026
A039,1440,67.23418125,69.4045,6.640865407075732,56.446,80.319,57.15155,57.9615,60.1755,72.728,75.022,76.516,0.7819444444444444,0.6131944444444445,0.4395833333333333,0.0,0.0,0.0,12.552499999999997,23.873000000000005,1.0,Main_Floor_D,Deployment_A,none,A_P027
A039,852,69.66709507042253,71.827,5.728510138605586,59.011,79.22,59.533,59.807300000000005,67.13825,73.88,75.36930000000001,76.326,0.8626760563380281,0.7711267605633803,0.6091549295774648,0.0,0.0,0.0,6.741749999999996,20.209,0.5916666666666667,Main_Floor_D,Deployment_A,none,A_P028
A039,634,64.12088958990536,61.0445,5.9808593120899545,56.196,77.5,56.96315,57.8716,59.813500000000005,70.6165,72.98570000000001,73.58439999999999,0.7192429022082019,0.3485804416403785,0.2870662460567823,0.0,0.0,0.0,10.802999999999995,21.304,0.4402777777777777,Main_Floor_D,Deployment_A,none,A_P029
A039,1440,61.89883819444445,60.801,3.665971976789638,56.478,73.89,57.648,58.185,59.865750000000006,63.106,69.2741,70.315,0.7194444444444444,0.1513888888888888,0.0652777777777777,0.0,0.0,0.0,3.240249999999989,17.412,1.0,Main_Floor_D,Deployment_A,none,A_P030
A039,805,61.17568198757764,61.292,1.0133801687442083,59.315,65.522,59.6268,59.772,60.37,61.859,62.402,62.8194,0.8186335403726708,0.0024844720496894,0.0,0.0,0.0,0.0,1.4890000000000043,6.207000000000008,0.5590277777777778,Main_Floor_D,Deployment_A,none,A_P031
A040,560,65.74314285714286,61.9065,5.770051288215999,60.066,81.176,60.264,60.341,60.538,71.3245,73.6381,75.32065,1.0,0.45,0.3428571428571428,0.0,0.0,0.0,10.786500000000004,21.11,0.3888888888888889,Main_Floor_D,Deployment_A,none,A_P001
A040,1440,62.02053958333334,61.11,2.0791150673635674,59.462,71.484,59.901,60.055,60.549,63.813,65.1551,66.01915000000001,0.9166666666666666,0.1138888888888888,0.0020833333333333,0.0,0.0,0.0,3.264000000000003,12.021999999999991,1.0,Main_Floor_D,Deployment_A,none,A_P002
A040,1440,60.820304166666666,60.352,1.7367632481451556,59.385,73.143,59.747,59.868,60.055,60.771,61.6381,64.61004999999999,0.8215277777777777,0.0465277777777777,0.0048611111111111,0.0,0.0,0.0,0.7160000000000011,13.758000000000004,1.0,Main_Floor_D,Deployment_A,none,A_P003
A040,1440,68.4446763888889,66.801,7.151654733959927,59.429,94.396,59.846,60.011,60.879000000000005,75.14824999999999,78.2533,79.4955,0.9076388888888888,0.6,0.4118055555555555,0.0,0.0,0.0,14.269249999999984,34.967,1.0,Main_Floor_D,Deployment_A,none,A_P004
A040,1440,67.73657361111111,68.527,6.465053184497823,59.516,81.978,59.82155,59.934,60.714,73.28875,76.2992,77.70575,0.8784722222222222,0.5618055555555556,0.4361111111111111,0.0,0.0,0.0,12.574749999999996,22.462,1.0,Main_Floor_D,Deployment_A,none,A_P005
A040,1440,68.57751597222223,66.769,7.55949760518716,59.736,96.088,60.022,60.143,60.802,75.80250000000001,78.6062,80.3861,0.9576388888888888,0.5819444444444445,0.4263888888888889,0.0,0.0,0.0,15.00050000000001,36.352,1.0,Main_Floor_D,Deployment_A,none,A_P006
A040,1440,68.49311944444445,67.14850000000001,5.746559668587728,60.022,82.459,60.176,60.9978,64.0765,73.681,76.6491,78.05815,1.0,0.6395833333333333,0.39375,0.0,0.0,0.0,9.604500000000002,22.437000000000005,1.0,Main_Floor_D,Deployment_A,none,A_P007
A040,1440,61.63458055555556,61.835,1.025177442447322,59.956,68.319,60.1559,60.269400000000005,60.923,61.989,62.352,62.9541,0.9993055555555556,0.0159722222222222,0.0,0.0,0.0,0.0,1.0659999999999954,8.363,1.0,Main_Floor_D,Deployment_A,low_attendance,A_P008
A040,480,61.53885625,61.901,0.7264360639971533,59.923,63.275,60.121,60.187,61.0415,62.01375,62.101,62.17655,0.9916666666666668,0.0,0.0,0.0,0.0,0.0,0.9722500000000024,3.3519999999999968,0.3333333333333333,Main_Floor_D,Deployment_A,low_attendance,A_P009
A040,972,62.73782407407408,62.121,2.1305979286071093,60.0,75.824,60.30165,60.6711,61.93125,63.15675,64.8647,67.00385,1.0,0.0946502057613168,0.0205761316872428,0.0,0.0,0.0,1.2255000000000038,15.823999999999998,0.675,Main_Floor_D,Deployment_A,none,A_P010
A040,1440,69.26209305555555,69.033,6.018277626733962,60.099,84.813,61.846,61.967,62.813,74.736,77.11,78.3564,1.0,0.6763888888888889,0.4631944444444444,0.0,0.0,0.0,11.923000000000002,24.71400000000001,1.0,Main_Floor_D,Deployment_A,none,A_P011
A040,1440,69.12733888888889,67.398,6.9159079199787135,61.143,97.689,61.835,61.934,62.07775,76.055,79.14500000000001,80.5611,1.0,0.6145833333333334,0.3958333333333333,0.0,0.0,0.0,13.977250000000003,36.54599999999999,1.0,Main_Floor_D,Deployment_A,none,A_P012
A040,1440,68.35829791666666,67.09899999999999,6.26356700761836,60.859,84.722,61.178,61.2967,61.846,74.07225,76.7863,78.06765,1.0,0.5784722222222223,0.4458333333333333,0.0,0.0,0.0,12.22625,23.862999999999992,1.0,Main_Floor_D,Deployment_A,none,A_P013
A040,1440,69.20408402777777,66.7635,6.93183639622775,61.044,97.923,61.308,61.44,62.033,75.43175,78.1178,79.7834,1.0,0.5972222222222222,0.4611111111111111,0.0,0.0,0.0,13.398749999999993,36.879000000000005,1.0,Main_Floor_D,Deployment_A,none,A_P014
A040,1440,68.63729722222222,68.15299999999999,7.29597061349914,60.11,83.0,60.604,60.8199,61.264,76.0,78.2095,79.4563,1.0,0.5333333333333333,0.4479166666666667,0.0,0.0,0.0,14.735999999999995,22.89,1.0,Main_Floor_D,Deployment_A,broad_remote_work,A_P015
A040,1440,61.37439027777778,61.209,0.790625734833416,60.066,70.165,60.626,60.89,61.099,61.44,61.956,62.26565,1.0,0.0090277777777777,0.0006944444444444,0.0,0.0,0.0,0.3410000000000011,10.099000000000004,1.0,Main_Floor_D,Deployment_A,broad_remote_work,A_P016
A040,1440,62.08230763888889,61.549,1.2460781854036955,60.67,70.22,61.011,61.088,61.2435,62.923,63.593500000000006,64.0341,1.0,0.0270833333333333,0.0006944444444444,0.0,0.0,0.0,1.6795000000000044,9.549999999999995,1.0,Main_Floor_D,Deployment_A,none,A_P017
A040,1440,62.52566041666667,61.824,1.6497370521298522,60.451,72.0,61.08895,61.198,61.44,63.989,64.7591,65.3223,1.0,0.0729166666666666,0.0034722222222222,0.0,0.0,0.0,2.5489999999999995,11.549,1.0,Main_Floor_D,Deployment_A,none,A_P018
A040,1440,62.726531944444446,61.714,1.6937631832720932,60.538,74.11,61.077,61.165,61.319,64.35775,64.868,65.12310000000001,1.0,0.0708333333333333,0.0013888888888888,0.0,0.0,0.0,3.038749999999993,13.572000000000005,1.0,Main_Floor_D,Deployment_A,none,A_P019
A040,1440,62.59033263888889,61.824,1.6526419772533438,60.363,70.923,60.879,61.088,61.433,64.21775,64.659,65.18865,1.0,0.0611111111111111,0.0020833333333333,0.0,0.0,0.0,2.7847499999999954,10.560000000000002,1.0,Main_Floor_D,Deployment_A,none,A_P020
A040,1440,67.91029791666666,66.261,5.86249880949319,60.5,81.207,61.1759,61.424,61.957,73.29625,76.32090000000001,77.46755,1.0,0.6173611111111111,0.3916666666666666,0.0,0.0,0.0,11.33925,20.706999999999997,1.0,Main_Floor_D,Deployment_A,none,A_P021
A040,1440,68.88889236111112,65.1575,7.414709542988922,60.772,84.957,61.27165,61.38,61.90175,76.32075,79.7508,80.989,1.0,0.5243055555555556,0.4166666666666667,0.0,0.0,0.0,14.419000000000004,24.184999999999995,1.0,Main_Floor_D,Deployment_A,none,A_P022
A040,1440,62.8843625,61.87,1.807044327066313,60.805,69.663,61.24185,61.3363,61.511,64.717,65.3805,66.21755,1.0,0.1777777777777777,0.0,0.0,0.0,0.0,3.205999999999996,8.857999999999997,1.0,Main_Floor_D,Deployment_A,none,A_P023
A040,1440,62.88678611111111,62.011,1.761719928875931,60.818,74.587,61.165,61.4234,61.739,64.62,65.088,65.739,1.0,0.125,0.0034722222222222,0.0,0.0,0.0,2.8810000000000078,13.769000000000004,1.0,Main_Floor_D,Deployment_A,none,A_P024
A040,1440,69.07499722222222,66.065,7.257452059798255,60.957,84.589,61.27145,61.424,62.022,76.891,79.1203,80.4195,1.0,0.5659722222222222,0.4090277777777777,0.0,0.0,0.0,14.869000000000009,23.632,1.0,Main_Floor_D,Deployment_A,none,A_P025
A040,1440,68.5384763888889,66.4075,6.620874633608931,60.826,86.13,61.457,61.692,62.033,74.33449999999999,78.4393,79.7032,1.0,0.5854166666666667,0.4097222222222222,0.0,0.0,0.0,12.30149999999999,25.303999999999995,1.0,Main_Floor_D,Deployment_A,none,A_P026
A040,1440,70.0860875,68.96199999999999,7.6044403326896095,60.924,95.604,61.239,61.4559,62.011,77.52725000000001,80.198,81.2094,1.0,0.6194444444444445,0.4826388888888889,0.0,0.0,0.0,15.516250000000008,34.68,1.0,Main_Floor_D,Deployment_A,none,A_P027
A040,1440,68.88976388888888,66.9675,7.686609045676257,60.609,86.769,60.87,60.946,61.088,76.7105,79.63069999999999,80.989,1.0,0.575,0.40625,0.0,0.0,0.0,15.622499999999995,26.160000000000004,1.0,Main_Floor_D,Deployment_A,none,A_P028
A040,1440,68.96124861111112,67.128,7.297491151173645,60.022,85.196,60.304,60.5218,61.97975,75.98625,78.989,80.19369999999999,1.0,0.5708333333333333,0.4472222222222222,0.0,0.0,0.0,14.006500000000004,25.174,1.0,Main_Floor_D,Deployment_A,none,A_P029
A040,1440,62.12137986111111,61.696,1.7633515287005763,60.033,74.185,60.3695,60.7465,61.09575,62.176,64.054,65.13754999999999,1.0,0.0520833333333333,0.00625,0.0,0.0,0.0,1.0802500000000066,14.152,1.0,Main_Floor_D,Deployment_A,none,A_P030
A040,805,62.83847329192546,61.609,2.1488906042883187,60.304,74.824,60.7038,60.874,61.176,64.121,65.5782,66.6806,1.0,0.132919254658385,0.0074534161490683,0.0,0.0,0.0,2.944999999999993,14.519999999999996,0.5590277777777778,Main_Floor_D,Deployment_A,none,A_P031
A041,560,58.52505714285714,56.9615,2.8394585471694747,55.121,66.297,55.60345,55.747,56.231,60.747,62.8141,63.87955,0.3267857142857143,0.0071428571428571,0.0,0.0,0.0,0.0,4.515999999999998,11.175999999999997,0.3888888888888889,Main_Floor_D,Deployment_A,none,A_P001
A041,1440,57.53074930555555,57.707,1.0494070772057704,54.989,63.297,55.582,55.967,56.879,58.253,58.648,58.835,0.0076388888888888,0.0,0.0,0.0,0.0,0.0006944444444444,1.3740000000000023,8.308,1.0,Main_Floor_D,Deployment_A,none,A_P002
A041,1440,57.57559236111111,57.4725,1.212851459480113,54.89,70.703,55.63645,56.2914,56.923,58.033,59.1771,59.505,0.0256944444444444,0.0013888888888888,0.0006944444444444,0.0,0.0,0.0034722222222222,1.1099999999999994,15.813000000000002,1.0,Main_Floor_D,Deployment_A,none,A_P003
A041,1440,63.465513888888886,65.7085,5.204764772012465,55.809,79.846,56.4108,56.7247,57.319,67.76975,69.1113,69.9252,0.6194444444444445,0.5729166666666666,0.0486111111111111,0.0,0.0,0.0,10.45075,24.03700000000001,1.0,Main_Floor_D,Deployment_A,none,A_P004
A041,1440,62.426,62.5275,5.525659065272574,54.901,75.297,55.73545,56.143,56.813,67.51875000000001,68.9032,70.09955000000001,0.5423611111111111,0.4840277777777778,0.0534722222222222,0.0,0.0,0.0006944444444444,10.705750000000007,20.395999999999997,1.0,Main_Floor_D,Deployment_A,none,A_P005
A041,1440,61.277195138888885,61.3575,5.008410563085514,54.308,83.67,55.3406,55.7459,56.495,65.747,67.945,69.32435,0.5097222222222222,0.3083333333333333,0.0368055555555555,0.0,0.0,0.01875,9.252000000000002,29.362,1.0,Main_Floor_D,Deployment_A,none,A_P006
A041,1440,61.06782013888888,60.802,3.934209710848418,54.613,72.165,56.077,56.681,57.44,64.50125,66.3805,67.48504999999999,0.5263888888888889,0.2041666666666666,0.0041666666666666,0.0,0.0,0.0013888888888888,7.061250000000001,17.552000000000007,1.0,Main_Floor_D,Deployment_A,none,A_P007
A041,1440,57.443531944444445,57.396,0.8203441084330428,55.044,59.446,55.7349,56.6249,57.01025,57.98075,58.56,58.813,0.0,0.0,0.0,0.0,0.0,0.0,0.9705000000000013,4.402000000000001,1.0,Main_Floor_D,Deployment_A,low_attendance,A_P008
A041,1440,57.06446041666667,56.956,0.5567281777440362,55.725,59.319,56.385,56.538,56.736,57.231,57.6924,58.473,0.0,0.0,0.0,0.0,0.0,0.0,0.4950000000000045,3.594000000000001,1.0,Main_Floor_D,Deployment_A,low_attendance,A_P009
A041,1440,57.444910416666666,57.396,0.777517745996606,55.747,62.253,56.21945,56.4933,57.022,57.747,58.6051,58.87955,0.0083333333333333,0.0,0.0,0.0,0.0,0.0,0.7250000000000014,6.506,1.0,Main_Floor_D,Deployment_A,none,A_P010
A041,1440,62.84255625,64.582,5.3548395504580055,56.176,77.337,56.559450000000005,56.725,57.28325,67.59575000000001,69.4642,70.52865,0.54375,0.4618055555555556,0.06875,0.0,0.0,0.0,10.312500000000009,21.161,1.0,Main_Floor_D,Deployment_A,none,A_P011
A041,1440,62.40040416666666,63.3245,5.164655160970659,56.033,80.615,56.527,56.758,57.154,66.94775,69.275,70.23209999999999,0.5319444444444444,0.3930555555555555,0.0597222222222222,0.0,0.0,0.0,9.793749999999996,24.581999999999997,1.0,Main_Floor_D,Deployment_A,none,A_P012
A041,1440,62.95317847222223,62.546,3.812759845495783,55.879,73.789,56.495,56.9549,60.70225000000001,66.04675,67.813,68.79820000000001,0.8284722222222223,0.3291666666666666,0.0208333333333333,0.0,0.0,0.0,5.3444999999999965,17.910000000000004,1.0,Main_Floor_D,Deployment_A,none,A_P013
A041,1440,62.46659236111111,61.7665,4.797404649846496,55.088,79.396,55.923,56.1648,58.055,66.615,68.39710000000001,69.7415,0.6548611111111111,0.3902777777777778,0.0472222222222222,0.0,0.0,0.0,8.559999999999995,24.308,1.0,Main_Floor_D,Deployment_A,none,A_P014
A041,1440,61.6461,60.4035,5.801959192811701,54.22,79.912,55.19785,55.407,55.956,67.187,69.044,70.15559999999999,0.5041666666666667,0.4166666666666667,0.0597222222222222,0.0,0.0,0.0159722222222222,11.230999999999996,25.692000000000007,1.0,Main_Floor_D,Deployment_A,broad_remote_work,A_P015
A041,1440,56.944004166666666,57.308,0.9523758579606504,53.569,61.527,55.18495,55.403200000000005,56.055,57.556,57.8361,58.05535,0.0013888888888888,0.0,0.0,0.0,0.0,0.0152777777777777,1.5009999999999977,7.957999999999998,1.0,Main_Floor_D,Deployment_A,broad_remote_work,A_P016
A041,1440,57.08167222222222,57.253,0.9705581779121903,54.967,60.626,55.483450000000005,55.714,56.31775,57.747,58.319300000000005,58.6815,0.0006944444444444,0.0,0.0,0.0,0.0,0.0006944444444444,1.429249999999996,5.658999999999999,1.0,Main_Floor_D,Deployment_A,none,A_P017
A041,1440,57.41624861111112,57.1155,1.2457093859388972,55.407,61.308,55.83455,55.9449,56.209,58.582,58.923,59.088,0.00625,0.0,0.0,0.0,0.0,0.0,2.3729999999999976,5.901000000000003,1.0,Main_Floor_D,Deployment_A,none,A_P018
A041,1440,57.516895833333336,57.022,1.2739973534857465,55.429,62.132,55.879,56.011,56.352,58.7785,59.066,59.24255,0.00625,0.0,0.0,0.0,0.0,0.0,2.4265000000000043,6.702999999999996,1.0,Main_Floor_D,Deployment_A,none,A_P019
A041,1440,57.67817916666666,57.462,1.0057034454919995,55.703,60.582,56.24145,56.593,57.0375,58.11275,59.604,59.769,0.0180555555555555,0.0,0.0,0.0,0.0,0.0,1.075249999999997,4.878999999999998,1.0,Main_Floor_D,Deployment_A,none,A_P020
A041,1440,62.06444513888889,59.736,4.309583125171469,56.674,75.228,57.23845,57.7269,58.239,65.6555,67.6971,69.2075,0.4798611111111111,0.3069444444444444,0.0340277777777777,0.0,0.0,0.0,7.416500000000006,18.553999999999995,1.0,Main_Floor_D,Deployment_A,none,A_P021
A041,1440,63.16376180555555,64.5925,4.537670180460755,55.659,75.217,56.772,56.9908,58.127750000000006,66.61325,68.406,69.52305,0.6458333333333334,0.4638888888888889,0.0409722222222222,0.0,0.0,0.0,8.485499999999988,19.558,1.0,Main_Floor_D,Deployment_A,none,A_P022
A041,1440,60.60447013888889,58.352,3.564901924048705,56.073,69.652,56.85655,57.087,57.826,64.89375000000001,65.533,65.89150000000001,0.3986111111111111,0.2430555555555555,0.0,0.0,0.0,0.0,7.067750000000011,13.579,1.0,Main_Floor_D,Deployment_A,none,A_P023
A041,1440,59.14042986111111,57.804,2.372706666716167,55.652,72.685,56.870450000000005,57.033,57.32275,61.728,62.2318,62.69655,0.31875,0.0125,0.0013888888888888,0.0,0.0,0.0,4.405250000000002,17.033,1.0,Main_Floor_D,Deployment_A,none,A_P024
A041,1440,62.98761736111111,62.326,4.797345918580348,56.489,74.62,57.1195,57.6516,58.25,67.359,69.5892,70.66409999999999,0.5895833333333333,0.3895833333333333,0.0784722222222222,0.0,0.0,0.0,9.108999999999996,18.131000000000007,1.0,Main_Floor_D,Deployment_A,none,A_P025
A041,1440,62.34579375,61.705,4.359987533512664,55.295,73.837,57.076,57.3583,58.09525,66.337,68.1091,69.19704999999999,0.5666666666666667,0.3527777777777778,0.0340277777777777,0.0,0.0,0.0,8.241750000000003,18.542,1.0,Main_Floor_D,Deployment_A,none,A_P026
A041,1440,63.11288541666666,64.76599999999999,5.597112785700641,55.522,82.066,56.41245,56.7066,57.304,68.207,69.8822,70.685,0.5458333333333333,0.4951388888888889,0.0909722222222222,0.0,0.0,0.0,10.902999999999992,26.544000000000004,1.0,Main_Floor_D,Deployment_A,none,A_P027
A041,1440,63.47275,63.579,4.355286671422593,56.326,75.011,57.1558,57.7682,58.7145,67.07875,69.09570000000002,70.283,0.6993055555555555,0.4013888888888889,0.0583333333333333,0.0,0.0,0.0,8.364249999999998,18.684999999999995,1.0,Main_Floor_D,Deployment_A,none,A_P028
A041,1440,63.12271527777778,62.743,4.794887554289365,56.598,84.2,57.3738,57.7005,58.424,66.891,69.58980000000001,71.07655,0.6020833333333333,0.3798611111111111,0.0854166666666666,0.0,0.0,0.0,8.467000000000006,27.602000000000004,1.0,Main_Floor_D,Deployment_A,none,A_P029
A041,1440,60.94381111111112,60.342,2.552012613850564,57.109,71.176,57.87785,58.132,58.522,63.218,63.9464,64.43525,0.5111111111111111,0.0222222222222222,0.0006944444444444,0.0,0.0,0.0,4.695999999999998,14.067,1.0,Main_Floor_D,Deployment_A,none,A_P030
A041,805,62.00465714285715,59.549,3.381943860097336,57.804,68.055,58.315,58.4284,58.707,65.511,65.75,65.874,0.4869565217391304,0.4211180124223602,0.0,0.0,0.0,0.0,6.803999999999995,10.251000000000005,0.5590277777777778,Main_Floor_D,Deployment_A,none,A_P031
A042,560,50.23057321428571,49.681,2.2478794097513104,46.946,63.066,48.4006,48.6568,49.1535,50.255,52.3514,55.174399999999984,0.0142857142857142,0.0,0.0,0.0,0.6589285714285714,0.9464285714285714,1.1015000000000017,16.120000000000005,0.3888888888888889,Main_Floor_D,Deployment_A,none,A_P001
A042,1440,50.61814930555556,50.457,1.0643628418625657,43.173,53.793,49.10995,49.3796,49.8365,51.402,52.0761,52.435,0.0,0.0,0.0,0.0006944444444444,0.3277777777777778,1.0,1.5655,10.619999999999996,1.0,Main_Floor_D,Deployment_A,none,A_P002
A042,1440,50.85632152777778,50.907,1.288291689605669,47.648,60.783,49.141,49.337,49.8775,51.59425,52.163,52.48535,0.0027777777777777,0.0,0.0,0.0,0.2861111111111111,0.9923611111111112,1.7167500000000049,13.134999999999998,1.0,Main_Floor_D,Deployment_A,none,A_P003
A042,1440,51.69103472222222,50.685,2.970873733362912,47.769,65.772,48.977450000000005,49.2307,49.73825,52.6355,55.96230000000002,58.2835,0.0270833333333333,0.0020833333333333,0.0,0.0,0.3361111111111111,0.8875,2.8972500000000068,18.003000000000007,1.0,Main_Floor_D,Deployment_A,none,A_P004
A042,1440,51.51228263888889,50.946,2.2742595370691343,46.527,60.891,48.989,49.374,49.88,52.40525,54.4031,56.5011,0.0055555555555555,0.0,0.0,0.0,0.2833333333333333,0.9125,2.52525,14.363999999999995,1.0,Main_Floor_D,Deployment_A,none,A_P005
A042,1440,50.381775,50.0875,2.162263954443747,44.8,60.152,47.12765,47.8258,49.00825,51.66575,53.087,54.03405,0.0006944444444444,0.0,0.0,0.0006944444444444,0.4854166666666666,0.9722222222222222,2.657499999999992,15.352000000000004,1.0,Main_Floor_D,Deployment_A,none,A_P006
A042,1439,51.73407991660876,51.264,3.342292326279107,45.641,63.659,47.6189,48.041,49.065,52.826,57.138,58.39319999999999,0.0152883947185545,0.0,0.0,0.0,0.3377345378735232,0.8075052119527449,3.761000000000003,18.018,0.9993055555555556,Main_Floor_D,Deployment_A,none,A_P007
A042,1440,51.28279097222222,51.4485,1.0154979081452091,46.398,53.626,49.4973,50.042,50.769,51.967,52.362100000000005,52.5923,0.0,0.0,0.0,0.0,0.0902777777777777,1.0,1.1980000000000004,7.227999999999994,1.0,Main_Floor_D,Deployment_A,low_attendance,A_P008
A042,1440,51.54364027777778,51.587,0.7202294040685793,49.011,53.857,50.261,50.5645,51.109,52.065,52.424,52.609,0.0,0.0,0.0,0.0,0.0256944444444444,1.0,0.955999999999996,4.8459999999999965,1.0,Main_Floor_D,Deployment_A,low_attendance,A_P009
A042,1440,51.59730069444444,51.641,0.884961333650513,48.402,54.312,50.10945,50.467,50.978,52.272,52.685,52.924,0.0,0.0,0.0,0.0,0.0388888888888888,1.0,1.293999999999997,5.909999999999997,1.0,Main_Floor_D,Deployment_A,none,A_P010
A042,1440,50.444689583333336,50.0525,1.8176146340131716,46.522,59.187,48.12955,48.5155,49.152,51.46325,52.935,53.91615,0.0,0.0,0.0,0.0,0.4895833333333333,0.9743055555555556,2.311250000000001,12.665,1.0,Main_Floor_D,Deployment_A,none,A_P011
A042,1440,49.77795208333334,49.609,1.2423048888643635,44.824,59.242,48.28245,48.533,48.97525,50.407,51.1412,51.8202,0.0,0.0,0.0,0.0006944444444444,0.6305555555555555,0.99375,1.431749999999994,14.418,1.0,Main_Floor_D,Deployment_A,none,A_P012
A042,1440,48.87205,48.84,1.20435106370283,43.154,53.273,46.8427,47.371,48.08075,49.739,50.391,50.74715,0.0,0.0,0.0,0.0020833333333333,0.8173611111111111,1.0,1.6582499999999951,10.119,1.0,Main_Floor_D,Deployment_A,none,A_P013
A042,1440,50.12178333333333,49.519,2.1532673927056187,45.36,57.044,47.304,47.7277,48.457,51.96975,53.0461,53.77184999999999,0.0,0.0,0.0,0.0,0.5736111111111111,0.9833333333333332,3.512749999999997,11.683999999999996,1.0,Main_Floor_D,Deployment_A,none,A_P014
A042,1440,49.618622916666666,49.402,1.674355604266003,43.5,61.576,47.51095,47.8451,48.478,50.402,51.61220000000001,52.4168,0.0006944444444444,0.0,0.0,0.0006944444444444,0.6694444444444444,0.9854166666666668,1.9239999999999997,18.076,1.0,Main_Floor_D,Deployment_A,broad_remote_work,A_P015
A042,1440,49.10542013888888,49.198,0.9746761129918752,45.538,52.879,47.32545,47.739,48.543,49.763000000000005,50.2283,50.511,0.0,0.0,0.0,0.0,0.8416666666666667,1.0,1.220000000000006,7.341000000000001,1.0,Main_Floor_D,Deployment_A,broad_remote_work,A_P016
A042,1440,49.79848263888889,49.8125,0.7444927715177847,47.022,52.587,48.6295,48.88,49.275,50.293,50.7253,51.0555,0.0,0.0,0.0,0.0,0.6180555555555556,1.0,1.018000000000001,5.565000000000005,1.0,Main_Floor_D,Deployment_A,none,A_P017
A042,1440,50.64556111111111,50.56,1.024032630044362,47.736,57.848,49.187850000000005,49.5107,49.989,51.12,51.95910000000001,52.68555,0.0,0.0,0.0,0.0,0.2548611111111111,0.9986111111111112,1.1310000000000002,10.112000000000002,1.0,Main_Floor_D,Deployment_A,none,A_P018
A042,1440,50.59211319444445,50.033,2.1267380554413187,46.899,62.363,48.587,48.891,49.3785,51.02475,53.034,54.9571,0.0159722222222222,0.0,0.0,0.0,0.4902777777777777,0.9527777777777776,1.6462499999999949,15.464,1.0,Main_Floor_D,Deployment_A,none,A_P019
A042,1440,51.83386805555556,51.706,1.9537268438079896,44.0,57.076,48.96485,49.37,50.1865,53.61625,54.348,54.58255,0.0,0.0,0.0,0.0006944444444444,0.2166666666666666,0.9777777777777776,3.4297500000000056,13.076,1.0,Main_Floor_D,Deployment_A,none,A_P020
A042,564,53.37380496453901,53.4755,1.3275636217179498,49.478,62.118,51.18065,51.59780000000001,52.63,54.0795,54.7601,55.2848,0.00177304964539,0.0,0.0,0.0,0.0070921985815602,0.9343971631205674,1.4494999999999931,12.64,0.3916666666666666,Main_Floor_D,Deployment_A,none,A_P021
A042,888,51.9366036036036,51.1575,2.0762765173265905,48.152,59.859,49.663,49.978,50.52575,53.2095,55.109300000000005,56.0395,0.0,0.0,0.0,0.0,0.1036036036036036,0.8918918918918919,2.6837499999999963,11.707,0.6166666666666667,Main_Floor_D,Deployment_A,none,A_P022
A042,1440,51.292479166666666,51.2295,1.2377520550053178,46.382,57.141,49.40335,49.8453,50.5315,52.0,52.848,53.33885,0.0,0.0,0.0,0.0,0.1222222222222222,0.9909722222222224,1.4684999999999988,10.759,1.0,Main_Floor_D,Deployment_A,none,A_P023
A042,1440,51.44491458333333,51.2,2.002230954545368,45.241,59.446,48.31165,49.0109,50.087,52.86025,54.554,54.83755,0.0,0.0,0.0,0.0,0.23125,0.9694444444444444,2.7732499999999973,14.204999999999998,1.0,Main_Floor_D,Deployment_A,none,A_P024
A042,1440,52.55567083333333,52.152,1.9537968040043785,48.618,62.264,50.12095,50.522,51.2355,53.435,55.2302,56.18805,0.0083333333333333,0.0,0.0,0.0,0.0354166666666666,0.8840277777777777,2.1995000000000005,13.646,1.0,Main_Floor_D,Deployment_A,none,A_P025
A042,1440,52.87062986111111,52.363,2.145897416751718,44.616,62.667,50.3078,50.7827,51.4175,54.033,55.761,57.0,0.0069444444444444,0.0,0.0,0.0006944444444444,0.0270833333333333,0.8375,2.6155000000000044,18.051,1.0,Main_Floor_D,Deployment_A,none,A_P026
A042,1440,52.37967638888889,51.688500000000005,2.819037745476628,45.8,61.75,49.06445,49.4886,50.457,53.4305,57.1351,58.68555,0.0166666666666666,0.0,0.0,0.0,0.1784722222222222,0.8423611111111111,2.9735000000000014,15.950000000000005,1.0,Main_Floor_D,Deployment_A,none,A_P027
A042,1440,49.28531111111111,49.0165,1.4597585615817912,43.767,57.943,47.435,47.7489,48.28025,50.087,51.2833,51.90155,0.0,0.0,0.0,0.0020833333333333,0.7368055555555556,0.9972222222222222,1.806750000000001,14.175999999999997,1.0,Main_Floor_D,Deployment_A,none,A_P028
A042,1440,48.71431458333333,48.615,1.033404890721913,46.38,55.659,47.19555,47.467,48.0,49.31825,50.1266,50.55415,0.0,0.0,0.0,0.0,0.8770833333333333,0.9993055555555556,1.318249999999999,9.278999999999996,1.0,Main_Floor_D,Deployment_A,none,A_P029
A042,1440,48.54290972222222,48.424,0.837306096858202,46.685,51.648,47.4127,47.5976,47.914,49.05675,49.615,50.1204,0.0,0.0,0.0,0.0,0.9444444444444444,1.0,1.1427499999999997,4.963000000000001,1.0,Main_Floor_D,Deployment_A,none,A_P030
A042,805,49.19099254658386,48.946,1.3499458732263632,46.902,55.957,47.5282,47.7974,48.337,49.652,51.207,51.9724,0.0,0.0,0.0,0.0,0.8198757763975155,0.9975155279503104,1.3149999999999975,9.055,0.5590277777777778,Main_Floor_D,Deployment_A,none,A_P031
A043,560,61.71288928571429,57.36,5.9793732632269725,55.054,74.413,55.9009,56.0659,56.495,67.90925,69.5776,70.71124999999999,0.4339285714285714,0.4035714285714286,0.0767857142857142,0.0,0.0,0.0,11.414250000000004,19.358999999999995,0.3888888888888889,Main_Floor_D,Deployment_A,none,A_P001
A043,1440,58.68156041666667,57.033,3.6427027456383447,54.413,66.56,55.46175,55.6913,56.18275,59.10875,65.308,65.52720000000001,0.2340277777777777,0.1743055555555555,0.0,0.0,0.0,0.0027777777777777,2.926000000000002,12.147000000000006,1.0,Main_Floor_D,Deployment_A,none,A_P002
A043,1440,56.171163194444446,55.929,1.1094848170085676,54.208,65.055,55.12765,55.293,55.587,56.348,57.0,58.25509999999999,0.0236111111111111,0.0006944444444444,0.0,0.0,0.0,0.0243055555555555,0.7609999999999957,10.847000000000008,1.0,Main_Floor_D,Deployment_A,none,A_P003
A043,1406,64.57188477951637,65.85249999999999,6.728217948288257,54.348,86.407,55.241,55.5735,56.57325,70.57249999999999,72.3535,73.28875,0.647226173541963,0.6073968705547653,0.2859174964438122,0.0,0.0,0.0199146514935988,13.99924999999999,32.059,0.9763888888888888,Main_Floor_D,Deployment_A,none,A_P004
A043,47,56.298148936170215,56.239,0.4198686118881026,55.304,57.184,55.6509,55.8932,56.0435,56.5245,56.902,57.0378,0.0,0.0,0.0,0.0,0.0,0.0,0.4810000000000016,1.8799999999999957,0.0326388888888888,Main_Floor_D,Deployment_A,none,A_P005
A043,1440,64.83499791666667,66.68100000000001,7.353058693172234,54.261,91.209,55.315,55.7789,56.42625,71.40175,73.3484,74.4213,0.6048611111111111,0.59375,0.3569444444444444,0.0,0.0,0.0201388888888888,14.975500000000004,36.948,1.0,Main_Floor_D,Deployment_A,none,A_P006
A043,1440,66.78219861111111,69.4115,6.246900375024495,54.793,76.78,55.74605,56.4604,59.782250000000005,71.28075,72.87180000000001,73.8681,0.7395833333333334,0.69375,0.3916666666666666,0.0,0.0,0.0027777777777777,11.498499999999993,21.987,1.0,Main_Floor_D,Deployment_A,none,A_P007
A043,1440,56.51253194444445,56.467,0.7055831345666812,54.576,60.609,55.554,55.7827,56.088,56.826,57.1659,57.51125,0.0041666666666666,0.0,0.0,0.0,0.0,0.0041666666666666,0.7379999999999995,6.033000000000001,1.0,Main_Floor_D,Deployment_A,low_attendance,A_P008
A043,1440,56.30652083333333,56.3335,0.4978403137783548,54.576,58.804,55.45075,55.650000000000006,56.011,56.63,56.891,57.02255,0.0,0.0,0.0,0.0,0.0,0.0104166666666666,0.6189999999999998,4.2280000000000015,1.0,Main_Floor_D,Deployment_A,low_attendance,A_P009
A043,1440,58.39275347222223,56.87,3.935503222720144,54.522,69.989,55.538,55.8359,56.315,57.96975,67.86529999999999,68.34155,0.1458333333333333,0.1270833333333333,0.0,0.0,0.0,0.0076388888888888,1.65475,15.467000000000006,1.0,Main_Floor_D,Deployment_A,none,A_P010
A043,1440,65.829425,68.637,6.538232720836279,54.837,77.791,56.0,56.3253,57.299,71.27775,72.6821,73.495,0.6916666666666667,0.6493055555555556,0.3680555555555556,0.0,0.0,0.0034722222222222,13.978749999999998,22.953999999999997,1.0,Main_Floor_D,Deployment_A,none,A_P011
A043,1440,64.46976944444444,65.06049999999999,6.868466888860552,55.62,85.484,56.308,56.511,56.923,71.14574999999999,73.275,74.49605,0.6159722222222223,0.5013888888888889,0.2909722222222222,0.0,0.0,0.0,14.22274999999999,29.864,1.0,Main_Floor_D,Deployment_A,none,A_P012
A043,1440,64.21410347222222,66.4305,6.53663125201327,53.421,77.938,55.14285,55.4436,57.20575,69.79124999999999,71.41950000000001,72.484,0.6138888888888889,0.5958333333333333,0.2326388888888889,0.0,0.0,0.0291666666666666,12.585499999999987,24.517000000000003,1.0,Main_Floor_D,Deployment_A,none,A_P013
A043,1440,63.9231375,65.42,6.780839435201727,54.5,88.637,55.5487,55.7819,56.318,70.044,71.9802,73.15265,0.5784722222222223,0.5173611111111112,0.2555555555555555,0.0,0.0,0.00625,13.726,34.137,1.0,Main_Floor_D,Deployment_A,none,A_P014
A043,1440,64.03077638888888,66.51599999999999,7.25694607400759,54.867,76.756,55.549,55.728,56.23625,70.6285,72.56,73.5281,0.5486111111111112,0.5340277777777778,0.3361111111111111,0.0,0.0,0.0027777777777777,14.392250000000004,21.889000000000003,1.0,Main_Floor_D,Deployment_A,broad_remote_work,A_P015
A043,1440,56.47278472222222,56.446,0.5751001926569703,54.563,60.516,55.63645,55.8258,56.132,56.758,57.055,57.348,0.0013888888888888,0.0,0.0,0.0,0.0,0.0041666666666666,0.6260000000000048,5.952999999999996,1.0,Main_Floor_D,Deployment_A,broad_remote_work,A_P016
A043,1440,58.580170138888896,56.652,3.675782373954975,55.337,66.478,55.91295,56.076,56.319,58.0,65.1834,65.33,0.2375,0.1555555555555555,0.0,0.0,0.0,0.0,1.6809999999999974,11.140999999999991,1.0,Main_Floor_D,Deployment_A,none,A_P017
A043,1440,58.56058611111112,56.543,3.875683234915168,55.022,67.769,55.62,55.8341,56.12075,59.44025,65.25410000000001,65.516,0.2451388888888888,0.1951388888888889,0.0,0.0,0.0,0.0,3.319499999999998,12.747000000000009,1.0,Main_Floor_D,Deployment_A,none,A_P018
A043,1440,59.81703125,56.826,4.3260869308352525,55.033,68.319,55.717,55.935,56.315,65.187,65.385,65.495,0.3819444444444444,0.3541666666666667,0.0,0.0,0.0,0.0,8.872,13.286,1.0,Main_Floor_D,Deployment_A,none,A_P019
A043,1440,59.37799583333333,56.761,4.129569676068343,54.457,68.209,55.9555,56.109,56.402,65.088,65.275,65.45124999999999,0.3270833333333333,0.3083333333333333,0.0,0.0,0.0,0.0027777777777777,8.685999999999993,13.752000000000002,1.0,Main_Floor_D,Deployment_A,none,A_P020
A043,1440,63.67701041666667,66.126,6.325205236136734,54.957,75.033,56.13,56.3076,56.772,69.52475000000001,71.39150000000001,72.22325,0.5458333333333333,0.5131944444444444,0.2152777777777778,0.0,0.0,0.0006944444444444,12.752750000000011,20.076,1.0,Main_Floor_D,Deployment_A,none,A_P021
A043,1440,64.02211805555557,65.304,6.633295500579308,55.659,78.13,56.2968,56.62,57.261,70.2985,72.99010000000001,74.05455,0.5548611111111111,0.5298611111111111,0.2673611111111111,0.0,0.0,0.0,13.0375,22.471,1.0,Main_Floor_D,Deployment_A,none,A_P022
A043,1440,59.44875972222223,57.143,3.838956529240825,55.436,66.253,56.35865,56.5315,56.815,65.22425,65.4786,65.587,0.2916666666666667,0.2840277777777777,0.0,0.0,0.0,0.0,8.40925,10.817,1.0,Main_Floor_D,Deployment_A,none,A_P023
A043,1440,59.45080347222223,57.297,4.11477288536218,54.731,70.033,55.6848,55.935,56.34225,65.315,65.543,65.739,0.3104166666666667,0.3034722222222222,0.0006944444444444,0.0,0.0,0.0013888888888888,8.972749999999998,15.302,1.0,Main_Floor_D,Deployment_A,none,A_P024
A043,1440,65.57444305555556,67.51599999999999,6.593486056840041,55.362,78.163,56.315,56.739,57.45425,71.4195,73.0451,73.95535,0.6479166666666667,0.6451388888888889,0.3479166666666666,0.0,0.0,0.0,13.965249999999996,22.800999999999995,1.0,Main_Floor_D,Deployment_A,none,A_P025
A043,1440,64.10404722222222,65.765,6.26533615407428,55.837,77.87,56.478,56.674,57.1175,69.20125,72.2648,73.27590000000001,0.59375,0.575,0.2152777777777778,0.0,0.0,0.0,12.083750000000002,22.033,1.0,Main_Floor_D,Deployment_A,none,A_P026
A043,1440,68.37806041666667,70.03800000000001,10.111379052282956,54.522,86.967,55.41245,55.6693,56.4825,77.85025,80.5661,81.043,0.6326388888888889,0.6180555555555556,0.5048611111111111,0.0,0.0,0.0097222222222222,21.36775,32.445,1.0,Main_Floor_D,Deployment_A,none,A_P027
A043,1440,64.53214375,67.2515,7.648717127316624,54.406,78.272,55.407,55.6043,56.022,71.69775,73.761,74.92450000000001,0.5784722222222223,0.56875,0.3416666666666667,0.0,0.0,0.0090277777777777,15.67575,23.866000000000007,1.0,Main_Floor_D,Deployment_A,none,A_P028
A043,1440,65.36425069444444,65.3825,6.268442750253301,54.882,78.054,55.50475,55.75,60.44325,70.739,72.967,73.935,0.7541666666666667,0.5680555555555555,0.2986111111111111,0.0,0.0,0.0027777777777777,10.295750000000004,23.172000000000004,1.0,Main_Floor_D,Deployment_A,none,A_P029
A043,1440,56.73158611111111,56.3735,1.4604206214196824,54.516,69.543,55.283,55.543,55.913,56.94375,58.2725,59.30585,0.0347222222222222,0.0048611111111111,0.0,0.0,0.0,0.01875,1.0307499999999976,15.027000000000008,1.0,Main_Floor_D,Deployment_A,none,A_P030
A043,805,57.281768944099376,56.304,1.959801244181674,54.533,68.826,55.1634,55.393,55.739,58.747,59.4892,60.7344,0.0757763975155279,0.0024844720496894,0.0,0.0,0.0,0.0260869565217391,3.0080000000000027,14.292999999999992,0.5590277777777778,Main_Floor_D,Deployment_A,none,A_P031
A044,560,65.21511428571428,64.65549999999999,5.422286207733702,56.716,78.8,58.197950000000006,58.8048,60.0965,70.35900000000001,72.0538,72.85925,0.7589285714285714,0.4928571428571429,0.2875,0.0,0.0,0.0,10.26250000000001,22.084,0.3888888888888889,Main_Floor_D,Deployment_A,none,A_P001
A044,1440,62.50490694444445,61.3235,3.4789720542461278,56.513,74.118,58.1363,58.5896,59.5875,65.86224999999999,67.2904,68.1259,0.6833333333333333,0.35,0.0076388888888888,0.0,0.0,0.0,6.27474999999999,17.604999999999997,1.0,Main_Floor_D,Deployment_A,none,A_P002
A044,1439,60.873666435024326,59.851,3.0917267092078062,56.03,71.143,57.5822,57.9678,58.758,62.104,66.285,68.0,0.4746351633078526,0.1271716469770674,0.0055594162612925,0.0,0.0,0.0,3.3459999999999965,15.113,0.9993055555555556,Main_Floor_D,Deployment_A,none,A_P003
A044,1426,67.26142636746143,67.62100000000001,5.93419258178669,56.17,86.833,58.2845,59.139,62.00375,72.4135,74.78800000000001,75.967,0.8394109396914446,0.6269284712482468,0.3779803646563814,0.0,0.0,0.0,10.409750000000004,30.663,0.9902777777777778,Main_Floor_D,Deployment_A,none,A_P004
A044,1437,69.45963743910926,71.13,8.268421909153039,56.163,80.955,58.0404,58.7152,60.422,77.911,78.724,79.082,0.7821851078636047,0.6096033402922756,0.524008350730689,0.0,0.0,0.0,17.489000000000004,24.792,0.9979166666666668,Main_Floor_D,Deployment_A,none,A_P005
A044,1432,67.02658519553073,67.039,6.280965233677965,56.551,100.0,58.24595,58.8625,60.62025,72.47475,74.9839,76.256,0.7981843575418994,0.6068435754189944,0.3861731843575419,0.0,0.0,0.0,11.854500000000002,43.449,0.9944444444444444,Main_Floor_D,Deployment_A,none,A_P006
A044,1424,67.03972120786517,67.186,5.100133716318441,57.064,80.5,59.316,60.1127,62.41775,71.32275,73.5683,74.74745,0.908005617977528,0.6278089887640449,0.3384831460674157,0.0,0.0,0.0,8.905000000000001,23.436,0.9888888888888888,Main_Floor_D,Deployment_A,none,A_P007
A044,1439,61.40001111883252,60.57,2.8730576635086345,56.512,72.333,58.2528,58.6624,59.4835,62.4495,66.28020000000001,68.11240000000001,0.6330785267546908,0.1271716469770674,0.0097289784572619,0.0,0.0,0.0,2.966000000000001,15.820999999999998,0.9993055555555556,Main_Floor_D,Deployment_A,low_attendance,A_P008
A044,1440,61.08365902777778,60.375,2.6991308584345983,55.812,74.0,58.0776,58.5569,59.3835,61.872,64.8942,67.7534,0.6243055555555556,0.0972222222222222,0.0055555555555555,0.0,0.0,0.0,2.488500000000002,18.188,1.0,Main_Floor_D,Deployment_A,low_attendance,A_P009
A044,1438,62.25647357440889,61.278,3.1287982652923216,56.583,73.0,58.305,59.011300000000006,59.92475,64.64875,67.0,68.30494999999999,0.7357440890125174,0.2357440890125174,0.0090403337969401,0.0,0.0,0.0,4.724000000000004,16.417,0.9986111111111112,Main_Floor_D,Deployment_A,none,A_P010
A044,1418,67.3899724964739,68.32499999999999,5.555370324508825,55.6,79.688,58.34745,59.3153,62.158,71.79075,74.108,75.24745,0.8610719322990127,0.6727785613540197,0.3963328631875881,0.0,0.0,0.0,9.63275,24.088,0.9847222222222224,Main_Floor_D,Deployment_A,none,A_P011
A044,1432,67.07653561452514,67.524,6.250772346306965,56.247,99.393,58.13905,58.974,60.901,72.81649999999999,75.3669,76.63165000000001,0.8184357541899442,0.6005586592178771,0.3526536312849162,0.0,0.0,0.0,11.915499999999987,43.146,0.9944444444444444,Main_Floor_D,Deployment_A,none,A_P012
A044,1428,66.46283123249299,67.6795,5.687574888381765,56.488,80.0,58.0084,58.7447,60.446,71.19399999999999,73.333,74.35665,0.780812324929972,0.6078431372549019,0.3515406162464985,0.0,0.0,0.0,10.74799999999999,23.512,0.9916666666666668,Main_Floor_D,Deployment_A,none,A_P013
A044,1423,66.89351370344343,67.267,6.0725308833097245,56.133,94.862,58.3157,59.0862,61.2415,71.9615,74.5702,75.9365,0.8193956430077302,0.5593815881939564,0.3675333801827126,0.0,0.0,0.0,10.72,38.72899999999999,0.9881944444444444,Main_Floor_D,Deployment_A,none,A_P014
A044,1431,67.75143466107617,70.266,6.762489406821365,56.508,82.19,58.234,58.75,60.589,73.6,75.688,76.783,0.7938504542278128,0.5904961565338924,0.5087351502445842,0.0,0.0,0.0,13.010999999999996,25.681999999999995,0.99375,Main_Floor_D,Deployment_A,broad_remote_work,A_P015
A044,1437,60.79932219902575,59.759,3.418755044688969,55.42,80.111,57.105,57.5752,58.4,62.114,66.893,68.061,0.4592901878914405,0.1419624217118998,0.0076548364648573,0.0,0.0,0.0,3.713999999999999,24.691000000000003,0.9979166666666668,Main_Floor_D,Deployment_A,broad_remote_work,A_P016
A044,1440,62.18926180555555,60.8905,3.7063978602131744,56.054,71.667,57.63915,58.0675,58.99225,65.68125,67.5,68.30165,0.5972222222222222,0.3277777777777778,0.0090277777777777,0.0,0.0,0.0,6.689000000000007,15.613,1.0,Main_Floor_D,Deployment_A,none,A_P017
A044,1435,62.565414634146336,61.316,4.115250687620554,56.053,74.0,57.529,57.9864,59.06,66.0825,68.1336,70.1596,0.6132404181184669,0.3414634146341463,0.0543554006968641,0.0,0.0,0.0,7.022499999999994,17.947000000000003,0.9965277777777778,Main_Floor_D,Deployment_A,none,A_P018
A044,1438,63.24957997218358,63.0965,4.172777253147636,56.062,76.536,57.53455,58.1087,59.2665,66.65375,68.3169,69.78054999999999,0.6717663421418637,0.4541029207232267,0.0493741307371349,0.0,0.0,0.0,7.387250000000002,20.474000000000004,0.9986111111111112,Main_Floor_D,Deployment_A,none,A_P019
A044,1438,63.16127399165507,64.2765,3.920753683426318,56.115,72.5,57.64525,58.1554,59.3595,66.35374999999999,68.2119,68.89155,0.6738525730180807,0.4610570236439499,0.0146036161335187,0.0,0.0,0.0,6.994249999999994,16.384999999999998,0.9986111111111112,Main_Floor_D,Deployment_A,none,A_P020
A044,1430,66.52053426573427,67.5505,5.47640468630544,56.013,81.5,58.0,58.7745,61.60625,71.125,73.2788,74.52935,0.8188811188811189,0.5944055944055944,0.3258741258741259,0.0,0.0,0.0,9.518749999999995,25.487,0.9930555555555556,Main_Floor_D,Deployment_A,none,A_P021
A044,1432,67.33323533519552,67.15700000000001,6.29226736086959,55.783,82.667,58.57595,59.2713,61.082,73.06275,75.754,76.9726,0.8435754189944135,0.6082402234636871,0.3840782122905028,0.0,0.0,0.0,11.980749999999992,26.884,0.9944444444444444,Main_Floor_D,Deployment_A,none,A_P022
A044,1438,62.86384909596662,62.1715,3.194217004894782,57.0,74.0,58.59725,59.0607,60.07275,65.547,67.39370000000001,68.3,0.7642559109874826,0.3122392211404728,0.0041724617524339,0.0,0.0,0.0,5.474249999999998,17.0,0.9986111111111112,Main_Floor_D,Deployment_A,none,A_P023
A044,1440,62.961930555555554,62.3905,3.3068328110872827,57.038,76.2,58.571,59.0547,59.96,65.7395,67.42410000000001,68.25065,0.7486111111111111,0.3736111111111111,0.0090277777777777,0.0,0.0,0.0,5.779500000000006,19.16200000000001,1.0,Main_Floor_D,Deployment_A,none,A_P024
A044,1430,67.24898671328671,67.2655,6.148600931894778,56.245,84.0,58.40245,59.2517,61.42825,73.0,75.17450000000001,76.1928,0.8454545454545455,0.5881118881118881,0.4006993006993007,0.0,0.0,0.0,11.571750000000002,27.755000000000003,0.9930555555555556,Main_Floor_D,Deployment_A,none,A_P025
A044,1421,66.81622167487684,67.25,5.72570035160057,56.0,82.0,58.356,59.126,61.0,71.4,74.406,75.588,0.824771287825475,0.6340605207600282,0.3272343420126671,0.0,0.0,0.0,10.400000000000006,26.0,0.9868055555555556,Main_Floor_D,Deployment_A,none,A_P026
A044,1410,67.72644326241135,68.6815,6.467338936954747,56.525,86.308,58.16425,58.9377,60.96475,73.27275,75.5839,76.78345,0.8184397163120567,0.6269503546099291,0.4326241134751773,0.0,0.0,0.0,12.308,29.78300000000001,0.9791666666666666,Main_Floor_D,Deployment_A,none,A_P027
A044,1413,67.24861571125265,68.029,6.586187604287824,55.857,81.0,57.7016,58.3306,60.31,73.0,75.6088,76.8942,0.7721160651096957,0.6142958244869073,0.40552016985138,0.0,0.0,0.0,12.689999999999998,25.143,0.98125,Main_Floor_D,Deployment_A,none,A_P028
A044,1423,67.24964792691496,67.927,5.976760405569024,56.145,81.0,58.0,58.8488,61.474,72.42,74.8492,75.9104,0.8236120871398454,0.6444132115249473,0.3921293042867182,0.0,0.0,0.0,10.945999999999998,24.855,0.9881944444444444,Main_Floor_D,Deployment_A,none,A_P029
A044,1435,62.08542717770035,60.607,3.897822248887088,55.439,74.5,57.3572,57.8064,58.9215,65.926,67.8638,68.693,0.581184668989547,0.30801393728223,0.0125435540069686,0.0,0.0,0.0,7.004500000000007,19.061,0.9965277777777778,Main_Floor_D,Deployment_A,none,A_P030
A044,804,61.80933208955224,61.087500000000006,3.4683607420547053,55.385,72.185,57.3285,57.9595,59.21275,63.62275,67.93350000000001,68.6169,0.6467661691542289,0.1890547263681592,0.0087064676616915,0.0,0.0,0.0,4.409999999999997,16.800000000000004,0.5583333333333333,Main_Floor_D,Deployment_A,none,A_P031
A045,560,60.06415535714287,57.1905,4.366910845006608,56.391,73.352,56.7059,56.8231,56.989,63.12525,67.3443,69.2541,0.3696428571428571,0.1571428571428571,0.0392857142857142,0.0,0.0,0.0,6.136249999999997,16.961000000000006,0.3888888888888889,Main_Floor_E,Deployment_A,none,A_P001
A045,1440,57.59029305555556,57.25,0.8582588206062415,56.663,66.495,56.902,56.967,57.087,57.876,58.6704,59.1631,0.0222222222222222,0.0006944444444444,0.0,0.0,0.0,0.0,0.7889999999999944,9.832000000000008,1.0,Main_Floor_E,Deployment_A,none,A_P002
A045,1440,57.85362222222222,57.836,0.7965527423600359,56.609,63.88,56.9445,57.011,57.196,58.283,58.736,59.1671,0.0152777777777777,0.0,0.0,0.0,0.0,0.0,1.0870000000000033,7.271000000000001,1.0,Main_Floor_E,Deployment_A,none,A_P003
A045,1431,64.4954716981132,64.681,6.344174672449354,56.587,77.462,56.962,57.087,58.164,70.398,72.989,74.0605,0.5716282320055905,0.4793850454227812,0.2662473794549266,0.0,0.0,0.0,12.233999999999996,20.875,0.99375,Main_Floor_E,Deployment_A,none,A_P004
A045,1424,64.88851755617978,64.1905,5.890930772809655,56.304,79.044,56.989,57.13,59.152,70.1705,72.69850000000001,73.86569999999999,0.7120786516853933,0.4599719101123595,0.2633426966292135,0.0,0.0,0.0,11.018500000000005,22.739999999999995,0.9888888888888888,Main_Floor_E,Deployment_A,none,A_P005
A045,1427,64.47992782060267,63.835,6.569478769372696,56.133,83.951,56.576,56.7898,57.239,70.912,72.9568,73.79990000000001,0.5816398037841626,0.4463910301331464,0.3132445690259285,0.0,0.0,0.0,13.673000000000007,27.81799999999999,0.9909722222222224,Main_Floor_E,Deployment_A,none,A_P006
A045,1427,63.60345480028031,63.261,5.682822112769483,56.522,79.143,56.7699,56.87,57.12,68.835,70.727,71.8736,0.6334968465311843,0.437281009110021,0.145760336370007,0.0,0.0,0.0,11.714999999999996,22.621,0.9909722222222224,Main_Floor_E,Deployment_A,none,A_P007
A045,1440,57.18783263888889,57.152,0.2974762861776719,56.385,59.033,56.761,56.835,56.989,57.363,57.6045,57.7174,0.0,0.0,0.0,0.0,0.0,0.0,0.3740000000000023,2.6480000000000032,1.0,Main_Floor_E,Deployment_A,low_attendance,A_P008
A045,1440,57.775384027777775,57.848,0.4494668702258405,56.467,59.293,56.804,56.957,57.663,58.076,58.261300000000006,58.359,0.0,0.0,0.0,0.0,0.0,0.0,0.4130000000000038,2.8260000000000005,1.0,Main_Floor_E,Deployment_A,low_attendance,A_P009
A045,1438,58.71378650904033,58.622,1.0917232053200414,57.413,69.571,57.696,57.804,58.011,59.109,59.3321,60.29465,0.0702364394993046,0.0062586926286509,0.0,0.0,0.0,0.0,1.097999999999999,12.158,0.9986111111111112,Main_Floor_E,Deployment_A,none,A_P010
A045,1427,64.57359915907499,65.055,5.485552673883632,56.674,77.301,57.0573,57.924,58.978,69.5215,71.7176,72.868,0.6566222845129642,0.5094604064470918,0.2263489838822705,0.0,0.0,0.0,10.543500000000002,20.627,0.9909722222222224,Main_Floor_E,Deployment_A,none,A_P011
A045,1439,64.07209312022238,63.065,6.018277903335945,56.511,77.462,56.88,57.0438,58.065,69.9375,71.9362,73.1782,0.621264767199444,0.4510076441973593,0.2460041695621959,0.0,0.0,0.0,11.872500000000002,20.951,0.9993055555555556,Main_Floor_E,Deployment_A,none,A_P012
A045,1440,64.55599375,63.4335,5.981638430046853,56.402,76.402,56.772,57.011,58.5,70.36625000000001,72.4355,73.48219999999999,0.6375,0.4465277777777778,0.26875,0.0,0.0,0.0,11.866250000000008,20.0,1.0,Main_Floor_E,Deployment_A,none,A_P013
A045,1439,64.83779430159834,62.837,6.172545341801986,56.326,77.467,56.7827,57.6512,58.59,70.98349999999999,73.0,73.90429999999999,0.6692147324530924,0.4572619874913134,0.3293954134815844,0.0,0.0,0.0,12.393499999999989,21.141,0.9993055555555556,Main_Floor_E,Deployment_A,none,A_P014
A045,1440,63.943932638888896,60.5165,6.905137463525126,55.973,77.143,56.538,56.6556,56.989,71.275,73.582,74.71455,0.5375,0.4180555555555555,0.3201388888888888,0.0,0.0,0.0,14.286000000000008,21.17,1.0,Main_Floor_E,Deployment_A,broad_remote_work,A_P015
A045,1440,57.13425625,57.099,0.4153463054732724,55.5,61.978,56.582,56.685,56.89075,57.319,57.5661,57.728,0.0034722222222222,0.0,0.0,0.0,0.0,0.0,0.4282500000000055,6.4780000000000015,1.0,Main_Floor_E,Deployment_A,broad_remote_work,A_P016
A045,1440,57.322320833333336,57.2425,0.4388568793020849,56.56,61.363,56.891,56.956,57.08475,57.42525,57.652,58.16365,0.0027777777777777,0.0,0.0,0.0,0.0,0.0,0.3404999999999987,4.802999999999997,1.0,Main_Floor_E,Deployment_A,none,A_P017
A045,1440,57.94088472222222,58.065,0.425729891875833,56.826,60.054,57.076,57.174,57.8145,58.198,58.3194,58.402,0.0006944444444444,0.0,0.0,0.0,0.0,0.0,0.383500000000005,3.228000000000001,1.0,Main_Floor_E,Deployment_A,none,A_P018
A045,1440,58.212463194444446,58.217,0.3338182334143908,57.37,60.239,57.707,57.793,57.967,58.435,58.598,58.72515,0.0013888888888888,0.0,0.0,0.0,0.0,0.0,0.4680000000000035,2.869,1.0,Main_Floor_E,Deployment_A,none,A_P019
A045,1440,58.25061597222222,58.217,0.3002212256275862,57.467,61.663,57.913,57.989,58.109,58.334,58.4845,58.6482,0.0048611111111111,0.0,0.0,0.0,0.0,0.0,0.2250000000000014,4.195999999999998,1.0,Main_Floor_E,Deployment_A,none,A_P020
A045,1325,63.1900520754717,64.319,4.766378915995974,56.0,71.967,57.0136,57.4418,58.185,67.533,69.105,69.837,0.5818867924528301,0.4573584905660377,0.0437735849056603,0.0,0.0,0.0,9.348,15.967,0.9201388888888888,Main_Floor_E,Deployment_A,none,A_P021
A045,1436,63.89954735376045,64.163,5.201146406984245,56.491,75.079,57.75,57.8785,58.315,68.69524999999999,70.787,71.772,0.5821727019498607,0.4805013927576602,0.155292479108635,0.0,0.0,0.0,10.38024999999999,18.587999999999997,0.9972222222222222,Main_Floor_E,Deployment_A,none,A_P022
A045,1440,58.18257152777778,58.033,0.5288500502980458,56.989,61.67,57.5,57.63,57.8255,58.554,58.8901,59.0411,0.00625,0.0,0.0,0.0,0.0,0.0,0.7285000000000039,4.6810000000000045,1.0,Main_Floor_E,Deployment_A,none,A_P023
A045,1437,58.06093806541406,58.065,0.5064108353735254,57.0,66.598,57.473,57.554,57.813,58.231,58.391,58.5188,0.0069589422407794,0.0006958942240779,0.0,0.0,0.0,0.0,0.4179999999999992,9.598,0.9979166666666668,Main_Floor_E,Deployment_A,none,A_P024
A045,1404,64.63495868945868,64.237,5.93717821480759,57.0,78.0,57.88915,58.0,58.217,70.628,72.3599,73.4599,0.6353276353276354,0.4451566951566951,0.2941595441595441,0.0,0.0,0.0,12.411,21.0,0.975,Main_Floor_E,Deployment_A,none,A_P025
A045,1438,64.79192211404728,64.261,5.327549710978606,56.804,75.846,57.259800000000006,57.9747,58.4075,69.6795,71.66839999999999,72.967,0.7148817802503477,0.4360222531293463,0.2253129346314325,0.0,0.0,0.0,11.272000000000006,19.042,0.9986111111111112,Main_Floor_E,Deployment_A,none,A_P026
A045,1404,64.2343774928775,64.0325,6.140249849342516,56.2,78.054,57.043,57.152,57.783,70.25274999999999,72.60329999999999,73.6927,0.6282051282051282,0.438034188034188,0.2642450142450142,0.0,0.0,0.0,12.46974999999999,21.854,0.975,Main_Floor_E,Deployment_A,none,A_P027
A045,1440,64.54456041666667,64.7105,6.111552989846536,56.793,78.952,57.098,57.22,58.42275,70.2315,72.72529999999999,73.95804999999999,0.5993055555555555,0.4666666666666667,0.2645833333333333,0.0,0.0,0.0,11.808749999999996,22.159,1.0,Main_Floor_E,Deployment_A,none,A_P028
A045,1379,64.34621319796955,64.4,6.240565047783462,56.0,77.282,56.8671,57.055,58.0565,70.58500000000001,72.652,73.6942,0.593183466279913,0.4358230601885424,0.2878897751994199,0.0,0.0,0.0,12.528500000000008,21.282,0.9576388888888888,Main_Floor_E,Deployment_A,none,A_P029
A045,1337,58.367349289454,58.337,0.9438913735495564,55.909,65.5,56.8348,57.132200000000005,57.88,58.868,59.326,59.6928,0.0329094988780852,0.0007479431563201,0.0,0.0,0.0,0.0,0.9879999999999995,9.591,0.9284722222222224,Main_Floor_E,Deployment_A,none,A_P030
A045,805,58.92033291925466,59.065,0.611008617629843,57.12,61.772,57.946,58.0434,58.33,59.321,59.5622,59.7774,0.0223602484472049,0.0,0.0,0.0,0.0,0.0,0.9909999999999995,4.652000000000001,0.5590277777777778,Main_Floor_E,Deployment_A,none,A_P031
A046,560,54.454501785714285,51.2015,5.073050972006536,49.473,66.659,50.12955,50.293,50.604,58.78,62.377300000000005,64.26729999999999,0.2107142857142857,0.0285714285714285,0.0,0.0,0.0357142857142857,0.6267857142857143,8.176000000000002,17.186000000000007,0.3888888888888889,Main_Floor_E,Deployment_A,none,A_P001
A046,1440,53.08847986111112,51.4235,3.632230032258191,48.923,62.33,49.8795,50.12,50.609,53.86025,59.598,60.022,0.0548611111111111,0.0,0.0,0.0,0.0722222222222222,0.7645833333333333,3.251249999999999,13.406999999999996,1.0,Main_Floor_E,Deployment_A,none,A_P002
A046,1440,54.39597638888889,55.694,3.272852332232732,47.772,60.945,49.59745,49.913,50.67675,57.187,57.892,58.33775,0.0097222222222222,0.0,0.0,0.0,0.1215277777777777,0.4583333333333333,6.510249999999999,13.173000000000002,1.0,Main_Floor_E,Deployment_A,none,A_P003
A046,1440,58.84645625,58.8965,6.559775530238732,47.489,71.033,49.21025,50.0529,52.196,65.29325,66.94619999999999,67.75909999999999,0.4652777777777778,0.2729166666666666,0.0027777777777777,0.0,0.0979166666666666,0.3833333333333333,13.097250000000004,23.544000000000004,1.0,Main_Floor_E,Deployment_A,none,A_P004
A046,1440,59.60238541666666,60.648,6.428080011738585,49.692,70.912,50.684450000000005,50.9879,51.739,65.473,67.28710000000001,68.14355,0.5583333333333333,0.2861111111111111,0.0076388888888888,0.0,0.0034722222222222,0.3354166666666666,13.734000000000002,21.22000000000001,1.0,Main_Floor_E,Deployment_A,none,A_P005
A046,1440,59.007843055555554,60.35,7.0007814846474,49.462,72.363,50.63,50.913,51.413,65.89,67.7508,68.68155,0.5180555555555556,0.3173611111111111,0.0097222222222222,0.0,0.0034722222222222,0.4083333333333333,14.477000000000004,22.901,1.0,Main_Floor_E,Deployment_A,none,A_P006
A046,1440,58.59799930555556,59.4785,6.49758460521105,49.076,71.055,49.92395,50.3143,51.33425,64.868,66.5946,67.60425,0.4631944444444444,0.2402777777777777,0.0069444444444444,0.0,0.0631944444444444,0.3819444444444444,13.53374999999999,21.979000000000006,1.0,Main_Floor_E,Deployment_A,none,A_P007
A046,1440,50.33065069444445,49.626,1.7508897044027494,47.692,57.077,48.6257,48.826,49.161,50.785,53.4025,54.087050000000005,0.0,0.0,0.0,0.0,0.6333333333333333,0.99375,1.6239999999999952,9.384999999999998,1.0,Main_Floor_E,Deployment_A,low_attendance,A_P008
A046,1440,49.60496041666666,49.598,0.5150243756713068,47.831,51.33,48.74985,48.9119,49.253,49.978,50.253,50.424,0.0,0.0,0.0,0.0,0.7708333333333334,1.0,0.7250000000000014,3.4989999999999952,1.0,Main_Floor_E,Deployment_A,low_attendance,A_P009
A046,1440,51.74652361111112,51.228,2.1971505112630214,47.978,59.78,49.03245,49.4564,50.33,53.25,54.0011,54.88055,0.0,0.0,0.0,0.0,0.1826388888888888,0.9506944444444444,2.9200000000000017,11.802,1.0,Main_Floor_E,Deployment_A,none,A_P010
A046,1440,58.89214236111111,60.495,6.380866204659233,49.717,70.846,50.59745,50.8909,51.5695,64.912,66.82730000000001,67.68155,0.5326388888888889,0.2409722222222222,0.0048611111111111,0.0,0.0034722222222222,0.3736111111111111,13.342500000000008,21.129000000000005,1.0,Main_Floor_E,Deployment_A,none,A_P011
A046,1440,58.39488194444445,56.696,6.62691104229006,49.522,70.352,50.413,50.739,51.59675,65.35475,66.77010000000001,67.37509999999999,0.4291666666666666,0.2854166666666666,0.0027777777777777,0.0,0.0111111111111111,0.4201388888888889,13.757999999999996,20.830000000000005,1.0,Main_Floor_E,Deployment_A,none,A_P012
A046,1440,59.36277291666666,58.88,7.1152652352623775,48.451,74.929,50.163,50.5594,51.64475,66.16775000000001,68.2934,69.2867,0.4673611111111111,0.3402777777777778,0.0326388888888888,0.0,0.0375,0.3715277777777778,14.52300000000001,26.478,1.0,Main_Floor_E,Deployment_A,none,A_P013
A046,1440,60.28408125,58.873,6.981713988346671,49.409,73.022,51.543,51.978,52.85475,67.25375,69.495,70.176,0.4520833333333333,0.36875,0.0673611111111111,0.0,0.0041666666666666,0.3548611111111111,14.399,23.613000000000007,1.0,Main_Floor_E,Deployment_A,none,A_P014
A046,1440,58.75379930555556,57.738,7.24228621921476,45.511,73.505,48.97555,49.7928,52.33725,66.09075,68.1863,69.20074999999999,0.4479166666666667,0.3090277777777778,0.0236111111111111,0.0,0.1145833333333333,0.4270833333333333,13.753500000000004,27.993999999999996,1.0,Main_Floor_E,Deployment_A,broad_remote_work,A_P015
A046,1440,51.99120277777777,51.566500000000005,1.4814291286560566,45.556,55.967,49.91055,50.3841,50.946,53.38175,54.066,54.39155,0.0,0.0,0.0,0.0,0.0527777777777777,0.9944444444444444,2.435750000000006,10.411,1.0,Main_Floor_E,Deployment_A,broad_remote_work,A_P016
A046,1440,51.86032847222223,51.306,1.667828778696122,49.055,60.495,49.946,50.217,50.696,52.63175,54.8161,55.207,0.0006944444444444,0.0,0.0,0.0,0.0625,0.9243055555555556,1.9357500000000056,11.439999999999998,1.0,Main_Floor_E,Deployment_A,none,A_P017
A046,1440,51.827127777777775,51.8525,1.180752694086573,48.13,58.11,50.033,50.3076,50.913,52.682,53.196,53.50055,0.0,0.0,0.0,0.0,0.0465277777777777,0.9895833333333334,1.7690000000000057,9.979999999999997,1.0,Main_Floor_E,Deployment_A,none,A_P018
A046,1440,52.75091527777778,53.022,1.4524978704630715,49.989,58.446,50.65865,50.8781,51.435,53.8245,54.4786,54.935,0.0,0.0,0.0,0.0,0.0006944444444444,0.9555555555555556,2.389499999999998,8.457,1.0,Main_Floor_E,Deployment_A,none,A_P019
A046,1440,52.08735138888888,51.659,1.3382163328763053,49.467,60.78,50.510450000000006,50.75,51.154,52.967,53.7693,54.3861,0.0006944444444444,0.0,0.0,0.0,0.0076388888888888,0.96875,1.8129999999999955,11.313000000000002,1.0,Main_Floor_E,Deployment_A,none,A_P020
A046,1440,57.65311597222222,57.8195,5.51625486638905,50.076,69.0,51.04395,51.413,52.19375,62.91775,64.936,65.75055,0.4201388888888889,0.0972222222222222,0.0,0.0,0.0,0.4666666666666667,10.724000000000004,18.924,1.0,Main_Floor_E,Deployment_A,none,A_P021
A046,1440,58.43996944444444,59.3535,6.003062410308079,49.5,69.283,50.87,51.3904,52.52875,64.356,66.10010000000001,66.83745,0.4819444444444444,0.2083333333333333,0.0,0.0,0.0034722222222222,0.4493055555555555,11.827249999999992,19.783,1.0,Main_Floor_E,Deployment_A,none,A_P022
A046,1440,51.39364722222222,50.837,1.7798262337567947,47.717,57.261,49.4837,49.7738,50.337,51.565,54.7728,55.1205,0.0,0.0,0.0,0.0,0.1472222222222222,0.9326388888888888,1.2279999999999944,9.544000000000004,1.0,Main_Floor_E,Deployment_A,none,A_P023
A046,1440,51.42178125,50.761,1.9928927620098549,47.266,61.198,48.91195,49.2166,49.967,53.704,54.293,54.478,0.0013888888888888,0.0,0.0,0.0,0.2576388888888888,0.9881944444444444,3.737000000000002,13.932000000000002,1.0,Main_Floor_E,Deployment_A,none,A_P024
A046,1440,59.001977777777775,58.848,6.794546119266855,49.154,71.848,50.108450000000005,50.543,51.935,65.88,67.7116,68.6638,0.4652777777777778,0.3083333333333333,0.0069444444444444,0.0,0.0423611111111111,0.4034722222222222,13.944999999999991,22.694,1.0,Main_Floor_E,Deployment_A,none,A_P025
A046,1440,60.07647986111111,60.375,6.105341370282482,48.235,74.5,51.303450000000005,52.0209,53.505,65.93424999999999,67.4955,68.30565,0.5729166666666666,0.3222222222222222,0.0125,0.0,0.0180555555555555,0.3138888888888889,12.429249999999987,26.265,1.0,Main_Floor_E,Deployment_A,none,A_P026
A046,1440,61.23651875,60.837,6.155487741801429,47.061,75.511,52.7823,53.196,55.56375,67.14525,69.0871,69.95915,0.5423611111111111,0.3854166666666667,0.05,0.0,0.0006944444444444,0.2090277777777777,11.581500000000004,28.45,1.0,Main_Floor_E,Deployment_A,none,A_P027
A046,1439,59.846343988881166,59.292,6.2360040115841295,49.0,70.925,51.4232,51.7228,53.3115,66.0055,67.8432,68.55460000000001,0.4683808200138985,0.3210562890896455,0.0062543432939541,0.0,0.0013898540653231,0.3363446838082001,12.694000000000004,21.925,0.9993055555555556,Main_Floor_E,Deployment_A,none,A_P028
A046,1440,59.22921805555555,60.174,6.544982836741352,49.609,71.826,50.6668,51.12,52.167,65.5135,67.2988,68.40785,0.5159722222222223,0.2909722222222222,0.0097222222222222,0.0,0.0083333333333333,0.4215277777777778,13.346499999999992,22.21699999999999,1.0,Main_Floor_E,Deployment_A,none,A_P029
A046,1440,51.46449097222222,51.481,0.7359087634001101,49.467,55.641,50.2925,50.5425,51.054,51.8355,52.1989,52.5003,0.0,0.0,0.0,0.0,0.0208333333333333,0.9972222222222222,0.7815000000000012,6.174,1.0,Main_Floor_E,Deployment_A,none,A_P030
A046,805,52.08402360248448,52.446,1.1787105351025071,49.717,55.696,50.4802,50.6438,50.957,53.0,53.391,53.748,0.0,0.0,0.0,0.0,0.0024844720496894,0.9900621118012424,2.0429999999999997,5.978999999999999,0.5590277777777778,Main_Floor_E,Deployment_A,none,A_P031
A047,1114,55.66192818671454,54.7105,2.7786737229853817,52.11,62.924,52.543,52.674,53.054,59.0625,59.7357,60.22905,0.0736086175942549,0.0,0.0,0.0,0.0,0.5439856373429084,6.008499999999998,10.814,0.7736111111111111,Main_Floor_E,Deployment_A,none,A_P002
A047,316,53.5165,53.4975,0.5263492563712188,52.533,54.948,52.772,52.8205,53.08425,53.95825,54.239,54.371,0.0,0.0,0.0,0.0,0.0,1.0,0.8739999999999952,2.414999999999999,0.2194444444444444,Main_Floor_E,Deployment_A,none,A_P003
A047,1136,64.7540448943662,67.4945,6.806950611410158,53.957,75.945,55.44325,55.859,56.4115,70.56,72.4015,73.396,0.6461267605633803,0.5897887323943662,0.301056338028169,0.0,0.0,0.0105633802816901,14.148500000000006,21.987999999999992,0.7888888888888889,Main_Floor_E,Deployment_A,none,A_P004
A047,1440,63.48664791666667,64.5735,7.03295205310704,52.615,75.576,53.9555,54.2527,55.139,70.1875,71.868,72.703,0.6583333333333333,0.4638888888888889,0.2652777777777778,0.0,0.0,0.2125,15.048500000000004,22.96099999999999,1.0,Main_Floor_E,Deployment_A,none,A_P005
A047,1440,62.68124374999999,64.598,8.23765775657231,51.136,76.879,52.2968,52.5594,53.32625,70.55175,72.2552,72.97855,0.5923611111111111,0.4708333333333333,0.2979166666666666,0.0,0.0,0.3833333333333333,17.225499999999997,25.743,1.0,Main_Floor_E,Deployment_A,none,A_P006
A047,1440,62.408750000000005,64.185,7.2009385396131504,51.761,74.527,52.303450000000005,52.457,53.31225,68.967,70.407,71.08855,0.6631944444444444,0.4506944444444444,0.1354166666666666,0.0,0.0,0.3166666666666666,15.65475,22.766,1.0,Main_Floor_E,Deployment_A,none,A_P007
A047,1440,54.16310138888888,54.1365,1.0160136067981098,48.815,58.923,52.511,52.8148,53.663,54.5445,55.13,56.54395,0.0,0.0,0.0,0.0,0.0006944444444444,0.8868055555555555,0.8815000000000026,10.108000000000004,1.0,Main_Floor_E,Deployment_A,low_attendance,A_P008
A047,1440,53.93359305555556,54.022,0.5578302086808102,50.967,55.739,52.846,53.13,53.62,54.337,54.576,54.696,0.0,0.0,0.0,0.0,0.0,0.9972222222222222,0.7170000000000059,4.771999999999999,1.0,Main_Floor_E,Deployment_A,low_attendance,A_P009
A047,1440,55.24300625,54.909,2.3606164942153267,51.946,65.901,53.054,53.538,54.261,55.33975,55.891,62.49049999999999,0.0590277777777777,0.0069444444444444,0.0,0.0,0.0,0.55625,1.0787499999999994,13.954999999999998,1.0,Main_Floor_E,Deployment_A,none,A_P010
A047,1440,63.67194513888889,65.163,6.3795739895516,54.217,74.912,54.86945,55.075,55.69325,69.313,70.8592,71.60425,0.6569444444444444,0.5451388888888888,0.1826388888888888,0.0,0.0,0.0798611111111111,13.619750000000003,20.695000000000007,1.0,Main_Floor_E,Deployment_A,none,A_P011
A047,1440,62.69604305555556,62.099,6.866171351591528,51.902,75.033,54.47695,54.75,55.228,69.43175,71.3008,72.26455,0.6118055555555556,0.4284722222222222,0.2013888888888889,0.0,0.0,0.1944444444444444,14.203749999999992,23.131,1.0,Main_Floor_E,Deployment_A,none,A_P012
A047,1440,62.730678472222216,64.03800000000001,7.780626506076195,51.826,76.656,52.429,52.9559,54.36525,70.27350000000001,72.28710000000001,73.1441,0.5444444444444444,0.4694444444444444,0.2680555555555555,0.0,0.0,0.3145833333333333,15.90825000000001,24.830000000000005,1.0,Main_Floor_E,Deployment_A,none,A_P013
A047,1440,63.17273055555556,62.88,7.468604656185349,51.707,75.543,52.48875,53.6882,54.478,70.4235,72.034,72.80365,0.6583333333333333,0.46875,0.2895833333333333,0.0,0.0,0.3069444444444444,15.945500000000004,23.83600000000001,1.0,Main_Floor_E,Deployment_A,none,A_P014
A047,1440,62.02950486111111,60.5105,8.552760279272105,50.385,76.747,51.13,51.413,52.874,70.7415,72.769,73.6381,0.5354166666666667,0.4472222222222222,0.3013888888888889,0.0,0.0,0.3395833333333333,17.867500000000007,26.362,1.0,Main_Floor_E,Deployment_A,broad_remote_work,A_P015
A047,1440,53.40197083333334,53.285,0.8798280009018585,50.446,61.121,52.163,52.3886,52.79975,54.044,54.462900000000005,54.79335,0.0006944444444444,0.0,0.0,0.0,0.0,0.96875,1.244249999999994,10.675000000000004,1.0,Main_Floor_E,Deployment_A,broad_remote_work,A_P016
A047,1440,54.221356944444445,54.043,1.4173999732527398,50.402,59.033,52.286,52.538,53.1275,54.8465,56.5436,56.87905,0.0,0.0,0.0,0.0,0.0,0.7708333333333334,1.7190000000000012,8.631,1.0,Main_Floor_E,Deployment_A,none,A_P017
A047,1440,54.33469791666666,54.312,0.8433454804762632,52.478,59.868,52.891,53.1529,53.967,54.791,55.2612,55.5228,0.0,0.0,0.0,0.0,0.0,0.8305555555555556,0.8239999999999981,7.390000000000001,1.0,Main_Floor_E,Deployment_A,none,A_P018
A047,1440,55.482308333333336,56.185,1.5295353791575108,51.868,60.714,52.696,53.592400000000005,54.174,56.692,57.0596,57.326,0.0027777777777777,0.0,0.0,0.0,0.0,0.4208333333333333,2.5180000000000007,8.845999999999997,1.0,Main_Floor_E,Deployment_A,none,A_P019
A047,1440,54.86856944444445,54.446,1.3297696877859146,51.75,62.87,53.174,53.7023,54.076,55.85075,56.4791,57.02255,0.0048611111111111,0.0,0.0,0.0,0.0,0.6826388888888889,1.7747499999999974,11.119999999999996,1.0,Main_Floor_E,Deployment_A,none,A_P020
A047,103,54.3994854368932,54.385,0.3098605905405675,53.772,55.065,53.913,54.013200000000005,54.163,54.6305,54.815,54.889,0.0,0.0,0.0,0.0,0.0,0.9611650485436892,0.4675000000000011,1.2929999999999993,0.0715277777777777,Main_Floor_E,Deployment_A,none,A_P021
A047,1349,63.08916753150481,65.12,6.514512874550488,52.054,73.879,54.0444,54.2808,56.172,69.12,70.7038,71.368,0.5893254262416605,0.5159377316530763,0.1682727946627131,0.0,0.0,0.173461823573017,12.948000000000008,21.825000000000003,0.9368055555555556,Main_Floor_E,Deployment_A,none,A_P022
A047,1440,55.19550486111111,54.641,1.39960995856435,53.315,62.598,54.043,54.165,54.359,55.293,57.565,57.935,0.0125,0.0,0.0,0.0,0.0,0.6604166666666667,0.9339999999999976,9.283,1.0,Main_Floor_E,Deployment_A,none,A_P023
A047,1440,54.77609236111111,54.326,1.4562968416899094,51.659,65.315,52.511,53.1839,54.0,56.2225,56.8022,57.033,0.0034722222222222,0.0006944444444444,0.0,0.0,0.0,0.6881944444444444,2.2224999999999966,13.656,1.0,Main_Floor_E,Deployment_A,none,A_P024
A047,1440,63.20080763888889,64.989,7.05986697099668,53.891,74.417,54.272,54.37,54.66025,69.92325,71.5605,72.22135,0.6236111111111111,0.4986111111111111,0.2444444444444444,0.0,0.0,0.2958333333333333,15.262999999999998,20.526000000000003,1.0,Main_Floor_E,Deployment_A,none,A_P025
A047,1440,63.61001180555556,64.481,6.346928019943198,51.761,75.196,53.967,54.283,55.455,69.185,70.9471,71.7835,0.7090277777777778,0.4409722222222222,0.1791666666666666,0.0,0.0,0.1826388888888888,13.730000000000004,23.434999999999995,1.0,Main_Floor_E,Deployment_A,none,A_P026
A047,1440,63.27755902777778,64.446,7.349677741607295,52.37,79.033,53.641,54.1729,55.281,70.30775,72.39210000000001,73.272,0.5944444444444444,0.4631944444444444,0.2701388888888889,0.0,0.0,0.1694444444444444,15.02675,26.663000000000004,1.0,Main_Floor_E,Deployment_A,none,A_P027
A047,1440,63.19788194444444,64.73750000000001,7.198016084768673,51.791,75.978,52.533,53.011,55.83425,70.03475,71.6156,72.77415,0.5763888888888888,0.4645833333333333,0.2527777777777777,0.0,0.0,0.1743055555555555,14.200499999999998,24.187,1.0,Main_Floor_E,Deployment_A,none,A_P028
A047,1438,62.65164186369958,64.86,7.620470235490237,50.304,75.196,52.891,53.2642,54.68625,70.1575,71.74029999999999,72.48129999999999,0.5709318497913769,0.4631432545201669,0.2670375521557719,0.0,0.0,0.3331015299026426,15.471249999999998,24.892,0.9986111111111112,Main_Floor_E,Deployment_A,none,A_P029
A047,1440,54.51402569444444,54.717,0.7571806397614427,52.239,59.824,52.837,53.1648,54.23725,54.976,55.163,55.29375,0.0,0.0,0.0,0.0,0.0,0.775,0.7387500000000031,7.585000000000001,1.0,Main_Floor_E,Deployment_A,none,A_P030
A047,805,55.23188447204969,55.315,1.0136608732657642,53.446,58.644,53.902,53.9934,54.25,56.047,56.315,56.7268,0.0,0.0,0.0,0.0,0.0,0.4273291925465838,1.796999999999997,5.198,0.5590277777777778,Main_Floor_E,Deployment_A,none,A_P031
A048,560,56.49283928571429,52.9425,5.497583896949582,50.12,69.704,51.51495,51.9748,52.391,62.176,64.8999,66.32145,0.325,0.0982142857142857,0.0,0.0,0.0,0.6267857142857143,9.785000000000004,19.584,0.3888888888888889,Main_Floor_E,Deployment_A,none,A_P001
A048,1440,55.70374652777778,54.7525,4.022150826616504,49.593,68.264,51.08795,51.3579,52.22525,59.67025,61.4532,62.4746,0.2388888888888889,0.0125,0.0,0.0,0.0006944444444444,0.5208333333333334,7.444999999999993,18.670999999999992,1.0,Main_Floor_E,Deployment_A,none,A_P002
A048,1440,59.00913472222222,60.913,4.794723357355191,48.804,69.835,50.967,51.4274,53.30125,62.187,63.8031,64.78,0.6479166666666667,0.0465277777777777,0.0,0.0,0.0104166666666666,0.2826388888888889,8.885749999999994,21.03099999999999,1.0,Main_Floor_E,Deployment_A,none,A_P003
A048,1440,60.6831625,61.896,6.978022680894377,49.581,72.44,51.703,52.2554,53.16025,67.4975,69.2211,70.01155,0.5652777777777778,0.3923611111111111,0.0513888888888888,0.0,0.0013888888888888,0.3819444444444444,14.337250000000004,22.858999999999995,1.0,Main_Floor_E,Deployment_A,none,A_P004
A048,1440,61.27846527777778,62.0275,6.121100028102833,50.868,72.758,52.20655,52.7462,55.8775,67.09,68.824,69.5941,0.5527777777777778,0.3861111111111111,0.0354166666666666,0.0,0.0,0.1965277777777777,11.212500000000006,21.889999999999997,1.0,Main_Floor_E,Deployment_A,none,A_P005
A048,1439,60.83945934676859,63.505,7.823567126288042,48.043,75.571,50.162,50.894200000000005,52.62,68.1925,69.857,70.6327,0.5788742182070883,0.4510076441973593,0.0917303683113273,0.0,0.0389159138290479,0.3954134815844336,15.572499999999998,27.528,0.9993055555555556,Main_Floor_E,Deployment_A,none,A_P006
A048,1440,60.60674375,61.1465,6.2747789182455325,49.681,74.278,51.15185,51.913,54.222750000000005,66.538,68.21010000000001,69.2541,0.5611111111111111,0.3618055555555555,0.0229166666666666,0.0,0.0020833333333333,0.2638888888888889,12.315249999999992,24.59700000000001,1.0,Main_Floor_E,Deployment_A,none,A_P007
A048,1440,54.12894444444444,53.6345,2.302432204275602,50.174,64.121,51.75705,52.055,52.714,54.4845,56.9791,60.83565,0.0569444444444444,0.0,0.0,0.0,0.0,0.8083333333333333,1.7704999999999984,13.946999999999996,1.0,Main_Floor_E,Deployment_A,low_attendance,A_P008
A048,1440,52.88799305555556,52.836,0.9013136972063378,50.352,55.011,51.5,51.7167,52.154,53.62,54.098,54.3372,0.0,0.0,0.0,0.0,0.0,0.9993055555555556,1.465999999999994,4.659000000000006,1.0,Main_Floor_E,Deployment_A,low_attendance,A_P009
A048,1440,54.399763194444446,52.87,3.188027036018217,50.133,62.5,51.28235,51.6085,52.1065,55.79525,60.804,61.231,0.1173611111111111,0.0,0.0,0.0,0.0,0.6597222222222222,3.688749999999999,12.366999999999996,1.0,Main_Floor_E,Deployment_A,none,A_P010
A048,1440,62.06265069444445,62.695,7.121458903583394,50.341,74.0,51.70645,52.3249,53.85475,68.87925,70.3491,71.0341,0.6576388888888889,0.4229166666666666,0.1291666666666666,0.0,0.0,0.3180555555555555,15.024500000000003,23.659,1.0,Main_Floor_E,Deployment_A,none,A_P011
A048,1440,59.9161375,58.978,6.103919400044022,49.804,71.659,52.272,52.9009,53.66825,66.16775000000001,67.49600000000001,68.1904,0.4680555555555555,0.3631944444444444,0.0048611111111111,0.0,0.0020833333333333,0.3618055555555555,12.499500000000012,21.855000000000004,1.0,Main_Floor_E,Deployment_A,none,A_P012
A048,1440,60.29560694444445,60.8575,7.493507290993594,49.707,77.778,51.21985,51.63,52.3785,67.68599999999999,69.703,70.69705,0.5208333333333334,0.3972222222222222,0.0868055555555555,0.0,0.0055555555555555,0.3798611111111111,15.30749999999999,28.071000000000005,1.0,Main_Floor_E,Deployment_A,none,A_P013
A048,1440,61.02571319444444,60.1205,6.877540542231727,51.181,72.956,51.902,52.2124,53.281,67.77924999999999,69.7382,70.495,0.5118055555555555,0.4069444444444444,0.08125,0.0,0.0,0.3277777777777778,14.498249999999992,21.77500000000001,1.0,Main_Floor_E,Deployment_A,none,A_P014
A048,1440,59.48966805555556,58.3605,7.502625553928015,47.841,77.385,49.6957,50.293,52.772,67.19675,69.1521,70.1005,0.4506944444444444,0.375,0.0576388888888888,0.0,0.0770833333333333,0.4388888888888889,14.424749999999996,29.544000000000004,1.0,Main_Floor_E,Deployment_A,broad_remote_work,A_P015
A048,1440,52.12770208333333,51.317,1.8059803951773536,46.871,58.663,49.95645,50.2819,50.707,53.804,54.63,55.10955,0.0,0.0,0.0,0.0,0.0583333333333333,0.9395833333333332,3.0970000000000013,11.791999999999994,1.0,Main_Floor_E,Deployment_A,broad_remote_work,A_P016
A048,1440,53.27791041666667,52.208,3.39210958849359,49.217,64.505,50.143,50.38,50.95425,53.51225,60.352,60.78325,0.15,0.0,0.0,0.0,0.025,0.8340277777777778,2.558,15.287999999999997,1.0,Main_Floor_E,Deployment_A,none,A_P017
A048,1440,52.22229166666667,52.043,1.7321356076754926,49.324,67.22,50.261,50.527,51.27,52.69775,53.7302,54.92645,0.0090277777777777,0.0013888888888888,0.0,0.0,0.0159722222222222,0.95,1.4277500000000032,17.896,1.0,Main_Floor_E,Deployment_A,none,A_P018
A048,1440,57.19766527777778,60.359,4.6312271357545365,49.522,68.703,50.2716,50.63,52.239,60.946,61.5771,62.5729,0.5541666666666667,0.0048611111111111,0.0,0.0,0.0131944444444444,0.4277777777777777,8.707,19.181000000000004,1.0,Main_Floor_E,Deployment_A,none,A_P019
A048,1440,54.88553819444444,53.0275,4.437692034380917,49.413,71.791,50.087,50.2747,50.978,60.076,60.776300000000006,61.80255,0.2770833333333333,0.0125,0.0013888888888888,0.0,0.0291666666666666,0.6638888888888889,9.098,22.378,1.0,Main_Floor_E,Deployment_A,none,A_P020
A048,1440,59.411072222222224,60.6415,6.618789997020778,49.804,72.348,50.8369,51.379000000000005,52.81225,66.0,67.70769999999999,68.25015,0.5138888888888888,0.3430555555555555,0.0048611111111111,0.0,0.0013888888888888,0.4111111111111111,13.18775,22.544,1.0,Main_Floor_E,Deployment_A,none,A_P021
A048,1440,60.10709375,61.454,6.5853722479778085,50.609,72.308,51.5927,52.0,53.35525,66.424,68.261,69.14155000000001,0.53125,0.3604166666666666,0.025,0.0,0.0,0.3875,13.068750000000009,21.699000000000005,1.0,Main_Floor_E,Deployment_A,none,A_P022
A048,1440,53.69770694444445,52.5,3.3339482033895456,49.144,61.978,50.7379,51.0756,51.78,53.457,60.708,61.109,0.1638888888888889,0.0,0.0,0.0,0.0041666666666666,0.8222222222222222,1.6769999999999996,12.834000000000003,1.0,Main_Floor_E,Deployment_A,none,A_P023
A048,1440,54.199727777777774,51.63,4.4195611287474925,48.707,64.319,50.30375,50.6556,51.12,60.52325,60.935,61.26155,0.29375,0.0,0.0,0.0,0.0305555555555555,0.6958333333333333,9.40325,15.612000000000002,1.0,Main_Floor_E,Deployment_A,none,A_P024
A048,1440,61.85234444444445,64.612,6.726426205679728,50.598,73.945,52.28585,52.848,54.576,68.099,69.522,70.17435,0.575,0.4638888888888889,0.0590277777777777,0.0,0.0,0.2590277777777778,13.523000000000003,23.346999999999998,1.0,Main_Floor_E,Deployment_A,none,A_P025
A048,1440,61.09560555555556,61.815,6.409959048824973,50.328,78.076,52.446,52.739,53.73625,67.25,68.946,69.826,0.5979166666666667,0.36875,0.04375,0.0,0.0,0.3006944444444444,13.513750000000002,27.74799999999999,1.0,Main_Floor_E,Deployment_A,none,A_P026
A048,1440,62.14782013888889,62.3125,7.018195675397105,51.327,79.5,52.32545,53.3128,54.46075,68.79525000000001,70.9154,72.033,0.6347222222222222,0.4041666666666667,0.1770833333333333,0.0,0.0,0.2840277777777777,14.334500000000006,28.173,1.0,Main_Floor_E,Deployment_A,none,A_P027
A048,1440,61.15925277777777,61.739,6.422190503379806,51.253,73.126,52.59745,53.1841,54.391,66.96674999999999,69.71900000000001,70.54355000000001,0.5680555555555555,0.3798611111111111,0.0798611111111111,0.0,0.0,0.2930555555555555,12.575749999999992,21.873000000000005,1.0,Main_Floor_E,Deployment_A,none,A_P028
A048,1440,60.87875555555555,61.728,6.459064118398582,51.924,72.739,52.8632,53.3145,54.11975,67.29875,68.91210000000001,69.57685,0.5673611111111111,0.3881944444444444,0.03125,0.0,0.0,0.3972222222222222,13.179000000000002,20.815000000000005,1.0,Main_Floor_E,Deployment_A,none,A_P029
A048,1440,52.70400416666667,52.772,0.9729684481495324,50.402,57.109,51.13,51.348,52.043,53.242,53.9234,54.261,0.0,0.0,0.0,0.0,0.0,0.9833333333333332,1.198999999999998,6.707000000000001,1.0,Main_Floor_E,Deployment_A,none,A_P030
A048,805,54.82251677018633,56.648,2.93083003606113,50.424,60.775,50.935,51.065,51.533,57.5,57.9956,58.2484,0.0024844720496894,0.0,0.0,0.0,0.0,0.4732919254658385,5.966999999999999,10.351,0.5590277777777778,Main_Floor_E,Deployment_A,none,A_P031
A049,560,60.89865,56.2475,6.74012047547899,55.187,77.187,55.58145,55.67,55.87625,67.54249999999999,71.7481,72.93360000000001,0.3732142857142857,0.3125,0.1857142857142857,0.0,0.0,0.0,11.666249999999993,22.0,0.3888888888888889,Main_Floor_E,Deployment_A,none,A_P001
A049,1440,59.37409791666667,57.297,4.933383985856624,53.922,72.857,54.51545,54.758,55.505,62.341,67.518,68.09905,0.3097222222222222,0.2270833333333333,0.0083333333333333,0.0,0.0,0.1534722222222222,6.835999999999999,18.935,1.0,Main_Floor_E,Deployment_A,none,A_P002
A049,1440,62.59548680555556,63.2875,5.59404993698953,53.396,73.736,54.04345,54.33,55.38775,67.57374999999999,68.582,69.374,0.6895833333333333,0.4236111111111111,0.0263888888888888,0.0,0.0,0.2284722222222222,12.185999999999993,20.340000000000003,1.0,Main_Floor_E,Deployment_A,none,A_P003
A049,1440,65.96787777777779,68.32050000000001,8.218095624231495,54.315,78.681,55.3296,55.7569,57.48125,73.912,75.6491,76.45179999999999,0.5777777777777777,0.56875,0.4166666666666667,0.0,0.0,0.0229166666666666,16.430750000000003,24.366,1.0,Main_Floor_E,Deployment_A,none,A_P004
A049,1440,66.45527013888888,67.3925,7.547329643686108,55.099,80.934,55.822,56.1639,58.28325,73.945,75.73710000000001,76.52755,0.6777777777777778,0.5631944444444444,0.4090277777777777,0.0,0.0,0.0,15.66174999999999,25.835,1.0,Main_Floor_E,Deployment_A,none,A_P005
A049,1440,66.31174236111111,66.77449999999999,8.667241998021606,52.761,80.418,55.045,55.6579,57.39325,74.99175,76.8691,77.5611,0.6020833333333333,0.5916666666666667,0.4277777777777777,0.0,0.0,0.0472222222222222,17.598499999999994,27.657000000000004,1.0,Main_Floor_E,Deployment_A,none,A_P006
A049,1440,66.26181041666666,66.802,7.308820842793504,54.835,78.967,55.791,56.11,57.42625,73.09075,74.8251,75.63865,0.6916666666666667,0.6513888888888889,0.4152777777777778,0.0,0.0,0.0006944444444444,15.664499999999997,24.132,1.0,Main_Floor_E,Deployment_A,none,A_P007
A049,1440,56.23362986111111,55.495,1.9971166967823848,53.703,65.692,54.615,54.769,55.044,56.725,58.176,62.34155,0.0673611111111111,0.0006944444444444,0.0,0.0,0.0,0.2194444444444444,1.6810000000000045,11.98899999999999,1.0,Main_Floor_E,Deployment_A,low_attendance,A_P008
A049,1440,54.9065625,54.912,0.5121345771757593,53.418,57.154,54.033,54.242,54.57975,55.233,55.5386,55.72555,0.0,0.0,0.0,0.0,0.0,0.5729166666666666,0.6532499999999928,3.736000000000004,1.0,Main_Floor_E,Deployment_A,low_attendance,A_P009
A049,1440,59.21142777777778,58.363,2.6836375561267323,54.132,69.582,56.58145,57.2288,57.868,59.73875,63.066,64.78054999999999,0.19375,0.05,0.0,0.0,0.0,0.0305555555555555,1.870749999999994,15.449999999999996,1.0,Main_Floor_E,Deployment_A,none,A_P010
A049,1439,68.11901667824878,70.119,7.559385599523361,56.066,81.544,57.3619,57.8548,59.736,75.3245,77.02640000000001,77.9153,0.7220291869353718,0.6038915913829048,0.5066018068102849,0.0,0.0,0.0,15.588500000000003,25.477999999999994,0.9993055555555556,Main_Floor_E,Deployment_A,none,A_P011
A049,1440,66.54102430555555,65.538,7.138876959044693,54.89,80.689,57.757450000000006,58.3069,59.418,73.84875,75.5831,76.297,0.68125,0.5277777777777778,0.4145833333333333,0.0,0.0,0.0006944444444444,14.430749999999996,25.798999999999992,1.0,Main_Floor_E,Deployment_A,none,A_P012
A049,1440,66.86111736111111,67.8725,8.285245121595617,54.703,82.729,56.4499,57.055,58.297,74.83775,77.4373,78.37825,0.6416666666666667,0.5270833333333333,0.4347222222222222,0.0,0.0,0.0041666666666666,16.540750000000003,28.026,1.0,Main_Floor_E,Deployment_A,none,A_P013
A049,1440,68.09345902777778,66.876,7.459489081259396,56.49,81.824,58.46675,58.8233,59.57925,75.659,77.495,78.26509999999999,0.7118055555555556,0.6465277777777778,0.4340277777777778,0.0,0.0,0.0,16.079750000000004,25.334,1.0,Main_Floor_E,Deployment_A,none,A_P014
A049,1440,66.59012361111111,64.8955,8.049051514700801,54.714,82.527,56.3361,56.956,59.132,74.94925,77.07610000000001,78.066,0.6645833333333333,0.4958333333333333,0.4034722222222222,0.0,0.0,0.0055555555555555,15.817250000000008,27.813,1.0,Main_Floor_E,Deployment_A,broad_remote_work,A_P015
A049,1440,57.63507777777778,57.5325,1.1012939484387858,54.112,63.571,55.95455,56.2777,56.934,58.356750000000005,59.0431,59.418,0.0208333333333333,0.0,0.0,0.0,0.0,0.0034722222222222,1.4227500000000075,9.458999999999996,1.0,Main_Floor_E,Deployment_A,broad_remote_work,A_P016
A049,1440,57.99378819444444,57.164,2.401397253447826,54.901,67.989,55.59245000000001,55.945,56.637,58.077,63.056,63.33,0.1625,0.0034722222222222,0.0,0.0,0.0,0.0027777777777777,1.4399999999999975,13.088,1.0,Main_Floor_E,Deployment_A,none,A_P017
A049,1440,57.00770138888889,56.9175,1.3957416841668535,54.407,68.604,55.3289,55.5485,56.18425,57.396,58.325500000000005,59.155,0.0354166666666666,0.0027777777777777,0.0,0.0,0.0,0.0152777777777777,1.211750000000002,14.197000000000005,1.0,Main_Floor_E,Deployment_A,none,A_P018
A049,1440,60.01625902777778,61.9835,3.4283577611470704,54.297,70.725,55.1095,55.418,56.549,62.582,63.538,64.64515,0.5618055555555556,0.0402777777777777,0.0006944444444444,0.0,0.0,0.0402777777777777,6.033000000000001,16.427999999999997,1.0,Main_Floor_E,Deployment_A,none,A_P019
A049,1440,58.488359027777776,57.3095,3.147935580993773,54.292,74.473,54.95555,55.165,55.745,61.822500000000005,62.2981,63.46255,0.3333333333333333,0.025,0.0027777777777777,0.0,0.0,0.0583333333333333,6.077500000000008,20.181,1.0,Main_Floor_E,Deployment_A,none,A_P020
A049,1440,65.3182875,66.549,7.284306434192858,54.924,79.554,55.6738,56.8238,57.77125,72.576,74.2783,75.2094,0.6284722222222222,0.51875,0.3909722222222222,0.0,0.0,0.0034722222222222,14.80475,24.630000000000003,1.0,Main_Floor_E,Deployment_A,none,A_P021
A049,1440,66.58135208333333,67.9025,6.965675174218664,55.043,78.957,56.957,57.293,58.43275,73.1085,74.902,75.88329999999999,0.6868055555555556,0.5611111111111111,0.4180555555555555,0.0,0.0,0.0,14.675750000000008,23.913999999999994,1.0,Main_Floor_E,Deployment_A,none,A_P022
A049,1440,58.19292847222222,57.375,2.638799765549387,54.167,67.935,55.6018,55.900000000000006,56.5405,58.29325,63.196,63.5228,0.1756944444444444,0.0166666666666666,0.0,0.0,0.0,0.0173611111111111,1.752749999999999,13.768,1.0,Main_Floor_E,Deployment_A,none,A_P023
A049,1440,58.19429930555555,56.4435,3.2508371982042057,53.4,68.435,54.82685,55.398,55.9345,62.50125,63.0981,63.46785,0.2965277777777778,0.00625,0.0,0.0,0.0,0.0638888888888888,6.566749999999999,15.035000000000004,1.0,Main_Floor_E,Deployment_A,none,A_P024
A049,1440,68.22650208333333,69.268,8.060079856807844,55.272,81.967,57.8689,58.4339,59.522,76.26599999999999,78.17880000000001,78.79105,0.7069444444444445,0.5701388888888889,0.45,0.0,0.0,0.0,16.743999999999993,26.695,1.0,Main_Floor_E,Deployment_A,none,A_P025
A049,1440,68.26014444444444,68.508,7.542847045080953,57.207,81.946,58.12895,58.467400000000005,59.34625,75.5325,77.9264,78.9034,0.725,0.6284722222222222,0.41875,0.0,0.0,0.0,16.18625,24.739,1.0,Main_Floor_E,Deployment_A,none,A_P026
A049,1440,67.7880125,68.2775,7.568424739906197,55.484,84.935,57.924,58.2712,60.215,75.272,77.3669,78.42455000000001,0.7805555555555556,0.5430555555555555,0.4277777777777777,0.0,0.0,0.0,15.057000000000002,29.451,1.0,Main_Floor_E,Deployment_A,none,A_P027
A049,1440,67.40154166666667,67.71199999999999,6.941657543358806,55.154,79.184,57.31445,57.6824,58.717,73.772,75.5788,76.43405,0.7152777777777778,0.6972222222222222,0.4263888888888889,0.0,0.0,0.0,15.055000000000009,24.029999999999998,1.0,Main_Floor_E,Deployment_A,none,A_P028
A049,1440,66.84928402777777,68.5895,7.795727643427651,56.077,79.761,56.87855,57.2489,58.66825,74.413,76.1989,77.00055,0.5847222222222223,0.5680555555555555,0.4409722222222222,0.0,0.0,0.0,15.744749999999996,23.684,1.0,Main_Floor_E,Deployment_A,none,A_P029
A049,1440,57.05288333333333,57.094,0.7991544264779343,55.261,61.821,55.8259,56.033,56.5315,57.49425,57.859,58.19705,0.0104166666666666,0.0,0.0,0.0,0.0,0.0,0.9627499999999998,6.559999999999995,1.0,Main_Floor_E,Deployment_A,none,A_P030
A049,805,58.39375776397515,59.538,2.169864299171903,55.109,64.315,55.703,55.826,56.152,60.13,60.728,61.5706,0.306832298136646,0.0,0.0,0.0,0.0,0.0,3.9780000000000015,9.205999999999996,0.5590277777777778,Main_Floor_E,Deployment_A,none,A_P031
A050,560,56.53015535714285,53.228,5.1053150559182985,51.033,68.238,51.891,52.1079,52.61875,62.04675,64.20129999999999,65.25315,0.3625,0.0589285714285714,0.0,0.0,0.0,0.625,9.427999999999995,17.205,0.3888888888888889,Main_Floor_E,Deployment_A,none,A_P001
A050,1440,54.601977777777776,53.337,3.102245879420019,49.413,66.813,51.022,51.6945,52.38,56.73,59.5795,60.3419,0.0708333333333333,0.0006944444444444,0.0,0.0,0.0006944444444444,0.6875,4.350000000000001,17.400000000000006,1.0,Main_Floor_E,Deployment_A,none,A_P002
A050,1440,56.4066125,57.9945,3.649833282985592,48.739,65.13,50.467,51.053,53.32425,59.38,60.4361,60.989,0.1513888888888888,0.0006944444444444,0.0,0.0,0.0131944444444444,0.4152777777777778,6.055750000000003,16.391,1.0,Main_Floor_E,Deployment_A,none,A_P003
A050,1440,61.017214583333335,63.602,8.26295408808338,49.326,75.956,50.38855,50.9101,52.1185,68.3725,71.538,73.4574,0.5479166666666667,0.4131944444444444,0.1576388888888888,0.0,0.0180555555555555,0.39375,16.254000000000005,26.630000000000003,1.0,Main_Floor_E,Deployment_A,none,A_P004
A050,1440,62.47491388888889,63.9175,8.890833082928374,49.56,79.659,50.6848,51.1648,52.44325,68.209,77.8473,78.5543,0.6340277777777777,0.4305555555555556,0.1756944444444444,0.0,0.0076388888888888,0.3229166666666667,15.765750000000004,30.099000000000004,1.0,Main_Floor_E,Deployment_A,none,A_P005
A050,1440,66.07808263888889,65.9285,12.181189556550912,50.772,83.571,51.717,51.9825,53.209,80.582,81.363,81.67,0.5979166666666667,0.5236111111111111,0.3715277777777778,0.0,0.0,0.3868055555555555,27.37299999999999,32.799,1.0,Main_Floor_E,Deployment_A,none,A_P006
A050,1440,65.90114375,64.831,12.34446322540238,50.033,84.868,51.087,51.6079,53.37,79.79925,81.044,81.6172,0.5652777777777778,0.4965277777777778,0.3972222222222222,0.0,0.0,0.3465277777777777,26.429250000000003,34.834999999999994,1.0,Main_Floor_E,Deployment_A,none,A_P007
A050,1440,53.00537430555556,52.142,2.5853498230624337,49.217,62.088,50.1189,50.407,51.283,53.5285,57.402,58.23035,0.0020833333333333,0.0,0.0,0.0,0.0381944444444444,0.7618055555555555,2.2455,12.871000000000002,1.0,Main_Floor_E,Deployment_A,low_attendance,A_P008
A050,1440,52.33158680555555,52.792,1.3257471663541616,49.293,56.391,50.076,50.4339,51.0515,53.435,53.804,54.0228,0.0,0.0,0.0,0.0,0.0395833333333333,0.9986111111111112,2.383499999999998,7.097999999999999,1.0,Main_Floor_E,Deployment_A,low_attendance,A_P009
A050,1440,53.96177847222222,53.218,2.781652746661761,49.207,60.5,50.303650000000005,50.7928,51.74725,57.413,57.978,58.27255,0.0034722222222222,0.0,0.0,0.0,0.0263888888888888,0.6986111111111111,5.665749999999996,11.293,1.0,Main_Floor_E,Deployment_A,none,A_P010
A050,1440,61.74834791666667,64.099,6.775804068494805,49.75,74.165,51.293,52.3399,53.72725,67.242,69.41910000000001,70.28655,0.65625,0.4020833333333333,0.0666666666666666,0.0,0.0041666666666666,0.3263888888888889,13.514750000000006,24.415000000000006,1.0,Main_Floor_E,Deployment_A,none,A_P011
A050,1440,61.45554583333334,63.055,6.806012142474668,50.88,74.484,52.022,52.467,53.5315,67.26474999999999,69.39710000000001,70.81465,0.6416666666666667,0.4083333333333333,0.0777777777777777,0.0,0.0,0.3479166666666666,13.733249999999993,23.603999999999992,1.0,Main_Floor_E,Deployment_A,none,A_P012
A050,1440,61.77512986111112,63.7745,7.757815065633829,50.109,81.612,51.2925,51.836000000000006,52.69325,68.14025000000001,70.9564,72.55425,0.6215277777777778,0.4381944444444444,0.1395833333333333,0.0,0.0,0.3625,15.44700000000001,31.502999999999997,1.0,Main_Floor_E,Deployment_A,none,A_P013
A050,1440,70.75285486111112,79.462,12.79550335379207,50.242,81.747,51.42875,52.0339,53.435,80.33075,80.7172,80.9025,0.6694444444444444,0.6631944444444444,0.6631944444444444,0.0,0.0,0.3097222222222222,26.895749999999992,31.505000000000003,1.0,Main_Floor_E,Deployment_A,none,A_P014
A050,1440,66.11541736111111,67.2365,12.79449224025741,49.391,84.275,51.163,51.446,52.588750000000005,79.16775000000001,81.7602,83.01209999999999,0.5597222222222222,0.5354166666666667,0.4284722222222222,0.0,0.0069444444444444,0.4013888888888889,26.579000000000008,34.88400000000001,1.0,Main_Floor_E,Deployment_A,broad_remote_work,A_P015
A050,1440,54.91157777777778,54.0885,2.3480885395652957,50.402,60.163,51.424,51.933,53.308,57.565,57.957,58.2094,0.0013888888888888,0.0,0.0,0.0,0.0,0.6347222222222222,4.256999999999998,9.760999999999996,1.0,Main_Floor_E,Deployment_A,broad_remote_work,A_P016
A050,1440,54.736188194444445,54.4745,2.261752964220489,49.692,63.516,51.44435,51.989,52.989,56.05025,58.326,58.6201,0.00625,0.0,0.0,0.0,0.0048611111111111,0.5993055555555555,3.061250000000001,13.823999999999998,1.0,Main_Floor_E,Deployment_A,none,A_P017
A050,1440,54.69510555555556,55.186,1.7261399222661007,50.098,62.42,51.37,52.053,53.52575,55.913,56.337700000000005,56.739,0.0027777777777777,0.0,0.0,0.0,0.0,0.4625,2.3872499999999945,12.322000000000005,1.0,Main_Floor_E,Deployment_A,none,A_P018
A050,1440,55.2985,55.331500000000005,1.5809219699881183,52.457,63.297,53.054,53.33,53.88,56.652,57.185,57.50055,0.00625,0.0,0.0,0.0,0.0,0.4645833333333333,2.7719999999999985,10.839999999999996,1.0,Main_Floor_E,Deployment_A,none,A_P019
A050,1440,54.58086180555556,54.4725,1.5090586795521508,50.978,65.489,52.2303,52.9459,53.576,55.5235,56.4245,57.00055,0.0020833333333333,0.0013888888888888,0.0,0.0,0.0,0.6493055555555556,1.947499999999998,14.511000000000005,1.0,Main_Floor_E,Deployment_A,none,A_P020
A050,1440,65.00195277777779,59.5165,12.168467719873815,51.478,84.538,53.2165,53.5,54.163,82.685,83.037,83.16720000000001,0.4868055555555555,0.4395833333333333,0.2881944444444444,0.0,0.0,0.3875,28.52200000000001,33.059999999999995,1.0,Main_Floor_E,Deployment_A,none,A_P021
A050,1440,61.27577430555556,63.9565,7.092094496397376,50.522,75.685,52.2467,53.098,53.935,67.924,69.7574,70.96865,0.5305555555555556,0.4368055555555555,0.0902777777777777,0.0,0.0,0.3548611111111111,13.989000000000004,25.163000000000004,1.0,Main_Floor_E,Deployment_A,none,A_P022
A050,1440,55.54899513888889,54.098,4.001544807235424,50.435,65.228,51.99945,52.6406,53.326,54.989,64.13,64.25,0.1673611111111111,0.0020833333333333,0.0,0.0,0.0,0.7534722222222222,1.6629999999999967,14.792999999999992,1.0,Main_Floor_E,Deployment_A,none,A_P023
A050,1440,55.51375486111111,54.6205,2.5251111712178123,50.62,65.554,52.467,52.8249,53.58425,58.48075,59.2538,59.56025,0.0145833333333333,0.0006944444444444,0.0,0.0,0.0,0.5923611111111111,4.896499999999996,14.934000000000005,1.0,Main_Floor_E,Deployment_A,none,A_P024
A050,1440,62.874363888888894,64.717,6.387600379072357,52.467,74.772,53.53245,54.259600000000006,55.2145,68.293,70.2466,71.16355,0.6541666666666667,0.4548611111111111,0.1222222222222222,0.0,0.0,0.2243055555555555,13.078500000000004,22.305000000000007,1.0,Main_Floor_E,Deployment_A,none,A_P025
A050,1440,62.09548888888889,64.337,6.506176318299176,51.692,81.163,52.7165,53.108,54.859,67.35075,69.7181,70.68555,0.6097222222222223,0.3944444444444444,0.0847222222222222,0.0,0.0,0.2597222222222222,12.491750000000003,29.471,1.0,Main_Floor_E,Deployment_A,none,A_P026
A050,1440,61.64194722222222,63.5245,7.517918681912229,50.776,76.272,52.227450000000005,52.7368,53.82,67.85075,72.2351,73.88109999999999,0.5347222222222222,0.4229166666666666,0.1569444444444444,0.0,0.0,0.325,14.030750000000005,25.496,1.0,Main_Floor_E,Deployment_A,none,A_P027
A050,1440,61.44539097222222,63.967,6.723405672780754,50.185,73.489,52.457,52.7489,53.79725,67.3655,69.143,70.14160000000001,0.5888888888888889,0.4173611111111111,0.05625,0.0,0.0,0.35,13.56825,23.304,1.0,Main_Floor_E,Deployment_A,none,A_P028
A050,1440,65.69953472222223,65.5295,10.95430505629367,52.022,83.915,52.8259,53.4104,54.7545,77.763,80.2745,83.00055,0.5791666666666667,0.5048611111111111,0.3680555555555556,0.0,0.0,0.2729166666666666,23.008500000000005,31.893000000000008,1.0,Main_Floor_E,Deployment_A,none,A_P029
A050,1440,54.61006666666667,54.672,1.0489321031665992,52.065,59.903,52.82545,53.2417,54.109,55.1365,55.6334,56.2132,0.0,0.0,0.0,0.0,0.0,0.6958333333333333,1.0274999999999963,7.838000000000001,1.0,Main_Floor_E,Deployment_A,none,A_P030
A050,805,57.597053416149066,59.978,2.9339683577464637,53.783,63.457,54.12,54.2452,54.511,60.242,60.522,60.824,0.4894409937888199,0.0,0.0,0.0,0.0,0.4322981366459627,5.7309999999999945,9.674,0.5590277777777778,Main_Floor_E,Deployment_A,none,A_P031
A051,560,58.05914107142857,53.3335,6.634369468923831,52.163,72.462,52.52645,52.604,52.835,65.12700000000001,67.98129999999999,69.19964999999999,0.3785714285714285,0.2571428571428571,0.0303571428571428,0.0,0.0,0.6160714285714286,12.292000000000009,20.299000000000007,0.3888888888888889,Main_Floor_E,Deployment_A,none,A_P001
A051,1440,54.47800069444444,53.912,1.9910092172729104,51.967,62.593,52.319,52.451,52.857,55.70575,57.538,58.30835,0.00625,0.0,0.0,0.0,0.0,0.7138888888888889,2.8487500000000026,10.626000000000005,1.0,Main_Floor_E,Deployment_A,none,A_P002
A051,1440,55.93087222222223,56.33,2.6175910778938256,51.703,67.11,52.231,52.385,53.264,57.462,58.7581,60.0896,0.0541666666666666,0.0027777777777777,0.0,0.0,0.0,0.3333333333333333,4.198,15.406999999999996,1.0,Main_Floor_E,Deployment_A,none,A_P003
A051,1440,66.4010048611111,66.8295,7.5000408930534865,51.835,81.889,52.624,53.4922,62.44825,72.68825,75.484,77.13385000000001,0.825,0.5611111111111111,0.3888888888888889,0.0,0.0,0.1354166666666666,10.239999999999997,30.053999999999995,1.0,Main_Floor_E,Deployment_A,none,A_P004
A051,1440,64.96041805555555,65.117,8.130329138659777,52.374,80.011,52.945,53.187,57.747,72.505,74.846,76.05555000000001,0.65625,0.5118055555555555,0.3729166666666667,0.0,0.0,0.1993055555555555,14.757999999999996,27.636999999999997,1.0,Main_Floor_E,Deployment_A,none,A_P005
A051,1440,63.58922222222222,63.6485,9.370308453263672,51.958,85.088,52.385,52.5926,53.209,72.90375,75.066,76.12485,0.5930555555555556,0.4611111111111111,0.3826388888888888,0.0,0.0,0.3965277777777777,19.69475,33.129999999999995,1.0,Main_Floor_E,Deployment_A,none,A_P006
A051,1440,63.530093055555554,65.077,8.08689867100062,51.929,80.056,52.462,52.681,53.4115,70.429,72.8692,74.4669,0.6638888888888889,0.5041666666666667,0.2777777777777778,0.0,0.0,0.3215277777777778,17.017500000000005,28.126999999999995,1.0,Main_Floor_E,Deployment_A,none,A_P007
A051,1440,53.35052152777778,53.308,0.6998571815651868,51.934,56.527,52.44,52.527,52.791,53.74175,54.1385,54.89055,0.0,0.0,0.0,0.0,0.0,0.9631944444444444,0.9507499999999992,4.593000000000004,1.0,Main_Floor_E,Deployment_A,low_attendance,A_P008
A051,1440,53.5797875,53.692,0.5596926493104575,52.055,55.527,52.4017,52.5699,53.33,53.945,54.165,54.33,0.0,0.0,0.0,0.0,0.0,0.9993055555555556,0.615000000000002,3.4720000000000013,1.0,Main_Floor_E,Deployment_A,low_attendance,A_P009
A051,1440,58.425241666666665,56.456500000000005,4.390177866524575,52.549,73.22,53.13295,53.308,54.16075,62.934,63.0,63.033,0.4861111111111111,0.0083333333333333,0.0013888888888888,0.0,0.0,0.41875,8.773249999999997,20.671,1.0,Main_Floor_E,Deployment_A,none,A_P010
A051,1440,66.85451319444444,67.279,5.960005235488722,52.44,81.739,53.066,62.022,62.9645,71.23649999999999,73.55010000000001,74.91250000000001,0.9131944444444444,0.6527777777777778,0.34375,0.0,0.0,0.0868055555555555,8.271999999999991,29.299000000000007,1.0,Main_Floor_E,Deployment_A,none,A_P011
A051,1440,65.33937152777779,64.989,7.408922723468609,52.154,81.593,52.84545,53.066,62.72725,71.681,74.05720000000001,75.2311,0.7659722222222223,0.4993055555555555,0.3618055555555555,0.0,0.0,0.1875,8.95375,29.439,1.0,Main_Floor_E,Deployment_A,none,A_P012
A051,1440,65.523425,66.101,6.928450689350384,52.088,78.626,52.473,52.9989,60.84475,71.327,73.89,75.00385,0.8666666666666667,0.5625,0.3361111111111111,0.0,0.0,0.1319444444444444,10.48225,26.538000000000004,1.0,Main_Floor_E,Deployment_A,none,A_P013
A051,1440,66.59217708333334,65.3425,6.382546122741724,52.308,79.527,52.714,60.7998,62.396,72.374,74.4851,75.54220000000001,0.9305555555555556,0.5069444444444444,0.3875,0.0,0.0,0.0694444444444444,9.977999999999994,27.219,1.0,Main_Floor_E,Deployment_A,none,A_P014
A051,1440,64.04267916666666,64.132,8.886323240914926,51.711,81.758,52.396,52.5461,53.352,72.363,75.02310000000001,76.23209999999999,0.6555555555555556,0.4493055555555555,0.3534722222222222,0.0,0.0,0.3270833333333333,19.011000000000003,30.047,1.0,Main_Floor_E,Deployment_A,broad_remote_work,A_P015
A051,1440,53.201975,53.2115,0.7938491887432984,51.359,59.549,51.978,52.11,52.626,53.73925,54.1412,54.35255,0.0,0.0,0.0,0.0,0.0,0.9930555555555556,1.1132500000000007,8.189999999999998,1.0,Main_Floor_E,Deployment_A,broad_remote_work,A_P016
A051,1440,53.72160763888889,53.519,1.696664363799883,51.67,64.17,52.099,52.209,52.648,54.143,55.198,55.56055,0.0173611111111111,0.0,0.0,0.0,0.0,0.8520833333333333,1.4949999999999974,12.5,1.0,Main_Floor_E,Deployment_A,none,A_P017
A051,1440,54.120839583333336,54.319,1.1521153629523813,51.868,61.826,52.187,52.473,53.32425,54.758,55.121,55.41855,0.0020833333333333,0.0,0.0,0.0,0.0,0.8597222222222223,1.4337500000000034,9.957999999999998,1.0,Main_Floor_E,Deployment_A,none,A_P018
A051,1440,55.26321944444444,55.484,1.5260287168506812,52.707,59.098,53.099,53.253,53.648,56.703,57.055,57.1961,0.0,0.0,0.0,0.0,0.0,0.4347222222222222,3.055,6.390999999999998,1.0,Main_Floor_E,Deployment_A,none,A_P019
A051,1440,54.601022916666665,54.22,1.2865720117885042,52.89,61.868,53.2496,53.3556,53.59375,55.507,56.121,57.0011,0.0041666666666666,0.0,0.0,0.0,0.0,0.6645833333333333,1.913249999999998,8.978000000000002,1.0,Main_Floor_E,Deployment_A,none,A_P020
A051,1440,62.95483263888889,65.5595,7.762405884909312,52.5,78.174,52.956,53.141,53.522,69.95175,71.7621,72.4058,0.6215277777777778,0.5208333333333334,0.2458333333333333,0.0,0.0,0.3506944444444444,16.429750000000006,25.674000000000007,1.0,Main_Floor_E,Deployment_A,none,A_P021
A051,1440,65.87321736111112,66.0325,6.472102471020492,52.538,79.087,53.076,53.6626,62.402,71.21025,73.6542,74.772,0.8611111111111112,0.5402777777777777,0.3333333333333333,0.0,0.0,0.1298611111111111,8.808250000000001,26.549000000000007,1.0,Main_Floor_E,Deployment_A,none,A_P022
A051,1440,58.94198055555556,62.153000000000006,4.269370241235228,52.667,64.826,53.1459,53.3253,54.065,62.489,62.7407,62.835,0.59375,0.0,0.0,0.0,0.0,0.4041666666666667,8.424,12.158999999999992,1.0,Main_Floor_E,Deployment_A,none,A_P023
A051,1440,54.91458541666667,54.457,1.5445372839361595,52.396,67.13,52.978,53.1718,53.783,56.685,57.011,57.163,0.0041666666666666,0.0006944444444444,0.0,0.0,0.0,0.6326388888888889,2.902000000000001,14.733999999999996,1.0,Main_Floor_E,Deployment_A,none,A_P024
A051,537,63.84025139664804,64.87,7.864563633635569,53.315,79.772,53.553,53.6284,53.978,71.054,72.978,74.0564,0.6517690875232774,0.4450651769087523,0.3314711359404096,0.0,0.0,0.3333333333333333,17.076,26.457000000000008,0.3729166666666667,Main_Floor_E,Deployment_A,none,A_P025
A051,915,66.53696284153006,67.0,6.102147907951905,52.957,77.989,53.25,61.6142,62.3425,71.508,73.696,74.9736,0.9114754098360656,0.5551912568306011,0.3770491803278688,0.0,0.0,0.087431693989071,9.165499999999994,25.032000000000004,0.6354166666666666,Main_Floor_E,Deployment_A,none,A_P026
A051,1440,64.60472083333333,66.076,8.024243888131533,52.735,80.457,53.2716,53.4879,56.0625,71.73275,74.3044,75.587,0.6479166666666667,0.5381944444444444,0.3458333333333333,0.0,0.0,0.1861111111111111,15.670249999999996,27.721999999999998,1.0,Main_Floor_E,Deployment_A,none,A_P027
A051,1440,66.13171527777777,66.98599999999999,7.630162037014273,52.674,81.824,53.13,53.3469,61.859,72.63275,75.489,77.02255000000001,0.8236111111111111,0.5458333333333333,0.3763888888888889,0.0,0.0,0.1659722222222222,10.77375,29.15,1.0,Main_Floor_E,Deployment_A,none,A_P028
A051,1440,64.70439444444445,66.1095,8.168623360472063,52.0,79.413,52.35865,52.696,54.68225,72.08225,74.61529999999999,75.576,0.70625,0.5479166666666667,0.3430555555555555,0.0,0.0,0.2583333333333333,17.4,27.413,1.0,Main_Floor_E,Deployment_A,none,A_P029
A051,1440,54.05109375,54.228,0.9526408473173736,51.934,62.076,52.15145,52.3689,53.8365,54.5,54.772,55.00055,0.0013888888888888,0.0,0.0,0.0,0.0,0.95,0.6634999999999991,10.142000000000005,1.0,Main_Floor_E,Deployment_A,none,A_P030
A051,805,55.74633788819876,56.143,1.0718329108003004,53.696,58.826,54.011,54.098,54.527,56.554,56.826,56.9868,0.0,0.0,0.0,0.0,0.0,0.2894409937888199,2.027000000000001,5.130000000000003,0.5590277777777778,Main_Floor_E,Deployment_A,none,A_P031
A052,91,59.06430769230769,55.791,6.570654286196917,53.85,74.483,53.972,54.122,54.9205,58.986,70.704,71.65549999999999,0.2417582417582417,0.2417582417582417,0.1318681318681318,0.0,0.0,0.2857142857142857,4.0655,20.633000000000003,0.0631944444444444,Main_Floor_E,Deployment_A,none,A_P001
A052,230,57.3141,56.2335,2.5185057317704747,53.76,67.385,54.49395,54.9388,55.5,59.609750000000005,61.0,61.95905,0.217391304347826,0.008695652173913,0.0,0.0,0.0,0.1217391304347826,4.109750000000005,13.625000000000009,0.1597222222222222,Main_Floor_E,Deployment_A,none,A_P002
A052,124,59.11220161290322,59.7295,2.160272739404738,55.0,64.429,55.27835,55.5916,57.49175,60.506,61.635,62.01745,0.4193548387096774,0.0,0.0,0.0,0.0,0.0161290322580645,3.014250000000004,9.429000000000002,0.0861111111111111,Main_Floor_E,Deployment_A,none,A_P003
A052,171,67.98473684210526,72.0,8.203745145881605,55.655,80.054,56.4275,57.8,58.744,75.134,77.0,77.8575,0.6491228070175439,0.5906432748538012,0.5906432748538012,0.0,0.0,0.0,16.39,24.399,0.11875,Main_Floor_E,Deployment_A,none,A_P004
A052,218,65.50102293577982,70.0,8.23211672553796,54.612,78.182,55.7721,55.9116,56.44675,73.05324999999999,75.40360000000001,76.1628,0.591743119266055,0.536697247706422,0.5091743119266054,0.0,0.0,0.0229357798165137,16.60649999999999,23.57,0.1513888888888888,Main_Floor_E,Deployment_A,none,A_P005
A052,113,66.26084955752212,70.019,8.63389408525373,55.25,78.923,55.6856,55.8,56.163,74.533,75.9234,76.78779999999999,0.6194690265486725,0.5486725663716814,0.504424778761062,0.0,0.0,0.0,18.370000000000005,23.673,0.0784722222222222,Main_Floor_E,Deployment_A,none,A_P006
A052,197,67.55357868020305,69.5,6.876907504589969,54.179,78.479,55.317,55.6334,66.378,72.554,74.5866,75.9114,0.7766497461928934,0.766497461928934,0.4619289340101523,0.0,0.0,0.015228426395939,6.176000000000002,24.3,0.1368055555555555,Main_Floor_E,Deployment_A,none,A_P007
A052,132,55.67874242424242,55.6475,0.8785203523448698,53.667,58.17,54.0545,54.5,55.1835,56.196,56.915600000000005,57.03735,0.0,0.0,0.0,0.0,0.0,0.1969696969696969,1.0125000000000028,4.503,0.0916666666666666,Main_Floor_E,Deployment_A,low_attendance,A_P008
A052,126,56.14610317460317,56.185,0.873639896793776,53.478,59.667,54.66375,54.9465,55.76175,56.70475,57.031,57.234,0.0,0.0,0.0,0.0,0.0,0.119047619047619,0.9429999999999978,6.189,0.0875,Main_Floor_E,Deployment_A,low_attendance,A_P009
A052,133,58.79464661654136,57.955,3.730378714212113,55.385,71.829,55.7914,55.9756,56.429,59.278,61.185,69.838,0.1804511278195488,0.0827067669172932,0.037593984962406,0.0,0.0,0.0,2.8489999999999966,16.443999999999996,0.0923611111111111,Main_Floor_E,Deployment_A,none,A_P010
A052,173,67.33971098265896,70.542,6.95590558093389,54.833,80.857,57.0176,58.7394,59.396,73.108,75.0464,75.802,0.6647398843930635,0.6184971098265896,0.5433526011560693,0.0,0.0,0.0057803468208092,13.712000000000003,26.024,0.1201388888888888,Main_Floor_E,Deployment_A,none,A_P011
A052,131,67.19939694656487,68.059,7.250102554902643,55.045,79.361,56.3065,56.833,58.7745,73.136,75.875,77.1015,0.7099236641221374,0.6946564885496184,0.4122137404580153,0.0,0.0,0.0,14.361499999999992,24.316000000000003,0.0909722222222222,Main_Floor_E,Deployment_A,none,A_P012
A052,121,66.67928099173554,69.0,7.250231640234148,55.167,78.1,55.577,55.744,59.444,73.267,74.8,75.704,0.7107438016528925,0.5785123966942148,0.4876033057851239,0.0,0.0,0.0,13.822999999999992,22.932999999999996,0.0840277777777777,Main_Floor_E,Deployment_A,none,A_P013
A052,174,66.50681034482758,67.7435,7.774299934559614,55.5,79.07,55.859750000000005,56.1069,59.0,73.88875,76.0887,77.02135,0.603448275862069,0.5574712643678161,0.4367816091954023,0.0,0.0,0.0,14.888750000000002,23.569999999999997,0.1208333333333333,Main_Floor_E,Deployment_A,none,A_P014
A052,235,63.14925106382979,60.105,8.417949531120552,53.455,79.849,54.1692,54.6582,55.7395,70.37,75.9752,76.73949999999999,0.502127659574468,0.3957446808510638,0.2680851063829787,0.0,0.0,0.1361702127659574,14.630500000000003,26.394000000000005,0.1631944444444444,Main_Floor_E,Deployment_A,broad_remote_work,A_P015
A052,326,55.97196319018405,55.833,0.9547282264252892,53.743,61.0,54.742,55.0,55.40175,56.40925,57.0985,57.73425,0.0030674846625766,0.0,0.0,0.0,0.0,0.1104294478527607,1.0075000000000005,7.256999999999998,0.2263888888888889,Main_Floor_E,Deployment_A,broad_remote_work,A_P016
A052,309,56.08329773462784,55.875,1.2115122065628126,53.139,62.556,54.5576,54.9364,55.281,56.644,57.5556,58.3708,0.0097087378640776,0.0,0.0,0.0,0.0,0.1423948220064725,1.3629999999999995,9.416999999999994,0.2145833333333333,Main_Floor_E,Deployment_A,none,A_P017
A052,219,56.50113242009133,56.432,1.2377465451001786,53.821,64.889,54.8436,55.1734,55.814,57.0375,57.5928,58.2009,0.0136986301369863,0.0,0.0,0.0,0.0,0.0867579908675799,1.2234999999999945,11.067999999999998,0.1520833333333333,Main_Floor_E,Deployment_A,none,A_P018
A052,174,57.1284367816092,56.8885,1.6451787379477554,54.0,61.714,54.78905,55.0952,55.943,58.18575,59.2,60.0,0.057471264367816,0.0,0.0,0.0,0.0,0.0804597701149425,2.242750000000001,7.713999999999999,0.1208333333333333,Main_Floor_E,Deployment_A,none,A_P019
A052,171,57.34025146198831,56.914,1.7366246981651683,54.778,67.5,55.6525,55.923,56.086,58.2055,59.12,59.9335,0.0526315789473684,0.0116959064327485,0.0,0.0,0.0,0.0058479532163742,2.119500000000002,12.722,0.11875,Main_Floor_E,Deployment_A,none,A_P020
A052,118,62.3012627118644,58.1895,7.805257319222824,53.977,77.091,54.42815,54.6448,55.84875,70.85625,72.6674,73.7156,0.4067796610169492,0.3898305084745763,0.3305084745762712,0.0,0.0,0.1525423728813559,15.007500000000007,23.114,0.0819444444444444,Main_Floor_E,Deployment_A,none,A_P021
A052,197,67.33297461928933,70.391,6.927895127108208,54.154,77.759,55.5848,57.0,61.894,73.182,74.9182,75.4058,0.7969543147208121,0.5989847715736041,0.5177664974619289,0.0,0.0,0.0406091370558375,11.288000000000004,23.605,0.1368055555555555,Main_Floor_E,Deployment_A,none,A_P022
A052,168,57.76090476190476,58.0,1.997441486970124,54.0,64.5,54.91825,55.3579,56.14175,59.297,60.1769,60.50975,0.1488095238095238,0.0,0.0,0.0,0.0,0.0654761904761904,3.1552499999999952,10.5,0.1166666666666666,Main_Floor_E,Deployment_A,none,A_P023
A052,237,56.84096202531646,56.562,0.95998875933176,54.226,60.0,55.440000000000005,55.8558,56.194,57.615,58.0978,58.5,0.0042194092827004,0.0,0.0,0.0,0.0,0.0168776371308016,1.4209999999999994,5.774000000000001,0.1645833333333333,Main_Floor_E,Deployment_A,none,A_P024
A052,160,67.61195625,70.691,7.927508210783273,55.705,78.071,56.5374,57.4923,58.19175,74.57175000000001,76.1096,76.5811,0.61875,0.61875,0.60625,0.0,0.0,0.0,16.38000000000001,22.366,0.1111111111111111,Main_Floor_E,Deployment_A,none,A_P025
A052,144,66.98988194444445,70.0535,7.424666295622338,54.0,79.3,55.10865,56.9629,58.612,72.80275,74.9829,77.0011,0.6736111111111112,0.625,0.5208333333333334,0.0,0.0,0.0486111111111111,14.19075,25.3,0.1,Main_Floor_E,Deployment_A,none,A_P026
A052,190,65.92145789473683,67.93549999999999,8.383846492282311,54.5,79.5,55.16865,55.862300000000005,56.954,73.7495,76.24640000000001,76.84255,0.5736842105263158,0.5736842105263158,0.4368421052631579,0.0,0.0,0.0473684210526315,16.795499999999997,25.0,0.1319444444444444,Main_Floor_E,Deployment_A,none,A_P027
A052,117,66.17751282051282,63.385,7.959845768969557,55.346,78.868,55.9852,56.2878,59.276,74.525,76.2768,76.7744,0.6666666666666666,0.4700854700854701,0.4700854700854701,0.0,0.0,0.0,15.249000000000002,23.522,0.08125,Main_Floor_E,Deployment_A,none,A_P028
A052,186,65.96872043010752,65.386,8.226400547302639,54.246,78.667,55.61025,56.3665,57.94675,74.17875000000001,75.6825,76.744,0.5591397849462365,0.5053763440860215,0.4946236559139785,0.0,0.0,0.0268817204301075,16.232000000000006,24.421,0.1291666666666666,Main_Floor_E,Deployment_A,none,A_P029
A052,163,56.9600245398773,56.98,1.0547277921072584,54.36,61.5,55.3615,55.8114,56.265,57.5415,58.0338,58.61,0.0184049079754601,0.0,0.0,0.0,0.0,0.0368098159509202,1.2764999999999986,7.140000000000001,0.1131944444444444,Main_Floor_E,Deployment_A,none,A_P030
A052,121,57.75894214876033,58.0,0.9215282713832892,55.383,59.421,56.167,56.478,57.04,58.429,58.857,59.077,0.0,0.0,0.0,0.0,0.0,0.0,1.389000000000003,4.037999999999997,0.0840277777777777,Main_Floor_E,Deployment_A,none,A_P031
A053,41,66.9239756097561,68.0,2.930787150986961,61.333,72.0,61.5,62.5,64.0,69.0,70.0,70.75,1.0,0.7317073170731707,0.1219512195121951,0.0,0.0,0.0,5.0,10.667000000000002,0.0284722222222222,Main_Floor_E,Deployment_A,none,A_P001
A053,39,64.54915384615384,65.0,2.680348922086368,58.0,72.0,59.667,60.9334,63.7085,65.5835,67.1,69.1,0.9230769230769232,0.5128205128205128,0.0512820512820512,0.0,0.0,0.0,1.875,14.0,0.0270833333333333,Main_Floor_E,Deployment_A,none,A_P002
A053,93,64.61770967741936,64.5,1.7654437709184905,59.5,69.5,62.1998,62.8,63.75,65.5,66.92,68.0,0.989247311827957,0.3870967741935484,0.0,0.0,0.0,0.0,1.75,10.0,0.0645833333333333,Main_Floor_E,Deployment_A,none,A_P003
A053,40,68.982275,69.7915,3.124961095039883,60.0,73.5,62.95,64.4,67.5,70.75025,72.55,73.34134999999999,1.0,0.875,0.475,0.0,0.0,0.0,3.250249999999994,13.5,0.0277777777777777,Main_Floor_E,Deployment_A,none,A_P004
A053,38,71.61418421052632,71.3665,3.680239261135536,59.5,77.0,65.35,67.7,70.51775,73.875,76.3831,77.0,0.9736842105263158,0.9473684210526316,0.7631578947368421,0.0,0.0,0.0,3.3572499999999934,17.5,0.0263888888888888,Main_Floor_E,Deployment_A,none,A_P005
A053,7,63.654857142857146,62.667,1.9342704420160972,61.667,66.0,61.7669,61.8668,62.125,65.5,66.0,66.0,1.0,0.4285714285714285,0.0,0.0,0.0,0.0,3.375,4.332999999999998,0.0048611111111111,Main_Floor_E,Deployment_A,none,A_P006
A053,41,68.66339024390244,68.625,2.773765922694708,61.5,73.0,64.5,65.25,67.0,71.0,72.0,72.5,1.0,0.926829268292683,0.3658536585365853,0.0,0.0,0.0,4.0,11.5,0.0284722222222222,Main_Floor_E,Deployment_A,none,A_P007
A053,7,63.61899999999999,65.0,3.26416814313642,57.0,67.0,58.65,60.3,62.9165,65.25,66.1,66.55,0.8571428571428571,0.5714285714285714,0.0,0.0,0.0,0.0,2.333500000000001,10.0,0.0048611111111111,Main_Floor_E,Deployment_A,low_attendance,A_P008
A053,12,62.8055,63.2665,2.702184553955627,55.333,65.5,58.33985,60.92,62.375,64.5,64.95,65.225,0.9166666666666666,0.1666666666666666,0.0,0.0,0.0,0.0,2.125,10.167000000000002,0.0083333333333333,Main_Floor_E,Deployment_A,low_attendance,A_P009
A053,1,62.333,62.333,,62.333,62.333,62.333,62.333,62.333,62.333,62.333,62.333,1.0,0.0,0.0,0.0,0.0,0.0,0.0,0.0,0.0006944444444444,Main_Floor_E,Deployment_A,none,A_P011
A053,2,69.5275,69.5275,0.4320422433049885,69.222,69.833,69.25255,69.28309999999999,69.37474999999999,69.68025,69.7719,69.80245,1.0,1.0,0.0,0.0,0.0,0.0,0.3055000000000092,0.6110000000000042,0.0013888888888888,Main_Floor_E,Deployment_A,none,A_P012
A053,11,66.72881818181818,68.0,2.4057590826257624,61.5,69.5,62.65,63.8,65.738,68.287,68.667,69.0835,1.0,0.8181818181818182,0.0,0.0,0.0,0.0,2.5490000000000066,8.0,0.0076388888888888,Main_Floor_E,Deployment_A,none,A_P013
A053,5,70.5,71.333,4.229532420965703,63.5,75.0,65.0,66.5,71.0,71.667,73.6668,74.3334,1.0,0.8,0.8,0.0,0.0,0.0,0.6670000000000016,11.5,0.0034722222222222,Main_Floor_E,Deployment_A,broad_remote_work,A_P015
A053,36,62.711083333333335,62.9165,1.992326398603259,59.0,68.0,59.75,60.0,61.45825,64.08324999999999,64.8335,65.3125,0.9444444444444444,0.1111111111111111,0.0,0.0,0.0,0.0,2.624999999999993,9.0,0.025,Main_Floor_E,Deployment_A,broad_remote_work,A_P016
A053,286,62.641807692307694,62.667,1.7792614221923702,56.4,67.0,59.723,60.381,61.5,63.9545,65.0,65.5,0.9405594405594404,0.1223776223776223,0.0,0.0,0.0,0.0,2.454499999999996,10.6,0.1986111111111111,Main_Floor_E,Deployment_A,none,A_P017
A053,72,62.58005555555556,62.667,1.8267104960301568,57.333,66.5,59.0,60.24,61.91675,64.0,64.5,65.45,0.9305555555555556,0.0833333333333333,0.0,0.0,0.0,0.0,2.08325,9.167000000000002,0.05,Main_Floor_E,Deployment_A,none,A_P018
A053,33,62.13360606060606,62.25,2.3689177768998486,56.0,68.0,57.6,58.4,61.375,63.5,64.2664,64.7,0.8787878787878788,0.0606060606060606,0.0,0.0,0.0,0.0,2.125,12.0,0.0229166666666666,Main_Floor_E,Deployment_A,none,A_P019
A053,3,65.5,65.5,1.5,64.0,67.0,64.15,64.3,64.75,66.25,66.7,66.85,1.0,0.6666666666666666,0.0,0.0,0.0,0.0,1.5,3.0,0.0020833333333333,Main_Floor_E,Deployment_A,none,A_P020
A053,3,68.33333333333333,68.333,0.3335001249375086,68.0,68.667,68.0333,68.0666,68.1665,68.5,68.6002,68.6336,1.0,1.0,0.0,0.0,0.0,0.0,0.3335000000000008,0.6670000000000016,0.0020833333333333,Main_Floor_E,Deployment_A,none,A_P021
A053,47,64.24678723404256,64.75,1.9483007862613249,58.0,70.0,61.65,62.0,62.7335,65.225,66.1332,66.85,0.9787234042553192,0.425531914893617,0.0212765957446808,0.0,0.0,0.0,2.491499999999995,12.0,0.0326388888888888,Main_Floor_E,Deployment_A,none,A_P023
A053,11,63.53945454545454,63.667,1.5210336198543652,61.0,66.0,61.375,61.75,62.4335,64.5335,65.0,65.5,1.0,0.1818181818181818,0.0,0.0,0.0,0.0,2.1000000000000014,5.0,0.0076388888888888,Main_Floor_E,Deployment_A,none,A_P024
A053,1,64.0,64.0,,64.0,64.0,64.0,64.0,64.0,64.0,64.0,64.0,1.0,0.0,0.0,0.0,0.0,0.0,0.0,0.0,0.0006944444444444,Main_Floor_E,Deployment_A,none,A_P027
A053,3,62.81466666666666,63.0,0.6317296362632823,62.111,63.333,62.1999,62.2888,62.5555,63.1665,63.2664,63.2997,1.0,0.0,0.0,0.0,0.0,0.0,0.6110000000000042,1.2220000000000013,0.0020833333333333,Main_Floor_E,Deployment_A,none,A_P028
A053,3,64.66666666666667,65.0,2.0207259421636885,62.5,66.5,62.75,63.0,63.75,65.75,66.2,66.35,1.0,0.6666666666666666,0.0,0.0,0.0,0.0,2.0,4.0,0.0020833333333333,Main_Floor_E,Deployment_A,none,A_P031
A054,560,59.41796071428571,56.902,4.432327292252396,54.543,72.582,55.3738,55.6686,56.1425,62.74225,66.6986,67.99615,0.3642857142857142,0.1571428571428571,0.0160714285714285,0.0,0.0,0.0125,6.59975,18.038999999999994,0.3888888888888889,Main_Floor_E,Deployment_A,none,A_P001
A054,1440,57.876020833333335,56.957,2.375456544594527,54.293,67.209,55.41775,55.717,56.21975,58.73325,61.9133,62.451,0.2152777777777778,0.0034722222222222,0.0,0.0,0.0,0.0118055555555555,2.5135000000000005,12.916000000000004,1.0,Main_Floor_E,Deployment_A,none,A_P002
A054,1440,59.09234027777778,60.421,2.8893353986771007,53.326,65.703,54.57545,55.098,56.2365,61.62,62.088,62.391,0.5263888888888889,0.0020833333333333,0.0,0.0,0.0,0.0909722222222222,5.383499999999998,12.377000000000002,1.0,Main_Floor_E,Deployment_A,none,A_P003
A054,1440,65.28220347222222,68.286,8.015836234965363,52.717,76.044,54.71005,55.348,56.629000000000005,72.967,73.88010000000001,74.429,0.5729166666666666,0.5673611111111111,0.4555555555555555,0.0,0.0,0.0729166666666666,16.337999999999994,23.327,1.0,Main_Floor_E,Deployment_A,none,A_P004
A054,1440,68.28707986111111,69.6315,10.40230676854378,54.217,81.956,55.35865,55.7277,56.739,80.11,80.59410000000001,80.82455,0.6416666666666667,0.5506944444444445,0.4895833333333333,0.0,0.0,0.0173611111111111,23.371,27.739000000000004,1.0,Main_Floor_E,Deployment_A,none,A_P005
A054,1440,63.83017916666667,63.6145,7.100753912237102,52.968,78.111,55.24025,55.7055,56.60775,70.121,72.27720000000001,76.33055,0.5736111111111111,0.4743055555555555,0.2590277777777778,0.0,0.0,0.0291666666666666,13.513249999999992,25.143,1.0,Main_Floor_E,Deployment_A,none,A_P006
A054,1440,65.1872625,67.20349999999999,7.482253365659225,53.011,79.122,54.35865,54.848,56.446,70.341,76.2211,76.813,0.6666666666666666,0.65625,0.2708333333333333,0.0,0.0,0.11875,13.894999999999996,26.111,1.0,Main_Floor_E,Deployment_A,none,A_P007
A054,1440,55.43796597222222,54.8305,1.754327722038197,52.33,62.087,53.522,53.802,54.2085,56.14375,58.4795,59.00055,0.0048611111111111,0.0,0.0,0.0,0.0,0.5680555555555555,1.9352499999999964,9.757000000000003,1.0,Main_Floor_E,Deployment_A,low_attendance,A_P008
A054,1440,54.943786805555554,54.956,0.8008660989037963,52.63,57.337,53.648,53.902,54.37225,55.4905,55.967,56.3042,0.0,0.0,0.0,0.0,0.0,0.525,1.1182500000000033,4.707000000000001,1.0,Main_Floor_E,Deployment_A,low_attendance,A_P009
A054,1440,56.19149097222223,55.615,1.955739425487156,52.446,61.522,53.669450000000005,53.934,54.641,58.112,59.043,59.6421,0.0298611111111111,0.0,0.0,0.0,0.0,0.3284722222222222,3.471000000000004,9.076,1.0,Main_Floor_E,Deployment_A,none,A_P010
A054,1440,63.00799444444445,63.8525,5.758606375421342,52.641,74.593,54.04195,54.8137,57.45425,68.3245,70.11,70.93360000000001,0.6083333333333333,0.4541666666666666,0.1090277777777777,0.0,0.0,0.1083333333333333,10.87025,21.952000000000005,1.0,Main_Floor_E,Deployment_A,none,A_P011
A054,1440,62.99180902777778,63.1915,5.835404395258952,53.692,73.571,55.6181,55.989,56.8475,68.64525,70.39710000000001,71.3201,0.5826388888888889,0.4284722222222222,0.1284722222222222,0.0,0.0,0.0201388888888888,11.797750000000008,19.879,1.0,Main_Floor_E,Deployment_A,none,A_P012
A054,1440,63.13196944444444,63.4015,6.6593818961534135,52.741,78.494,54.6166,54.9459,55.789,69.29975,71.2267,72.22315,0.6020833333333333,0.4805555555555555,0.1923611111111111,0.0,0.0,0.1118055555555555,13.510750000000002,25.753,1.0,Main_Floor_E,Deployment_A,none,A_P013
A054,1440,64.07560694444444,64.242,6.44201103400844,53.353,78.165,55.553450000000005,56.0329,57.052,70.452,72.2925,72.9785,0.6298611111111111,0.45625,0.2756944444444444,0.0,0.0,0.0145833333333333,13.4,24.812000000000005,1.0,Main_Floor_E,Deployment_A,none,A_P014
A054,1440,63.22151111111111,62.7705,6.552652028230451,50.876,76.868,54.184250000000006,54.8568,56.34825,69.5395,71.5346,72.527,0.6430555555555556,0.4354166666666667,0.2138888888888888,0.0,0.0,0.1125,13.191250000000004,25.992,1.0,Main_Floor_E,Deployment_A,broad_remote_work,A_P015
A054,1440,57.68134652777778,57.543,1.5833560262383588,52.753,62.921,54.9282,55.607400000000005,56.707,59.04575,59.772,60.05455,0.05625,0.0,0.0,0.0,0.0,0.0541666666666666,2.338749999999997,10.168,1.0,Main_Floor_E,Deployment_A,broad_remote_work,A_P016
A054,1440,57.58971180555555,57.388,1.3897230863397132,54.054,65.527,55.576,55.935,56.685,58.3975,59.6601,60.1052,0.0604166666666666,0.0006944444444444,0.0,0.0,0.0,0.0111111111111111,1.7124999999999986,11.473,1.0,Main_Floor_E,Deployment_A,none,A_P017
A054,1440,57.04677291666667,57.196,1.0520201555788162,53.228,62.185,55.303450000000005,55.587,56.326,57.75,58.25,58.60425,0.00625,0.0,0.0,0.0,0.0,0.0277777777777777,1.4239999999999997,8.957,1.0,Main_Floor_E,Deployment_A,none,A_P018
A054,1440,57.21658333333334,57.152,1.0642077315542906,53.341,63.385,55.6298,55.911,56.402,58.043,58.576,58.826,0.0055555555555555,0.0,0.0,0.0,0.0,0.0097222222222222,1.6409999999999982,10.043999999999995,1.0,Main_Floor_E,Deployment_A,none,A_P019
A054,1440,56.84405208333333,56.826,1.199307634143961,53.196,63.407,55.054,55.3794,55.978,57.5885,58.418,58.7724,0.0104166666666666,0.0,0.0,0.0,0.0,0.0451388888888888,1.6105000000000018,10.211,1.0,Main_Floor_E,Deployment_A,none,A_P020
A054,1440,63.34906458333334,63.8535,5.285688438635246,54.141,73.446,55.8249,56.7561,57.63,68.20949999999999,69.5623,70.50025,0.6222222222222222,0.4645833333333333,0.0729166666666666,0.0,0.0,0.0152777777777777,10.579499999999989,19.305,1.0,Main_Floor_E,Deployment_A,none,A_P021
A054,1440,63.84971458333334,64.77,5.659907801689276,55.549,76.074,57.043,57.3359,58.1065,69.10425000000001,71.12100000000001,72.2087,0.5659722222222222,0.4916666666666666,0.1902777777777777,0.0,0.0,0.0,10.99775000000001,20.525,1.0,Main_Floor_E,Deployment_A,none,A_P022
A054,1440,57.94531111111112,57.6445,1.4394855034623997,54.275,62.185,56.05245,56.4555,57.033,58.41425,60.522,60.78205,0.1597222222222222,0.0,0.0,0.0,0.0,0.0055555555555555,1.3812499999999943,7.910000000000004,1.0,Main_Floor_E,Deployment_A,none,A_P023
A054,1440,57.33903333333333,56.989,1.6216984778382515,52.779,68.033,55.0611,55.5099,56.185,58.891,59.587,59.81355,0.0298611111111111,0.0006944444444444,0.0,0.0,0.0,0.0479166666666666,2.705999999999996,15.253999999999998,1.0,Main_Floor_E,Deployment_A,none,A_P024
A054,1440,64.74631597222222,68.3555,6.761648870173931,55.022,76.429,56.099,56.4119,57.13,70.89275,72.06700000000001,72.75015,0.5854166666666667,0.5506944444444445,0.39375,0.0,0.0,0.0,13.762750000000004,21.407000000000004,1.0,Main_Floor_E,Deployment_A,none,A_P025
A054,1440,65.2017625,66.421,5.860298120073139,53.097,79.337,56.5042,57.12,58.12,69.6925,71.44200000000001,72.7412,0.7090277777777778,0.5701388888888889,0.225,0.0,0.0,0.0034722222222222,11.572499999999998,26.24,1.0,Main_Floor_E,Deployment_A,none,A_P026
A054,1440,66.71535208333333,67.511,6.750574173839395,50.857,81.391,57.1189,57.6363,59.64925,71.598,76.2393,76.609,0.7284722222222222,0.5972222222222222,0.3715277777777778,0.0,0.0,0.0006944444444444,11.948749999999997,30.53400000000001,1.0,Main_Floor_E,Deployment_A,none,A_P027
A054,1440,65.63975,68.304,7.074280656933635,54.33,76.978,55.74985,56.5155,57.604,72.065,73.84620000000001,74.543,0.6513888888888889,0.5548611111111111,0.4340277777777778,0.0,0.0,0.0048611111111111,14.461,22.648,1.0,Main_Floor_E,Deployment_A,none,A_P028
A054,764,65.62660340314136,67.2835,5.392596024956487,55.533,75.641,56.91215,57.4053,61.61775,70.20125,71.4655,72.10325,0.7526178010471204,0.5955497382198953,0.2617801047120419,0.0,0.0,0.0,8.5835,20.108000000000004,0.5305555555555556,Main_Floor_E,Deployment_A,none,A_P029
A054,689,56.97014949201741,57.0,0.6484591571500432,54.913,59.707,55.5518,56.378800000000005,56.75,57.272,57.535,57.7742,0.0,0.0,0.0,0.0,0.0,0.0087082728592162,0.5219999999999985,4.794000000000004,0.4784722222222222,Main_Floor_E,Deployment_A,none,A_P030
A054,805,57.98557888198758,58.109,0.9743508160501296,56.087,62.043,56.6982,56.8106,57.098,58.587,59.1908,59.8014,0.0298136645962732,0.0,0.0,0.0,0.0,0.0,1.4890000000000043,5.955999999999996,0.5590277777777778,Main_Floor_E,Deployment_A,none,A_P031
A055,560,60.62634642857143,55.4185,8.098877645335756,53.967,76.879,54.49975,54.663,54.9425,63.85475,74.4636,74.93455,0.3696428571428571,0.2428571428571428,0.2392857142857143,0.0,0.0,0.2892857142857143,8.91225,22.91200000000001,0.3888888888888889,Main_Floor_E,Deployment_A,none,A_P001
A055,1440,55.632056250000005,54.957,2.13931025631846,52.207,71.011,53.0429,53.4175,54.38,56.274,58.9481,59.71525,0.0375,0.0013888888888888,0.0006944444444444,0.0,0.0,0.5138888888888888,1.8939999999999984,18.803999999999995,1.0,Main_Floor_E,Deployment_A,none,A_P002
A055,1440,55.881963194444445,56.511,2.382593174592446,51.635,63.132,52.374,52.5755,53.50575,57.924,58.371,58.793,0.0125,0.0,0.0,0.0,0.0,0.4180555555555555,4.4182500000000005,11.497,1.0,Main_Floor_E,Deployment_A,none,A_P003
A055,1440,67.45169652777778,75.0,10.97110357921765,51.275,82.176,52.3999,53.1717,55.1645,76.48675,78.62750000000001,80.46724999999999,0.6034722222222222,0.5673611111111111,0.5673611111111111,0.0,0.0,0.2291666666666666,21.322250000000004,30.901000000000003,1.0,Main_Floor_E,Deployment_A,none,A_P004
A055,1440,69.50840486111112,75.7415,11.086230040556451,52.598,81.901,53.489,53.8449,54.86725,77.74975,80.1632,80.48455,0.6604166666666667,0.6534722222222222,0.6513888888888889,0.0,0.0,0.2583333333333333,22.882500000000007,29.303,1.0,Main_Floor_E,Deployment_A,none,A_P005
A055,1440,68.95578819444445,77.088,11.992960046392124,52.505,84.736,53.27145,53.554,55.01925,78.253,82.1474,83.044,0.5951388888888889,0.5944444444444444,0.5944444444444444,0.0,0.0,0.2493055555555555,23.23375,32.231,1.0,Main_Floor_E,Deployment_A,none,A_P006
A055,1440,67.62385,71.495,10.927099853333695,53.172,84.791,54.14,54.396,55.0,78.685,79.667,80.6205,0.6125,0.5409722222222222,0.5236111111111111,0.0,0.0,0.2513888888888889,23.685,31.619,1.0,Main_Floor_E,Deployment_A,none,A_P007
A055,1440,54.78021527777777,54.576,1.0245248405469518,52.032,59.326,53.217,53.576,54.098,55.51875,56.293,56.57125,0.0,0.0,0.0,0.0,0.0,0.6569444444444444,1.4207499999999982,7.294000000000004,1.0,Main_Floor_E,Deployment_A,low_attendance,A_P008
A055,1440,54.68353333333334,55.022,1.037548414235817,52.326,57.196,53.066,53.25,53.663,55.50125,55.90110000000001,56.09855,0.0,0.0,0.0,0.0,0.0,0.4944444444444444,1.8382500000000024,4.869999999999997,1.0,Main_Floor_E,Deployment_A,low_attendance,A_P009
A055,1440,55.37575694444444,55.283,1.7020974419309884,52.457,66.88,53.227450000000005,53.4939,54.0515,56.14525,57.011,58.826,0.0180555555555555,0.0006944444444444,0.0,0.0,0.0,0.4333333333333333,2.09375,14.422999999999996,1.0,Main_Floor_E,Deployment_A,none,A_P010
A055,1440,69.46469444444445,71.8205,10.77867017031388,53.109,82.495,53.8134,54.5425,56.16075,79.95325,80.758,81.033,0.6583333333333333,0.6569444444444444,0.6395833333333333,0.0,0.0,0.1256944444444444,23.7925,29.386000000000003,1.0,Main_Floor_E,Deployment_A,none,A_P011
A055,1440,67.47451111111111,70.586,9.848727432031644,52.478,80.467,53.957,54.4175,55.39475,77.44,78.1219,78.47325,0.6416666666666667,0.6409722222222223,0.5159722222222223,0.0,0.0,0.1770833333333333,22.04525,27.989,1.0,Main_Floor_E,Deployment_A,none,A_P012
A055,1440,68.8949625,72.083,11.515728944671867,52.511,84.802,53.2386,53.717,55.58575,79.793,82.6096,83.12155,0.6284722222222222,0.6201388888888889,0.5361111111111111,0.0,0.0,0.1513888888888888,24.20725,32.291000000000004,1.0,Main_Floor_E,Deployment_A,none,A_P013
A055,1440,65.88864652777778,67.235,8.00616543862502,52.447,78.956,53.69545,55.1254,56.00825,73.0,74.703,75.63889999999999,0.6666666666666666,0.6625,0.425,0.0,0.0,0.0861111111111111,16.991749999999996,26.509,1.0,Main_Floor_E,Deployment_A,none,A_P014
A055,1440,64.16940347222223,65.1805,8.527417393406852,51.825,78.538,53.185,53.4995,54.65225,72.51125,74.4355,75.39655,0.5729166666666666,0.5229166666666667,0.4034722222222222,0.0,0.0,0.28125,17.85900000000001,26.712999999999997,1.0,Main_Floor_E,Deployment_A,broad_remote_work,A_P015
A055,1440,55.36007708333333,55.38,1.2657387750205396,51.901,61.098,53.098,53.4455,54.61225,56.315,56.8381,57.21755,0.0013888888888888,0.0,0.0,0.0,0.0,0.3715277777777778,1.7027499999999949,9.196999999999996,1.0,Main_Floor_E,Deployment_A,broad_remote_work,A_P016
A055,1440,54.96373402777778,55.098,1.5232593495387912,51.67,64.055,52.2968,52.6406,54.283,55.78075,56.4417,56.92305,0.0111111111111111,0.0,0.0,0.0,0.0,0.4631944444444444,1.4977499999999964,12.385000000000003,1.0,Main_Floor_E,Deployment_A,none,A_P017
A055,1440,54.75005763888889,55.087,1.4289108815135598,51.457,62.891,52.293,52.533,53.489,55.783,56.326,56.62,0.0013888888888888,0.0,0.0,0.0,0.0,0.4708333333333333,2.294000000000004,11.433999999999996,1.0,Main_Floor_E,Deployment_A,none,A_P018
A055,1440,54.713425,54.945,1.227582592526157,51.88,59.696,52.717,52.946,53.64625,55.696,56.1329,56.39155,0.0,0.0,0.0,0.0,0.0,0.5166666666666667,2.049749999999996,7.815999999999995,1.0,Main_Floor_E,Deployment_A,none,A_P019
A055,1440,54.52081180555555,54.4835,1.369857168309916,51.804,59.283,52.565,52.7717,53.261,55.638,56.315,56.696,0.0,0.0,0.0,0.0,0.0,0.60625,2.376999999999996,7.478999999999999,1.0,Main_Floor_E,Deployment_A,none,A_P020
A055,1440,67.551575,76.13,11.93298839398786,52.109,82.196,52.815,54.1057,55.077,79.39375000000001,79.8152,80.05445,0.5284722222222222,0.5145833333333333,0.5145833333333333,0.0,0.0,0.2354166666666666,24.316750000000013,30.087,1.0,Main_Floor_E,Deployment_A,none,A_P021
A055,1440,65.37047361111111,69.45400000000001,8.39018716781147,54.25,80.424,54.8699,55.087,56.58725,72.6355,75.2241,76.92615,0.5618055555555556,0.5388888888888889,0.4506944444444444,0.0,0.0,0.0798611111111111,16.048249999999996,26.174000000000007,1.0,Main_Floor_E,Deployment_A,none,A_P022
A055,1440,55.92917847222223,56.033,1.3657800839656529,52.559,61.813,53.55865,54.042,54.946,56.89,57.652,58.00055,0.0027777777777777,0.0,0.0,0.0,0.0,0.2715277777777777,1.9440000000000024,9.254000000000003,1.0,Main_Floor_E,Deployment_A,none,A_P023
A055,1440,55.87610624999999,56.054,1.5739921148859863,51.645,66.11,53.086450000000006,53.5214,54.957,57.087,57.554,57.82655,0.00625,0.0006944444444444,0.0,0.0,0.0,0.2631944444444444,2.1300000000000026,14.464999999999996,1.0,Main_Floor_E,Deployment_A,none,A_P024
A055,1440,68.60563472222222,71.71600000000001,11.326475476258766,53.087,84.685,54.891,55.0639,55.5805,80.196,80.9791,81.4092,0.6277777777777778,0.5513888888888889,0.5097222222222222,0.0,0.0,0.0826388888888888,24.6155,31.598,1.0,Main_Floor_E,Deployment_A,none,A_P025
A055,1440,67.33825555555556,69.946,8.145207622992226,53.913,79.283,54.576,54.857,55.891,73.37525000000001,76.065,76.83745,0.7104166666666667,0.7090277777777778,0.4965277777777778,0.0,0.0,0.1423611111111111,17.48425000000001,25.370000000000005,1.0,Main_Floor_E,Deployment_A,none,A_P026
A055,1440,65.86111944444444,68.9575,8.057271323186129,53.456,84.022,54.478,55.0749,57.75,73.0,75.0782,76.42755,0.6368055555555555,0.5340277777777778,0.4263888888888889,0.0,0.0,0.0979166666666666,15.25,30.566000000000003,1.0,Main_Floor_E,Deployment_A,none,A_P027
A055,775,68.14266193548387,70.75,7.028380805238547,55.312,78.293,55.946,56.1418,67.1035,73.2295,74.652,75.5066,0.76,0.7587096774193548,0.5367741935483871,0.0,0.0,0.0,6.126000000000005,22.98100000000001,0.5381944444444444,Main_Floor_E,Deployment_A,none,A_P028
A055,678,62.88300442477877,59.022,7.044312721469289,54.837,77.63,55.57265,55.815,57.04474999999999,70.06774999999999,73.9229,74.83865,0.387905604719764,0.3687315634218289,0.2566371681415929,0.0,0.0,0.0029498525073746,13.022999999999996,22.792999999999992,0.4708333333333333,Main_Floor_E,Deployment_A,none,A_P029
A055,1440,56.93159166666666,57.033,0.9746689664153247,53.891,64.363,55.3359,55.6254,56.413,57.5,57.8797,58.1014,0.0069444444444444,0.0,0.0,0.0,0.0,0.0284722222222222,1.0870000000000033,10.472,1.0,Main_Floor_E,Deployment_A,none,A_P030
A055,805,57.09414409937888,57.093,0.6436098707887526,55.696,60.196,56.141,56.261,56.63,57.495,57.837,58.1502,0.0012422360248447,0.0,0.0,0.0,0.0,0.0,0.8649999999999949,4.5,0.5590277777777778,Main_Floor_E,Deployment_A,none,A_P031
A056,525,58.94672,55.444,5.448573423810731,52.0,73.0,53.882,54.2388,54.714,64.516,66.9848,68.4466,0.3619047619047619,0.2076190476190476,0.0209523809523809,0.0,0.0,0.3580952380952381,9.802000000000008,21.0,0.3645833333333333,Main_Floor_E,Deployment_A,none,A_P001
A056,1301,55.7049423520369,55.429,1.376670513811211,52.0,64.667,54.125,54.389,54.818,56.333,57.294,58.111,0.0176787086856264,0.0,0.0,0.0,0.0,0.3358954650269024,1.5150000000000006,12.667000000000002,0.9034722222222222,Main_Floor_E,Deployment_A,none,A_P002
A056,1240,55.99855806451613,55.857,1.4327812441116343,52.0,65.0,54.2856,54.4986,55.0,56.64525,57.53530000000001,58.31685,0.0201612903225806,0.0008064516129032,0.0,0.0,0.0,0.2637096774193548,1.6452500000000043,13.0,0.8611111111111112,Main_Floor_E,Deployment_A,none,A_P003
A056,1013,63.95569792694966,65.783,6.441135968199703,52.0,75.4,54.676,55.168800000000005,56.5,69.4,71.4924,72.333,0.6327739387956565,0.6031589338598223,0.2122408687068114,0.0,0.0,0.0908193484698914,12.900000000000006,23.40000000000001,0.7034722222222223,Main_Floor_E,Deployment_A,none,A_P004
A056,1088,63.72345128676472,65.018,6.37812168333094,51.0,77.5,54.23895,54.6348,55.75,68.8785,71.1,72.04614999999998,0.6847426470588235,0.5101102941176471,0.1681985294117647,0.0,0.0,0.1617647058823529,13.128500000000004,26.5,0.7555555555555555,Main_Floor_E,Deployment_A,none,A_P005
A056,994,63.910270623742456,65.81649999999999,6.763101870486384,52.0,78.25,54.3052,54.632,55.699,69.70224999999999,71.4428,72.4675,0.6549295774647887,0.5694164989939637,0.2303822937625754,0.0,0.0,0.1680080482897384,14.003249999999994,26.25,0.6902777777777778,Main_Floor_E,Deployment_A,none,A_P006
A056,1068,62.64199812734082,63.5,6.013338753425163,52.0,75.0,54.2318,54.5318,55.777,67.91900000000001,69.7704,71.0,0.6226591760299626,0.4400749063670412,0.0889513108614232,0.0,0.0,0.1872659176029962,12.14200000000001,23.0,0.7416666666666667,Main_Floor_E,Deployment_A,none,A_P007
A056,987,54.753533941236064,54.667,0.9077553237531618,51.6,63.333,53.6479,53.8812,54.2165,55.1315,55.667,56.0,0.0030395136778115,0.0,0.0,0.0,0.0,0.7011144883485309,0.9150000000000064,11.732999999999995,0.6854166666666667,Main_Floor_E,Deployment_A,low_attendance,A_P008
A056,861,55.22860046457607,55.133,1.0849422418234107,52.5,65.0,54.077,54.333,54.704,55.533,56.0,56.48,0.0139372822299651,0.0011614401858304,0.0,0.0,0.0,0.4274099883855981,0.8290000000000006,12.5,0.5979166666666667,Main_Floor_E,Deployment_A,low_attendance,A_P009
A056,765,56.17655424836601,55.692,1.74647875094007,53.0,65.792,54.5572,54.833,55.188,56.385,58.4574,59.394,0.0418300653594771,0.0039215686274509,0.0,0.0,0.0,0.1764705882352941,1.1969999999999956,12.792000000000002,0.53125,Main_Floor_E,Deployment_A,none,A_P010
A056,878,63.02232460136675,65.191,6.267049327480726,53.0,76.0,54.7039,55.0812,56.0,68.714,70.5,71.5,0.60250569476082,0.5125284738041003,0.1423690205011389,0.0,0.0,0.0945330296127562,12.714,23.0,0.6097222222222223,Main_Floor_E,Deployment_A,none,A_P011
A056,879,63.12217406143345,63.222,6.4428586271711525,52.0,75.667,54.4117,54.714,55.728,69.0,70.9336,72.0,0.6564277588168373,0.4755403868031854,0.1683731513083048,0.0,0.0,0.1569965870307167,13.271999999999998,23.667,0.6104166666666667,Main_Floor_E,Deployment_A,none,A_P012
A056,834,62.4154892086331,61.667,6.332955119302561,52.75,76.0,54.8603,55.333,56.11575,68.7355,71.0,72.0,0.564748201438849,0.4016786570743405,0.1678657074340527,0.0,0.0,0.0623501199040767,12.619750000000003,23.25,0.5791666666666667,Main_Floor_E,Deployment_A,none,A_P013
A056,927,63.59363754045308,63.5,6.523150123499234,52.923,77.0,54.7381,55.2066,56.27,69.75,71.8822,72.667,0.6483279395900755,0.4282632146709816,0.2362459546925566,0.0,0.0,0.0830636461704422,13.479999999999997,24.077,0.64375,Main_Floor_E,Deployment_A,none,A_P014
A056,1059,61.42264022662889,58.625,6.661899650450405,52.0,76.0,54.3076,54.615,55.4585,68.7415,71.0558,72.3033,0.4353163361661945,0.3427762039660056,0.1879131255901794,0.0,0.0,0.178470254957507,13.283,24.0,0.7354166666666667,Main_Floor_E,Deployment_A,broad_remote_work,A_P015
A056,910,55.63007802197802,55.455,1.2827527362920432,52.0,65.444,54.111,54.439600000000006,54.923,56.1,56.8,57.58695,0.0153846153846153,0.001098901098901,0.0,0.0,0.0,0.3043956043956043,1.1769999999999996,13.444000000000004,0.6319444444444444,Main_Floor_E,Deployment_A,broad_remote_work,A_P016
A056,1212,55.70398762376237,55.5,1.3015565510834854,52.0,65.0,54.13245,54.444,54.915,56.18625,57.167,58.0,0.0148514851485148,0.0008250825082508,0.0,0.0,0.0,0.3069306930693069,1.271250000000002,13.0,0.8416666666666667,Main_Floor_E,Deployment_A,none,A_P017
A056,1152,55.77988020833333,55.622,1.2567452444480811,52.5,65.5,54.36085,54.6261,55.1,56.167,56.8162,57.48405,0.0182291666666666,0.0017361111111111,0.0,0.0,0.0,0.2213541666666666,1.0670000000000002,13.0,0.8,Main_Floor_E,Deployment_A,none,A_P018
A056,1114,55.64041202872532,55.5205,0.934184043636139,52.0,63.6,54.4766,54.7046,55.09625,56.03675,56.6625,57.0441,0.0062836624775583,0.0,0.0,0.0,0.0,0.2190305206463195,0.9405,11.6,0.7736111111111111,Main_Floor_E,Deployment_A,none,A_P019
A056,862,55.50757308584687,55.429,0.845574449533876,53.0,62.75,54.41245,54.6844,55.0,55.875,56.333,56.86985,0.0046403712296983,0.0,0.0,0.0,0.0,0.2610208816705336,0.875,9.75,0.5986111111111111,Main_Floor_E,Deployment_A,none,A_P020
A056,854,61.35783138173303,62.4645,5.886266886490158,53.0,73.0,54.5,54.786,55.444,67.0,68.8399,69.9233,0.5187353629976581,0.3700234192037471,0.050351288056206,0.0,0.0,0.1662763466042154,11.555999999999996,20.0,0.5930555555555556,Main_Floor_E,Deployment_A,none,A_P021
A056,1008,62.16282837301588,61.9,5.960902990160294,52.25,75.0,55.091,55.4731,56.333,67.67675,70.0,71.3603,0.5218253968253969,0.4285714285714285,0.115079365079365,0.0,0.0,0.0466269841269841,11.34375,22.75,0.7,Main_Floor_E,Deployment_A,none,A_P022
A056,1195,56.381633472803344,56.231,1.1174540005900648,53.714,65.0,55.0,55.25,55.667,56.833,57.6,58.1239,0.0158995815899581,0.000836820083682,0.0,0.0,0.0,0.0585774058577405,1.1659999999999968,11.286,0.8298611111111112,Main_Floor_E,Deployment_A,none,A_P023
A056,1178,56.0381765704584,55.889,1.040215874952129,53.0,64.5,54.818,55.0858,55.5,56.348,57.0,57.51244999999999,0.0127334465195246,0.0,0.0,0.0,0.0,0.0916808149405772,0.847999999999999,11.5,0.8180555555555555,Main_Floor_E,Deployment_A,none,A_P024
A056,858,62.64124475524476,61.0,6.504866174233892,53.0,77.0,55.0692,55.4517,56.38875,69.625,71.6453,72.6466,0.5337995337995338,0.3706293706293706,0.2319347319347319,0.0,0.0,0.0477855477855477,13.236249999999998,24.0,0.5958333333333333,Main_Floor_E,Deployment_A,none,A_P025
A056,1107,63.980631436314354,65.0,5.969247479358253,53.0,75.4,55.1201,55.7828,56.911,69.0,71.0444,72.0752,0.6757000903342367,0.5085817524841915,0.1906052393857271,0.0,0.0,0.043360433604336,12.089,22.40000000000001,0.76875,Main_Floor_E,Deployment_A,none,A_P026
A056,973,62.184184994861255,60.636,6.158515168025084,53.0,76.0,54.9808,55.4194,56.286,68.2,71.0,72.0,0.5467625899280576,0.3669064748201439,0.1634121274409044,0.0,0.0,0.0575539568345323,11.914,23.0,0.6756944444444445,Main_Floor_E,Deployment_A,none,A_P027
A056,991,63.00452371342079,63.75,6.446843211144741,53.0,78.0,55.182,55.5,56.5,69.2,71.231,72.385,0.5529767911200807,0.467204843592331,0.2008072653884964,0.0,0.0,0.0353178607467204,12.700000000000005,25.0,0.6881944444444444,Main_Floor_E,Deployment_A,none,A_P028
A056,674,64.00890504451039,66.0715,7.125615982436687,53.0,76.0,54.7,55.0,56.571,70.667,72.273,73.333,0.5756676557863502,0.5445103857566765,0.3338278931750741,0.0,0.0,0.1053412462908011,14.096000000000004,23.0,0.4680555555555555,Main_Floor_E,Deployment_A,none,A_P029
A056,616,57.38141558441558,57.333,1.5760017000993634,52.0,65.0,55.0,55.556,56.429,58.10625,59.25,60.02775,0.0714285714285714,0.0016233766233766,0.0,0.0,0.0,0.0519480519480519,1.6772500000000008,13.0,0.4277777777777777,Main_Floor_E,Deployment_A,none,A_P030
A056,437,56.69762471395881,56.5,1.2562851806686408,53.0,64.0,55.1222,55.4592,56.0,57.154,57.75,59.0,0.0274599542334096,0.0,0.0,0.0,0.0,0.0434782608695652,1.1540000000000037,11.0,0.3034722222222222,Main_Floor_E,Deployment_A,none,A_P031
