sensor_a,sensor_b,company_a,company_b,floor_a,floor_b,same_company,same_floor,same_zone_type,same_team,same_open_zone,wall_between,door_between,different_floor,approx_distance,pearson_corr,spearman_corr,mean_abs_difference_db,median_abs_difference_db,std_difference_db,shared_high_exposure_rate,shared_quiet_rate,cross_correlation_max,cross_correlation_lag_min,n_aligned_records,aligned_coverage_ratio
S001,S002,HQ_Anonymized,HQ_Anonymized,Floor_A,Floor_A,True,True,unknown,False,unknown,unknown,unknown,False,0.0999999999999999,0.8645157242644955,0.8125000000000001,3.677017189701929,2.965911111111112,4.120286357146606,0.0,0.0,,,31,1.0
S001,S003,HQ_Anonymized,HQ_Anonymized,Floor_A,Floor_A,True,True,unknown,False,unknown,unknown,unknown,False,0.7244308110509933,0.9299897881495924,0.9185483870967744,7.058691809493812,7.230581944444445,2.864548475756428,0.0,0.0,,,31,1.0
S001,S004,HQ_Anonymized,HQ_Anonymized,Floor_A,Floor_A,True,True,unknown,False,unknown,unknown,unknown,False,0.5780138406647369,0.9256624576208689,0.7870967741935484,5.836151006951401,5.301638888888888,3.081020965860939,0.0,0.0,,,31,1.0
S001,S005,HQ_Anonymized,HQ_Anonymized,Floor_A,Floor_A,True,True,unknown,False,unknown,unknown,unknown,False,0.7472616676907762,0.8979980596180474,0.8774193548387097,3.385387662410372,2.8506805668016213,3.337646535126811,0.0,0.0,,,31,1.0
S001,S006,HQ_Anonymized,HQ_Anonymized,Floor_A,Floor_A,True,True,unknown,False,unknown,unknown,unknown,False,0.4159326868617084,0.906184263855934,0.8447580645161291,3.389238963320351,2.219407638888889,3.240194000594218,0.0,0.0,,,31,1.0
S001,S007,HQ_Anonymized,HQ_Anonymized,Floor_A,Floor_A,True,True,unknown,False,unknown,unknown,unknown,False,0.42,0.9482557582895296,0.9350806451612904,4.516740801359114,4.70686666666667,3.0745195713453293,0.0,0.0,,,31,1.0
S001,S008,HQ_Anonymized,HQ_Anonymized,Floor_A,Floor_A,True,True,unknown,False,unknown,unknown,unknown,False,0.27,0.9633259362629856,0.8697580645161292,2.6900661053785706,2.3019805555555664,3.0871309704291727,0.0,0.0,,,31,1.0
S001,S009,HQ_Anonymized,HQ_Anonymized,Floor_A,Floor_A,True,True,unknown,False,unknown,unknown,unknown,False,0.12,0.9579783122210336,0.8975806451612905,3.032805796110204,2.8241298611111176,3.4393103719042197,0.0,0.0,,,31,1.0
S001,S010,HQ_Anonymized,HQ_Anonymized,Floor_A,Floor_B,True,False,unknown,False,unknown,unknown,unknown,True,0.02,0.8935363008638709,0.7959677419354839,6.59399406732495,6.395273782557503,3.797617279266104,0.0,0.0,,,31,1.0
S001,S011,HQ_Anonymized,HQ_Anonymized,Floor_A,Floor_B,True,False,unknown,False,unknown,unknown,unknown,True,0.16,0.7361053627579459,0.5995967741935484,7.865267553288962,7.007606944444454,4.672233495577474,0.0,0.0,,,31,1.0
S001,S012,HQ_Anonymized,HQ_Anonymized,Floor_A,Floor_B,True,False,unknown,False,unknown,unknown,unknown,True,0.4827007354458867,0.6769440520643644,0.6923387096774195,6.419290442432989,7.197591666666668,5.124319082424011,0.0,0.0,,,31,1.0
S001,S013,HQ_Anonymized,HQ_Anonymized,Floor_A,Floor_B,True,False,unknown,False,unknown,unknown,unknown,True,0.700357051795725,0.8233515578311477,0.7620967741935485,4.882679267542687,4.47711875000001,5.234451496968321,0.0,0.0,,,31,1.0
S001,S014,HQ_Anonymized,HQ_Anonymized,Floor_A,Floor_B,True,False,unknown,False,unknown,unknown,unknown,True,0.3705401462729781,0.9201204964573766,0.8556451612903226,4.185344244640351,4.234491666666663,3.766779329164189,0.0,0.0,,,31,1.0
S001,S015,HQ_Anonymized,HQ_Anonymized,Floor_A,Floor_B,True,False,unknown,False,unknown,unknown,unknown,True,0.7083078426785913,0.9253117652808556,0.8830645161290324,4.831407240667326,4.12810458175953,5.032889114118063,0.0,0.0,,,31,1.0
S001,S016,HQ_Anonymized,HQ_Anonymized,Floor_A,Floor_B,True,False,unknown,False,unknown,unknown,unknown,True,0.6902897942168926,0.8950347724388086,0.8528225806451614,4.841713912290143,6.108544186046508,4.348204577284212,0.0,0.0,,,31,1.0
S001,S017,HQ_Anonymized,HQ_Anonymized,Floor_A,Floor_B,True,False,unknown,False,unknown,unknown,unknown,True,0.7564390259630976,0.9174552266754232,0.8415322580645161,4.392718804125203,3.8054902777777713,4.66094645218423,0.0,0.0,,,31,1.0
S001,S018,HQ_Anonymized,HQ_Anonymized,Floor_A,Floor_B,True,False,unknown,False,unknown,unknown,unknown,True,0.9479451460923252,0.8954642017887058,0.8358870967741936,2.997875688269214,2.5249999521072795,3.6551797240508903,0.0,0.0,,,31,1.0
S001,S019,HQ_Anonymized,HQ_Anonymized,Floor_A,Floor_B,True,False,unknown,False,unknown,unknown,unknown,True,0.31,0.9183784204931668,0.753225806451613,7.527819904608035,8.342715754001688,4.4217372500477055,0.0,0.0,,,31,1.0
S001,S020,HQ_Anonymized,HQ_Anonymized,Floor_A,Floor_B,True,False,unknown,False,unknown,unknown,unknown,True,0.0999999999999999,0.9291522016055634,0.8133064516129034,4.212218553117834,4.220852083333334,4.356631316838371,0.0,0.0,,,31,1.0
S001,S021,HQ_Anonymized,HQ_Anonymized,Floor_A,Floor_C,True,False,unknown,False,unknown,unknown,unknown,True,0.3860051813123756,0.9170250322606576,0.7818548387096774,4.314335337830909,3.88442222222222,4.651183600480112,0.0,0.0,,,31,1.0
S001,S022,HQ_Anonymized,HQ_Anonymized,Floor_A,Floor_C,True,False,unknown,False,unknown,unknown,unknown,True,0.3705401462729781,0.9314543861986824,0.7737903225806453,4.057517312144855,3.826872222222228,4.255722486788625,0.0,0.0,,,31,1.0
S001,S023,HQ_Anonymized,HQ_Anonymized,Floor_A,Floor_C,True,False,unknown,False,unknown,unknown,unknown,True,0.4827007354458867,0.918457326702036,0.7681451612903226,6.48094907708876,6.070764583333336,2.778841967004745,0.0,0.0,,,31,1.0
S001,S024,HQ_Anonymized,HQ_Anonymized,Floor_A,Floor_C,True,False,unknown,False,unknown,unknown,unknown,True,0.6987131027825368,0.8861489579121891,0.740725806451613,4.494138956510606,4.102026388888888,4.712235522855404,0.0,0.0,,,31,1.0
S001,S025,HQ_Anonymized,HQ_Anonymized,Floor_A,Floor_C,True,False,unknown,False,unknown,unknown,unknown,True,0.1099999999999999,0.9408511803700406,0.8032258064516131,4.927137623694873,5.2775986111111095,4.029547876676237,0.0,0.0,,,31,1.0
S001,S026,HQ_Anonymized,HQ_Anonymized,Floor_A,Floor_C,True,False,unknown,False,unknown,unknown,unknown,True,0.31,0.9478664535411268,0.8020161290322582,7.321705315679336,6.706877083333332,2.813733728009732,0.0,0.0,,,31,1.0
S001,S027,HQ_Anonymized,HQ_Anonymized,Floor_A,Floor_C,True,False,unknown,False,unknown,unknown,unknown,True,0.16,0.950580628931006,0.8072580645161291,6.400650734360931,6.354611805555557,3.547431998106667,0.0,0.0,,,31,1.0
S001,S028,HQ_Anonymized,HQ_Anonymized,Floor_A,Floor_C,True,False,unknown,False,unknown,unknown,unknown,True,0.02,0.9401450050159806,0.8645161290322582,4.626403171124691,3.6992951388888855,4.796521116803868,0.0,0.0,,,31,1.0
S001,S029,HQ_Anonymized,HQ_Anonymized,Floor_A,Floor_C,True,False,unknown,False,unknown,unknown,unknown,True,0.7083078426785913,0.9321514820844802,0.8076612903225807,3.704391989748213,3.571475694444445,2.469009543975387,0.0,0.0,,,31,1.0
S001,S030,HQ_Anonymized,HQ_Anonymized,Floor_A,Floor_C,True,False,unknown,False,unknown,unknown,unknown,True,0.7564390259630976,0.9310320466614396,0.7814516129032258,4.785578045537054,5.642697863247861,5.390467357523848,0.0,0.0,,,31,1.0
S001,S031,HQ_Anonymized,HQ_Anonymized,Floor_A,Floor_C,True,False,unknown,False,unknown,unknown,unknown,True,0.9479451460923252,0.9360231967861397,0.7854838709677421,3.9248405251675234,4.282094444444439,3.764147910931708,0.0,0.0,,,31,1.0
S001,S032,HQ_Anonymized,HQ_Anonymized,Floor_A,Floor_D,True,False,unknown,False,unknown,unknown,unknown,True,0.3238826948140328,0.9112879657467124,0.7689516129032259,3.0192342995536263,2.7360535714285774,3.5840274869086017,0.0,0.0,,,31,1.0
S001,S033,HQ_Anonymized,HQ_Anonymized,Floor_A,Floor_D,True,False,unknown,False,unknown,unknown,unknown,True,0.0447213595499958,0.8260347138590056,0.7375,2.9409128042977346,2.139484722222228,3.838668908763813,0.0,0.0,,,31,1.0
S001,S034,HQ_Anonymized,HQ_Anonymized,Floor_A,Floor_D,True,False,unknown,False,unknown,unknown,unknown,True,0.737563556583431,0.898285859983551,0.822983870967742,5.058873290427688,3.1919777777777654,5.044575881413167,0.0,0.0,,,31,1.0
S001,S035,HQ_Anonymized,HQ_Anonymized,Floor_A,Floor_D,True,False,unknown,False,unknown,unknown,unknown,True,0.7206247289678588,0.918501271582533,0.8217741935483872,4.2999732937342765,3.372844444444439,4.482804264766366,0.0,0.0,,,31,1.0
S001,S036,HQ_Anonymized,HQ_Anonymized,Floor_A,Floor_D,True,False,unknown,False,unknown,unknown,unknown,True,0.4119465984809196,0.921081592139039,0.7774193548387097,2.6885720474632118,1.8025715277777865,3.3611453823055037,0.0,0.0,,,31,1.0
S001,S037,HQ_Anonymized,HQ_Anonymized,Floor_A,Floor_D,True,False,unknown,False,unknown,unknown,unknown,True,0.37,0.9707192639401676,0.8754032258064517,2.31008334863866,1.998049999999992,2.694487975628534,0.0,0.0,,,31,1.0
S001,S038,HQ_Anonymized,HQ_Anonymized,Floor_A,Floor_D,True,False,unknown,False,unknown,unknown,unknown,True,0.2531797780234432,0.9382289349904736,0.7661290322580646,5.132772486308689,4.7190173611111135,3.535969715547564,0.0,0.0,,,31,1.0
S001,S039,HQ_Anonymized,HQ_Anonymized,Floor_A,Floor_D,True,False,unknown,False,unknown,unknown,unknown,True,0.1264911064067352,0.8518845240608969,0.7241935483870968,3.622919191966984,4.0460152777777765,4.132483428973243,0.0,0.0,,,31,1.0
S001,S040,HQ_Anonymized,HQ_Anonymized,Floor_A,Floor_D,True,False,unknown,False,unknown,unknown,unknown,True,0.5467174773134658,0.9642811932504076,0.8435483870967743,4.237623359732702,3.5153055555555426,3.571597826700616,0.032258064516129,0.0,,,31,1.0
S001,S041,HQ_Anonymized,HQ_Anonymized,Floor_A,Floor_D,True,False,unknown,False,unknown,unknown,unknown,True,0.9060353193998564,0.8548900161973109,0.8729838709677421,4.467552556963646,3.4396513888888838,4.737727130246254,0.0,0.0,,,31,1.0
S001,S042,HQ_Anonymized,HQ_Anonymized,Floor_A,Floor_D,True,False,unknown,False,unknown,unknown,unknown,True,0.8335466393669883,0.1070350576949251,0.0221774193548387,11.289683154775158,13.810672916666668,6.6538773615029205,0.0,0.0,,,31,1.0
S001,S043,HQ_Anonymized,HQ_Anonymized,Floor_A,Floor_D,True,False,unknown,False,unknown,unknown,unknown,True,0.7655063683601855,0.8567291183134733,0.7770161290322581,3.268232936835641,3.17463333333334,3.95333846125566,0.0,0.0,,,31,1.0
S001,S044,HQ_Anonymized,HQ_Anonymized,Floor_A,Floor_D,True,False,unknown,False,unknown,unknown,unknown,True,0.4360045871318328,0.9476295638233936,0.8854838709677421,4.053839499133157,3.9913576286405856,4.223091460091392,0.0,0.0,,,31,1.0
S001,S045,HQ_Anonymized,HQ_Anonymized,Floor_A,Floor_E,True,False,unknown,False,unknown,unknown,unknown,True,0.3860051813123756,0.9498568287839916,0.8366935483870969,3.348418792330205,3.06962847222222,3.752293585231117,0.0,0.0,,,31,1.0
S001,S046,HQ_Anonymized,HQ_Anonymized,Floor_A,Floor_E,True,False,unknown,False,unknown,unknown,unknown,True,0.4827007354458867,0.9470258131182232,0.8552419354838711,6.32574288171734,6.380154861111116,3.307258223339341,0.0,0.0,,,31,1.0
S001,S047,HQ_Anonymized,HQ_Anonymized,Floor_A,Floor_E,True,False,unknown,False,unknown,unknown,unknown,True,0.7083078426785913,0.9283604392511702,0.8416017797552835,3.2125792070141093,2.725902430555553,3.1381603395712823,0.0,0.0,,,30,0.967741935483871
S001,S048,HQ_Anonymized,HQ_Anonymized,Floor_A,Floor_E,True,False,unknown,False,unknown,unknown,unknown,True,0.8130190649671137,0.8957708522206448,0.8504032258064517,4.7599837357305885,4.663065277777783,3.8579442562481607,0.0,0.0,,,31,1.0
S001,S049,HQ_Anonymized,HQ_Anonymized,Floor_A,Floor_E,True,False,unknown,False,unknown,unknown,unknown,True,0.7523961722390671,0.9173894944619252,0.8076612903225807,2.500146781055177,2.2880784722222103,3.0670816997179022,0.0,0.0,,,31,1.0
S001,S050,HQ_Anonymized,HQ_Anonymized,Floor_A,Floor_E,True,False,unknown,False,unknown,unknown,unknown,True,0.4304648650006176,0.8250271026185714,0.770967741935484,3.214445505103629,1.341053416149066,3.82056277863492,0.0,0.0,,,31,1.0
S001,S051,HQ_Anonymized,HQ_Anonymized,Floor_A,Floor_E,True,False,unknown,False,unknown,unknown,unknown,True,0.7083078426785913,0.9215502764880916,0.8112903225806452,2.385895182303257,1.7829083333333386,2.740342536354825,0.0,0.0,,,31,1.0
S001,S052,HQ_Anonymized,HQ_Anonymized,Floor_A,Floor_E,True,False,unknown,False,unknown,unknown,unknown,True,0.6902897942168926,0.9167135545439594,0.7661290322580646,2.3579354033600755,1.7820921423135443,2.9757741984305373,0.0,0.0,,,31,1.0
S001,S053,HQ_Anonymized,HQ_Anonymized,Floor_A,Floor_E,True,False,unknown,False,unknown,unknown,unknown,True,0.560357029044876,0.5075103938594295,0.3791304347826086,6.212589504811629,7.104896459790215,5.867542017213155,0.0,0.0,,,24,0.7741935483870968
S001,S054,HQ_Anonymized,HQ_Anonymized,Floor_A,Floor_E,True,False,unknown,False,unknown,unknown,unknown,True,0.3006659275674581,0.9445612855218526,0.8955645161290322,2.840109065240352,2.6109583333333437,3.207815762645061,0.0,0.0,,,31,1.0
S001,S055,HQ_Anonymized,HQ_Anonymized,Floor_A,Floor_E,True,False,unknown,False,unknown,unknown,unknown,True,0.0223606797749979,0.9182168253288118,0.7846774193548387,1.7261826664435849,1.043504861111117,2.642780793840452,0.0,0.0,,,31,1.0
S001,S056,HQ_Anonymized,HQ_Anonymized,Floor_A,Floor_E,True,False,unknown,False,unknown,unknown,unknown,True,0.3705401462729781,0.95197474943521,0.8693548387096774,3.16042967598658,2.5096259385665505,3.426322363273973,0.0,0.0,,,31,1.0
S002,S003,HQ_Anonymized,HQ_Anonymized,Floor_A,Floor_A,True,True,unknown,False,unknown,unknown,unknown,False,0.7202777242147642,0.8683191817408139,0.8358870967741936,5.721595281657744,5.511006944444453,2.4519584480658287,0.0,0.0,,,31,1.0
S002,S004,HQ_Anonymized,HQ_Anonymized,Floor_A,Floor_A,True,True,unknown,False,unknown,unknown,unknown,False,0.6435060217278467,0.8070756893062826,0.6645161290322581,4.688551701337556,4.223237500000003,2.607369196170424,0.0,0.0,,,31,1.0
S002,S005,HQ_Anonymized,HQ_Anonymized,Floor_A,Floor_A,True,True,unknown,False,unknown,unknown,unknown,False,0.72691127381545,0.8200992720077782,0.751209677419355,2.0307450816695574,1.3685931853582574,2.527677517666051,0.0,0.0,,,31,1.0
S002,S006,HQ_Anonymized,HQ_Anonymized,Floor_A,Floor_A,True,True,unknown,False,unknown,unknown,unknown,False,0.4110960958218893,0.8607211734161724,0.8068548387096776,2.3773420770613427,2.238653607051724,2.3101429950553647,0.0,0.0,,,31,1.0
S002,S007,HQ_Anonymized,HQ_Anonymized,Floor_A,Floor_A,True,True,unknown,False,unknown,unknown,unknown,False,0.52,0.854683016634986,0.7911290322580647,3.372863359544552,2.979636805555557,2.129582987710667,0.0,0.0,,,31,1.0
S002,S008,HQ_Anonymized,HQ_Anonymized,Floor_A,Floor_A,True,True,unknown,False,unknown,unknown,unknown,False,0.37,0.8762492356779964,0.828225806451613,1.1637013979434314,0.9348270833333244,1.88415335541914,0.0,0.0,,,31,1.0
S002,S009,HQ_Anonymized,HQ_Anonymized,Floor_A,Floor_A,True,True,unknown,False,unknown,unknown,unknown,False,0.2199999999999999,0.839951847612665,0.7237903225806452,1.3014268540348737,0.9051048611111128,1.9577022439319751,0.0,0.0,,,31,1.0
S002,S010,HQ_Anonymized,HQ_Anonymized,Floor_A,Floor_B,True,False,unknown,False,unknown,unknown,unknown,True,0.12,0.8443639424276664,0.7790322580645163,5.182057485058761,5.234681185121112,1.9654938304267884,0.0,0.0,,,31,1.0
S002,S011,HQ_Anonymized,HQ_Anonymized,Floor_A,Floor_B,True,False,unknown,False,unknown,unknown,unknown,True,0.26,0.6298151017317715,0.5419354838709677,6.629825864162571,6.075768749999995,3.0570132362859583,0.0,0.0,,,31,1.0
S002,S012,HQ_Anonymized,HQ_Anonymized,Floor_A,Floor_B,True,False,unknown,False,unknown,unknown,unknown,True,0.552268050859363,0.6636532716312515,0.645967741935484,4.913912991435231,5.191959027777777,2.645886667036966,0.0,0.0,,,31,1.0
S002,S013,HQ_Anonymized,HQ_Anonymized,Floor_A,Floor_B,True,False,unknown,False,unknown,unknown,unknown,True,0.6902897942168926,0.7237398659334849,0.6342741935483872,1.780393979588722,1.417033333333336,2.391971958905269,0.0,0.0,,,31,1.0
S002,S014,HQ_Anonymized,HQ_Anonymized,Floor_A,Floor_B,True,False,unknown,False,unknown,unknown,unknown,True,0.3889730067755345,0.839718504511705,0.7951612903225806,2.636035754438695,2.4698437500000026,1.9229419952263955,0.0,0.0,,,31,1.0
S002,S015,HQ_Anonymized,HQ_Anonymized,Floor_A,Floor_B,True,False,unknown,False,unknown,unknown,unknown,True,0.7373601562330311,0.8479930116459196,0.7487903225806453,1.6289594705514836,1.36805180398175,2.0650084021259376,0.0,0.0,,,31,1.0
S002,S016,HQ_Anonymized,HQ_Anonymized,Floor_A,Floor_B,True,False,unknown,False,unknown,unknown,unknown,True,0.700357051795725,0.8098012703666406,0.7266129032258065,3.27782779094821,3.645401415945173,1.9776307865020968,0.0,0.0,,,31,1.0
S002,S017,HQ_Anonymized,HQ_Anonymized,Floor_A,Floor_B,True,False,unknown,False,unknown,unknown,unknown,True,0.8026207074328445,0.827579350721839,0.7262096774193549,1.325686236901886,1.3662833333333424,1.95649155720806,0.0,0.0,,,31,1.0
S002,S018,HQ_Anonymized,HQ_Anonymized,Floor_A,Floor_B,True,False,unknown,False,unknown,unknown,unknown,True,1.0191172650877818,0.820942990906151,0.7383064516129033,1.8276200763183428,1.7078334595959532,2.202710648099555,0.0,0.0,,,31,1.0
S002,S019,HQ_Anonymized,HQ_Anonymized,Floor_A,Floor_B,True,False,unknown,False,unknown,unknown,unknown,True,0.41,0.8345267252336819,0.7500000000000001,6.153143104112361,6.483723614072488,1.8708624184550595,0.0,0.0,,,31,1.0
S002,S020,HQ_Anonymized,HQ_Anonymized,Floor_A,Floor_B,True,False,unknown,False,unknown,unknown,unknown,True,0.0,0.8385528960254137,0.7415322580645162,2.001318905221213,1.8572493055555697,1.8485519889685464,0.0,0.0,,,31,1.0
S002,S021,HQ_Anonymized,HQ_Anonymized,Floor_A,Floor_C,True,False,unknown,False,unknown,unknown,unknown,True,0.3701351104664349,0.829073527738855,0.7100806451612903,1.3432965882559535,1.064096527777771,1.9471095761589647,0.0,0.0,,,31,1.0
S002,S022,HQ_Anonymized,HQ_Anonymized,Floor_A,Floor_C,True,False,unknown,False,unknown,unknown,unknown,True,0.3889730067755345,0.8550344890733673,0.7306451612903226,1.8730973078565727,1.7808430555555574,1.7546945254651891,0.0,0.0,,,31,1.0
S002,S023,HQ_Anonymized,HQ_Anonymized,Floor_A,Floor_C,True,False,unknown,False,unknown,unknown,unknown,True,0.552268050859363,0.8015864210249666,0.7173387096774194,5.505381331894783,4.840034722222235,3.249329522429221,0.0,0.0,,,31,1.0
S002,S024,HQ_Anonymized,HQ_Anonymized,Floor_A,Floor_C,True,False,unknown,False,unknown,unknown,unknown,True,0.6900724599634447,0.7966488606921215,0.6923387096774195,2.1574463969285103,1.9992875000000008,2.063035108960468,0.0,0.0,,,31,1.0
S002,S025,HQ_Anonymized,HQ_Anonymized,Floor_A,Floor_C,True,False,unknown,False,unknown,unknown,unknown,True,0.01,0.8632801645460311,0.7721774193548389,3.6533561048193786,3.694777083333328,1.7005284275779595,0.0,0.0,,,31,1.0
S002,S026,HQ_Anonymized,HQ_Anonymized,Floor_A,Floor_C,True,False,unknown,False,unknown,unknown,unknown,True,0.41,0.862544059001541,0.7620967741935485,5.990163088918536,5.734885416666671,2.31812490047812,0.0,0.0,,,31,1.0
S002,S027,HQ_Anonymized,HQ_Anonymized,Floor_A,Floor_C,True,False,unknown,False,unknown,unknown,unknown,True,0.26,0.8724407539714938,0.806451612903226,5.075517154553539,5.340510416666675,1.7263877570318311,0.0,0.0,,,31,1.0
S002,S028,HQ_Anonymized,HQ_Anonymized,Floor_A,Floor_C,True,False,unknown,False,unknown,unknown,unknown,True,0.12,0.8674204283340601,0.7947580645161292,1.559332447998525,1.3986340277777884,1.8915782846017275,0.0,0.0,,,31,1.0
S002,S029,HQ_Anonymized,HQ_Anonymized,Floor_A,Floor_C,True,False,unknown,False,unknown,unknown,unknown,True,0.7373601562330311,0.8239184560207421,0.6879032258064517,3.091612243786185,2.036465277777765,3.492636983565044,0.0,0.0,,,31,1.0
S002,S030,HQ_Anonymized,HQ_Anonymized,Floor_A,Floor_C,True,False,unknown,False,unknown,unknown,unknown,True,0.8026207074328445,0.8464636525695528,0.7241935483870968,4.237887896721851,4.708908963770369,2.30809215786744,0.0,0.0,,,31,1.0
S002,S031,HQ_Anonymized,HQ_Anonymized,Floor_A,Floor_C,True,False,unknown,False,unknown,unknown,unknown,True,1.0191172650877818,0.8452550583255328,0.753225806451613,2.542874053655061,2.562684722222229,1.85591659534118,0.0,0.0,,,31,1.0
S002,S032,HQ_Anonymized,HQ_Anonymized,Floor_A,Floor_D,True,False,unknown,False,unknown,unknown,unknown,True,0.3534119409414458,0.8333771283396324,0.7600806451612905,2.0205006185753227,1.5895993055555593,2.09774997173146,0.0,0.0,,,31,1.0
S002,S033,HQ_Anonymized,HQ_Anonymized,Floor_A,Floor_D,True,False,unknown,False,unknown,unknown,unknown,True,0.0894427190999915,0.7812165753145578,0.7241935483870968,2.7208085433721827,2.221310714285714,2.9696485817219624,0.0,0.0,,,31,1.0
S002,S034,HQ_Anonymized,HQ_Anonymized,Floor_A,Floor_D,True,False,unknown,False,unknown,unknown,unknown,True,0.7224956747275377,0.8208946366879872,0.7600806451612905,5.670438318562806,5.2189645669253295,2.116038002749066,0.0,0.0,,,31,1.0
S002,S035,HQ_Anonymized,HQ_Anonymized,Floor_A,Floor_D,True,False,unknown,False,unknown,unknown,unknown,True,0.723394774656273,0.8301267830028394,0.7358870967741936,4.746224566936823,4.436472916666666,1.9015692832814728,0.0,0.0,,,31,1.0
S002,S036,HQ_Anonymized,HQ_Anonymized,Floor_A,Floor_D,True,False,unknown,False,unknown,unknown,unknown,True,0.5115662224971465,0.8351561510320303,0.7330645161290323,1.289894694210044,1.022859027777777,2.204598642682152,0.0,0.0,,,31,1.0
S002,S037,HQ_Anonymized,HQ_Anonymized,Floor_A,Floor_D,True,False,unknown,False,unknown,unknown,unknown,True,0.4134005321718877,0.8505099315138435,0.7181451612903226,1.4939508574541958,1.1120958333333275,2.2842230768776104,0.0,0.0,,,31,1.0
S002,S038,HQ_Anonymized,HQ_Anonymized,Floor_A,Floor_D,True,False,unknown,False,unknown,unknown,unknown,True,0.3522782990761707,0.8609996300366862,0.7814516129032258,3.9354721502288936,3.8321041666666673,1.84222218169845,0.0,0.0,,,31,1.0
S002,S039,HQ_Anonymized,HQ_Anonymized,Floor_A,Floor_D,True,False,unknown,False,unknown,unknown,unknown,True,0.2236067977499789,0.7503074451746987,0.6673387096774194,3.0818929522157714,2.68682430555554,2.418985867962373,0.0,0.0,,,31,1.0
S002,S040,HQ_Anonymized,HQ_Anonymized,Floor_A,Floor_D,True,False,unknown,False,unknown,unknown,unknown,True,0.6268173577685928,0.837873297770783,0.6544354838709678,5.187476463452402,4.840943750000001,1.9065909599144395,0.0,0.0,,,31,1.0
S002,S041,HQ_Anonymized,HQ_Anonymized,Floor_A,Floor_D,True,False,unknown,False,unknown,unknown,unknown,True,0.97,0.7787079767759479,0.7516129032258065,1.5070664951166723,0.925078472222232,2.1194529502150856,0.0,0.0,,,31,1.0
S002,S042,HQ_Anonymized,HQ_Anonymized,Floor_A,Floor_D,True,False,unknown,False,unknown,unknown,unknown,True,0.8881441324469806,0.1991644551821915,0.1516129032258064,9.743827855714958,9.920873214285711,3.3556906675685965,0.0,0.0,,,31,1.0
S002,S043,HQ_Anonymized,HQ_Anonymized,Floor_A,Floor_D,True,False,unknown,False,unknown,unknown,unknown,True,0.8049844718999243,0.7219535108066625,0.610483870967742,1.7991568535843268,1.174764583333321,2.6847192297311966,0.0,0.0,,,31,1.0
S002,S044,HQ_Anonymized,HQ_Anonymized,Floor_A,Floor_D,True,False,unknown,False,unknown,unknown,unknown,True,0.5020956084253276,0.8405878435734461,0.7213709677419357,4.374842048321445,4.143474739030431,1.8316612249974216,0.0,0.0,,,31,1.0
S002,S045,HQ_Anonymized,HQ_Anonymized,Floor_A,Floor_E,True,False,unknown,False,unknown,unknown,unknown,True,0.3701351104664349,0.8638352354301194,0.8197580645161291,0.9351986094569056,0.5222735029361729,1.7242006687974714,0.0,0.0,,,31,1.0
S002,S046,HQ_Anonymized,HQ_Anonymized,Floor_A,Floor_E,True,False,unknown,False,unknown,unknown,unknown,True,0.552268050859363,0.8506026469186714,0.790725806451613,5.022407868218189,5.0987639654626165,2.00050077826266,0.0,0.0,,,31,1.0
S002,S047,HQ_Anonymized,HQ_Anonymized,Floor_A,Floor_E,True,False,unknown,False,unknown,unknown,unknown,True,0.7373601562330311,0.7982613528730834,0.7597330367074527,2.254445443151819,1.7329830243979778,2.638735182392532,0.0,0.0,,,30,0.967741935483871
S002,S048,HQ_Anonymized,HQ_Anonymized,Floor_A,Floor_E,True,False,unknown,False,unknown,unknown,unknown,True,0.8700574693662482,0.8153184685664591,0.7838709677419355,3.243914044812084,3.1740430555555506,2.092589076890737,0.0,0.0,,,31,1.0
S002,S049,HQ_Anonymized,HQ_Anonymized,Floor_A,Floor_E,True,False,unknown,False,unknown,unknown,unknown,True,0.7975587752636165,0.8302507268078979,0.7568548387096775,2.5628939214534507,2.194502083333333,2.5898192037585472,0.0,0.0,,,31,1.0
S002,S050,HQ_Anonymized,HQ_Anonymized,Floor_A,Floor_E,True,False,unknown,False,unknown,unknown,unknown,True,0.5303772242470448,0.7822551585517428,0.6770161290322582,2.834323801673716,2.6864070210181623,3.067597442226295,0.0,0.0,,,31,1.0
S002,S051,HQ_Anonymized,HQ_Anonymized,Floor_A,Floor_E,True,False,unknown,False,unknown,unknown,unknown,True,0.6926037828369117,0.8231848689815077,0.7169354838709678,2.4025925696725023,2.1293249999999944,3.127755772444667,0.0,0.0,,,31,1.0
S002,S052,HQ_Anonymized,HQ_Anonymized,Floor_A,Floor_E,True,False,unknown,False,unknown,unknown,unknown,True,0.700357051795725,0.8118641142779289,0.7032258064516129,2.1839168125046062,1.548841670927061,2.8431741841162954,0.0,0.0,,,31,1.0
S002,S053,HQ_Anonymized,HQ_Anonymized,Floor_A,Floor_E,True,False,unknown,False,unknown,unknown,unknown,True,0.660302960768767,0.3792551259191488,0.2608695652173912,5.487264768743226,5.837591302506773,3.50488528598999,0.0,0.0,,,24,0.7741935483870968
S002,S054,HQ_Anonymized,HQ_Anonymized,Floor_A,Floor_E,True,False,unknown,False,unknown,unknown,unknown,True,0.4004996878900157,0.8549420540543438,0.7508064516129033,1.435286320907952,0.9601888888888936,2.051375306396732,0.0,0.0,,,31,1.0
S002,S055,HQ_Anonymized,HQ_Anonymized,Floor_A,Floor_E,True,False,unknown,False,unknown,unknown,unknown,True,0.1118033988749894,0.8408466833616983,0.7387096774193549,3.0278912270360605,2.4887409722222174,3.685005990068657,0.0,0.0,,,31,1.0
S002,S056,HQ_Anonymized,HQ_Anonymized,Floor_A,Floor_E,True,False,unknown,False,unknown,unknown,unknown,True,0.3889730067755345,0.8426032367809051,0.7004032258064516,1.515534416983024,1.3629257936507884,1.9663005258888984,0.0,0.0,,,31,1.0
S003,S004,HQ_Anonymized,HQ_Anonymized,Floor_A,Floor_A,True,True,unknown,False,unknown,unknown,unknown,False,0.5024937810560445,0.9119183020274366,0.813709677419355,1.7331155003317655,1.4153472222222303,1.9394113222820488,0.0,0.032258064516129,,,31,1.0
S003,S005,HQ_Anonymized,HQ_Anonymized,Floor_A,Floor_A,True,True,unknown,False,unknown,unknown,unknown,False,0.12,0.9511270657377048,0.8798387096774195,4.347081015724871,4.40601793012727,1.4602657480689434,0.0,0.0,,,31,1.0
S003,S006,HQ_Anonymized,HQ_Anonymized,Floor_A,Floor_A,True,True,unknown,False,unknown,unknown,unknown,False,0.3101612483854165,0.9474848927587538,0.8733870967741937,3.807239226101777,3.7885500000000008,1.5095293246558057,0.0,0.0,,,31,1.0
S003,S007,HQ_Anonymized,HQ_Anonymized,Floor_A,Floor_A,True,True,unknown,False,unknown,unknown,unknown,False,0.876584280032445,0.9625281474534092,0.9112903225806452,2.541951008134697,2.5856256944444453,1.3561535839092815,0.0,0.0,,,31,1.0
S003,S008,HQ_Anonymized,HQ_Anonymized,Floor_A,Floor_A,True,True,unknown,False,unknown,unknown,unknown,False,0.8005623023850174,0.9422399345574032,0.875,6.025567803505255,5.715361805555553,1.6699982011971166,0.0,0.0,,,31,1.0
S003,S009,HQ_Anonymized,HQ_Anonymized,Floor_A,Floor_A,True,True,unknown,False,unknown,unknown,unknown,False,0.7472616676907762,0.9378520489143392,0.8842741935483872,6.599414135113833,6.553274305555554,1.8670210777462064,0.0,0.0,,,31,1.0
S003,S010,HQ_Anonymized,HQ_Anonymized,Floor_A,Floor_B,True,False,unknown,False,unknown,unknown,unknown,True,0.72691127381545,0.9065189246663398,0.8205645161290324,1.552251717440237,1.1306920467207888,2.097586662931827,0.0,0.032258064516129,,,31,1.0
S003,S011,HQ_Anonymized,HQ_Anonymized,Floor_A,Floor_B,True,False,unknown,False,unknown,unknown,unknown,True,0.758946638440411,0.7206210211968974,0.6012096774193549,2.1412232461060885,1.266133333333336,3.286082622086376,0.0,0.064516129032258,,,31,1.0
S003,S012,HQ_Anonymized,HQ_Anonymized,Floor_A,Floor_B,True,False,unknown,False,unknown,unknown,unknown,True,0.5240229002629561,0.7917825186170022,0.733467741935484,2.232650915521268,1.271221426381814,2.9652514478788845,0.0,0.032258064516129,,,31,1.0
S003,S013,HQ_Anonymized,HQ_Anonymized,Floor_A,Floor_B,True,False,unknown,False,unknown,unknown,unknown,True,0.05,0.8040556896511785,0.7629032258064516,6.229594438531632,5.347308074534155,3.4001904705676727,0.0,0.0,,,31,1.0
S003,S014,HQ_Anonymized,HQ_Anonymized,Floor_A,Floor_B,True,False,unknown,False,unknown,unknown,unknown,True,0.3640054944640258,0.9231134895687628,0.8641129032258066,3.2920442046384037,2.919960248447204,2.0415839274507994,0.0,0.0,,,31,1.0
S003,S015,HQ_Anonymized,HQ_Anonymized,Floor_A,Floor_B,True,False,unknown,False,unknown,unknown,unknown,True,0.2418677324489564,0.9528723045567932,0.903225806451613,5.621079831829101,4.856826680107524,3.0367877813252435,0.0,0.0,,,31,1.0
S003,S016,HQ_Anonymized,HQ_Anonymized,Floor_A,Floor_B,True,False,unknown,False,unknown,unknown,unknown,True,0.1044030650891054,0.914795847098479,0.867741935483871,2.7644138558916764,2.1027388618326057,2.438588195769897,0.0,0.0,,,31,1.0
S003,S017,HQ_Anonymized,HQ_Anonymized,Floor_A,Floor_B,True,False,unknown,False,unknown,unknown,unknown,True,0.3911521443121589,0.9367101430147275,0.8568548387096775,5.686997876803859,5.303389583333328,2.699669383520237,0.0,0.0,,,31,1.0
S003,S018,HQ_Anonymized,HQ_Anonymized,Floor_A,Floor_B,True,False,unknown,False,unknown,unknown,unknown,True,0.7306161783043131,0.9038204685331648,0.8189516129032259,6.60972634231614,6.368635502496886,2.064206394594314,0.0,0.0,,,31,1.0
S003,S019,HQ_Anonymized,HQ_Anonymized,Floor_A,Floor_B,True,False,unknown,False,unknown,unknown,unknown,True,0.8188406438373708,0.9352516726376358,0.8217741935483872,2.0114810285388303,1.8615324715162205,2.483605004473781,0.0,0.0,,,31,1.0
S003,S020,HQ_Anonymized,HQ_Anonymized,Floor_A,Floor_B,True,False,unknown,False,unknown,unknown,unknown,True,0.7202777242147642,0.9291614428249824,0.8487903225806454,4.016563831633662,3.942967361111101,2.493226444347429,0.0,0.0,,,31,1.0
S003,S021,HQ_Anonymized,HQ_Anonymized,Floor_A,Floor_C,True,False,unknown,False,unknown,unknown,unknown,True,0.3512833614050059,0.9074837818053888,0.8237903225806452,5.692451788901782,5.011768055555557,2.804405897660233,0.0,0.0,,,31,1.0
S003,S022,HQ_Anonymized,HQ_Anonymized,Floor_A,Floor_C,True,False,unknown,False,unknown,unknown,unknown,True,0.3640054944640258,0.9103350934505604,0.8032258064516131,4.1313309487115655,3.6064791666666665,2.5130351978727847,0.0,0.0,,,31,1.0
S003,S023,HQ_Anonymized,HQ_Anonymized,Floor_A,Floor_C,True,False,unknown,False,unknown,unknown,unknown,True,0.5240229002629561,0.8472430446189042,0.7955645161290323,1.7723257184465928,1.1450493055555595,2.8020827770663312,0.0,0.1290322580645161,,,31,1.0
S003,S024,HQ_Anonymized,HQ_Anonymized,Floor_A,Floor_C,True,False,unknown,False,unknown,unknown,unknown,True,0.0424264068711928,0.8692397503414364,0.7891129032258065,4.08055253936313,3.4009499999999946,2.91697612931068,0.0,0.0,,,31,1.0
S003,S025,HQ_Anonymized,HQ_Anonymized,Floor_A,Floor_C,True,False,unknown,False,unknown,unknown,unknown,True,0.7206247289678588,0.9326492461634536,0.8576612903225809,2.343372823791769,1.780837500000004,2.24560201520167,0.0,0.0,,,31,1.0
S003,S026,HQ_Anonymized,HQ_Anonymized,Floor_A,Floor_C,True,False,unknown,False,unknown,unknown,unknown,True,0.8188406438373708,0.9285810634816548,0.8350806451612903,1.4245565090084926,1.2006041666666647,1.7541177179037832,0.0,0.0967741935483871,,,31,1.0
S003,S027,HQ_Anonymized,HQ_Anonymized,Floor_A,Floor_C,True,False,unknown,False,unknown,unknown,unknown,True,0.758946638440411,0.9348583373662056,0.8556451612903226,1.5010442132728452,1.1008916666666693,1.9279202346967184,0.0,0.0,,,31,1.0
S003,S028,HQ_Anonymized,HQ_Anonymized,Floor_A,Floor_C,True,False,unknown,False,unknown,unknown,unknown,True,0.72691127381545,0.9426861722655924,0.8842741935483872,4.754094993419323,4.648476388888888,2.8736055241650007,0.0,0.0,,,31,1.0
S003,S029,HQ_Anonymized,HQ_Anonymized,Floor_A,Floor_C,True,False,unknown,False,unknown,unknown,unknown,True,0.2418677324489564,0.896071745889485,0.7967741935483872,3.709001388402513,3.658645138888893,2.560004691014905,0.0,0.0,,,31,1.0
S003,S030,HQ_Anonymized,HQ_Anonymized,Floor_A,Floor_C,True,False,unknown,False,unknown,unknown,unknown,True,0.3911521443121589,0.8893402717266675,0.7991935483870968,9.750724407155465,9.395297231319752,3.5338963315936023,0.0,0.0,,,31,1.0
S003,S031,HQ_Anonymized,HQ_Anonymized,Floor_A,Floor_C,True,False,unknown,False,unknown,unknown,unknown,True,0.7306161783043131,0.9274591250589076,0.8500000000000001,3.412757825544925,3.208059722222224,2.0680461662104928,0.0,0.0,,,31,1.0
S003,S032,HQ_Anonymized,HQ_Anonymized,Floor_A,Floor_D,True,False,unknown,False,unknown,unknown,unknown,True,0.4205948168962618,0.8747192449861189,0.7528225806451614,7.337333601889353,6.85861258169934,2.314578338739348,0.0,0.0,,,31,1.0
S003,S033,HQ_Anonymized,HQ_Anonymized,Floor_A,Floor_D,True,False,unknown,False,unknown,unknown,unknown,True,0.7623647421018367,0.7980041385790934,0.7504032258064517,7.888863804779771,7.421906944444444,3.00262067343286,0.0,0.0,,,31,1.0
S003,S034,HQ_Anonymized,HQ_Anonymized,Floor_A,Floor_D,True,False,unknown,False,unknown,unknown,unknown,True,0.08,0.8811785292247706,0.8153225806451615,11.18327482899642,10.967104844703108,3.1864172643047044,0.0,0.0,,,31,1.0
S003,S035,HQ_Anonymized,HQ_Anonymized,Floor_A,Floor_D,True,False,unknown,False,unknown,unknown,unknown,True,0.0499999999999999,0.8833445523042353,0.7806451612903227,10.259061077370434,9.714611111111118,2.771235144730719,0.0,0.0,,,31,1.0
S003,S036,HQ_Anonymized,HQ_Anonymized,Floor_A,Floor_D,True,False,unknown,False,unknown,unknown,unknown,True,0.904267659490264,0.9154442609657238,0.7891129032258065,5.730678238677454,5.364422916666662,1.9249087105459524,0.0,0.0,,,31,1.0
S003,S037,HQ_Anonymized,HQ_Anonymized,Floor_A,Floor_D,True,False,unknown,False,unknown,unknown,unknown,True,0.4205948168962617,0.9300562319121044,0.8294354838709679,6.054623257210811,6.013095138888893,1.7360355346788685,0.0,0.0,,,31,1.0
S003,S038,HQ_Anonymized,HQ_Anonymized,Floor_A,Floor_D,True,False,unknown,False,unknown,unknown,unknown,True,0.8285529554590944,0.9391139624174538,0.822983870967742,2.088460989851788,2.0194138888888915,1.833205129228186,0.0,0.0,,,31,1.0
S003,S039,HQ_Anonymized,HQ_Anonymized,Floor_A,Floor_D,True,False,unknown,False,unknown,unknown,unknown,True,0.78587530817554,0.805303348301798,0.7044354838709678,8.39762780494329,8.344133333333325,2.8173247240913484,0.0,0.0,,,31,1.0
S003,S040,HQ_Anonymized,HQ_Anonymized,Floor_A,Floor_D,True,False,unknown,False,unknown,unknown,unknown,True,0.6220128616033593,0.9423342124645456,0.8693548387096774,10.700312973886012,10.783534027777762,1.9370176129591683,0.0,0.0,,,31,1.0
S003,S041,HQ_Anonymized,HQ_Anonymized,Floor_A,Floor_D,True,False,unknown,False,unknown,unknown,unknown,True,0.6299999999999999,0.9198562866950613,0.910483870967742,5.507208664972561,4.773218749999998,2.636433397212784,0.0,0.0,,,31,1.0
S003,S042,HQ_Anonymized,HQ_Anonymized,Floor_A,Floor_D,True,False,unknown,False,unknown,unknown,unknown,True,0.4999999999999999,0.1312299226969559,0.139516129032258,5.271946195262536,5.360839164993308,4.724240769354155,0.0,0.0,,,31,1.0
S003,S043,HQ_Anonymized,HQ_Anonymized,Floor_A,Floor_D,True,False,unknown,False,unknown,unknown,unknown,True,0.3399999999999999,0.8197355895655017,0.733467741935484,6.6549488731697295,6.598190972222213,2.705143801148581,0.0,0.0,,,31,1.0
S003,S044,HQ_Anonymized,HQ_Anonymized,Floor_A,Floor_D,True,False,unknown,False,unknown,unknown,unknown,True,0.5024937810560445,0.9263109465460077,0.8487903225806454,9.887678558755054,9.94596527777778,2.4594580027705533,0.0,0.0,,,31,1.0
S003,S045,HQ_Anonymized,HQ_Anonymized,Floor_A,Floor_E,True,False,unknown,False,unknown,unknown,unknown,True,0.3512833614050059,0.9467049999005932,0.8467741935483871,6.311699754070181,6.4172443015983305,1.970274277759304,0.0,0.0,,,31,1.0
S003,S046,HQ_Anonymized,HQ_Anonymized,Floor_A,Floor_E,True,False,unknown,False,unknown,unknown,unknown,True,0.5240229002629561,0.9318671370801834,0.8338709677419357,1.4663717312164948,1.192898136645958,1.8152870252656068,0.0,0.032258064516129,,,31,1.0
S003,S047,HQ_Anonymized,HQ_Anonymized,Floor_A,Floor_E,True,False,unknown,False,unknown,unknown,unknown,True,0.2418677324489564,0.8891659958055081,0.8451612903225806,4.091200887122876,3.9049524305555536,2.187974708195589,0.0,0.0,,,30,0.967741935483871
S003,S048,HQ_Anonymized,HQ_Anonymized,Floor_A,Floor_E,True,False,unknown,False,unknown,unknown,unknown,True,0.5108815909777921,0.8827969066885565,0.8548387096774196,2.7847637189245136,2.0445590277777725,2.313782535209404,0.0,0.0,,,31,1.0
S003,S049,HQ_Anonymized,HQ_Anonymized,Floor_A,Floor_E,True,False,unknown,False,unknown,unknown,unknown,True,0.3811823710509183,0.9245932055307629,0.8548387096774196,7.83274015299617,7.67375487269323,1.8109878847648408,0.0,0.0,,,31,1.0
S003,S050,HQ_Anonymized,HQ_Anonymized,Floor_A,Floor_E,True,False,unknown,False,unknown,unknown,unknown,True,0.8987213138676527,0.8364385956975692,0.7467741935483873,4.40890844234962,3.631763888888891,2.7470420126468533,0.0,0.0,,,31,1.0
S003,S051,HQ_Anonymized,HQ_Anonymized,Floor_A,Floor_E,True,False,unknown,False,unknown,unknown,unknown,True,0.0854400374531753,0.9328811223147208,0.8620967741935485,5.318022433642167,5.800210714285711,1.8983747861021905,0.0,0.0,,,31,1.0
S003,S052,HQ_Anonymized,HQ_Anonymized,Floor_A,Floor_E,True,False,unknown,False,unknown,unknown,unknown,True,0.1044030650891054,0.9197593388659384,0.7947580645161292,6.900899716366215,6.682359027777785,1.905570091867532,0.0,0.0,,,31,1.0
S003,S053,HQ_Anonymized,HQ_Anonymized,Floor_A,Floor_E,True,False,unknown,False,unknown,unknown,unknown,True,0.9783659846908006,0.4853241822387645,0.3704347826086955,10.976085018331084,11.7188438244366,4.115400599006541,0.0,0.0,,,24,0.7741935483870968
S003,S054,HQ_Anonymized,HQ_Anonymized,Floor_A,Floor_E,True,False,unknown,False,unknown,unknown,unknown,True,0.8318653737234168,0.9362689113196864,0.8713709677419356,6.087604960139086,5.716076388888887,1.7216892967671875,0.0,0.0,,,31,1.0
S003,S055,HQ_Anonymized,HQ_Anonymized,Floor_A,Floor_E,True,False,unknown,False,unknown,unknown,unknown,True,0.7454528824815154,0.9195327243375,0.7899193548387098,6.687004819712664,7.053815972222218,2.5126816646313856,0.0,0.0,,,31,1.0
S003,S056,HQ_Anonymized,HQ_Anonymized,Floor_A,Floor_E,True,False,unknown,False,unknown,unknown,unknown,True,0.3640054944640258,0.9403914683576252,0.8290322580645162,4.635838493214177,4.314768698851111,1.812277848285276,0.0,0.0,,,31,1.0
S004,S005,HQ_Anonymized,HQ_Anonymized,Floor_A,Floor_A,True,True,unknown,False,unknown,unknown,unknown,False,0.6083584469702051,0.8932017547322585,0.8060483870967742,3.2330865097474977,3.3096429292929272,2.034081018563529,0.0,0.0,,,31,1.0
S004,S006,HQ_Anonymized,HQ_Anonymized,Floor_A,Floor_A,True,True,unknown,False,unknown,unknown,unknown,False,0.422965719651132,0.9281570021787628,0.8528225806451614,2.680618898469761,2.624347916666672,1.6782390435655936,0.0,0.0,,,31,1.0
S004,S007,HQ_Anonymized,HQ_Anonymized,Floor_A,Floor_A,True,True,unknown,False,unknown,unknown,unknown,False,0.4652956049652736,0.912322978159076,0.7862903225806452,1.7194929564883477,1.4382215277777846,1.805171124511388,0.0,0.0,,,31,1.0
S004,S008,HQ_Anonymized,HQ_Anonymized,Floor_A,Floor_A,True,True,unknown,False,unknown,unknown,unknown,False,0.46690470119715,0.93248434108398,0.7608870967741936,4.803027000962845,4.356979861111114,1.6033773538746443,0.0,0.0,,,31,1.0
S004,S009,HQ_Anonymized,HQ_Anonymized,Floor_A,Floor_A,True,True,unknown,False,unknown,unknown,unknown,False,0.5142956348249516,0.9313946518046508,0.7645161290322581,5.376873332571424,5.105212500000008,1.702437096510275,0.0,0.0,,,31,1.0
S004,S010,HQ_Anonymized,HQ_Anonymized,Floor_A,Floor_B,True,False,unknown,False,unknown,unknown,unknown,True,0.5661271941887264,0.9252387565648408,0.8076612903225807,1.551786889495349,1.5098508159216095,1.7312875826175007,0.0,0.0,,,31,1.0
S004,S011,HQ_Anonymized,HQ_Anonymized,Floor_A,Floor_B,True,False,unknown,False,unknown,unknown,unknown,True,0.497694685525172,0.782763711221421,0.7358870967741936,2.3501917227662434,1.8535784722222248,2.752889453859455,0.0,0.032258064516129,,,31,1.0
S004,S012,HQ_Anonymized,HQ_Anonymized,Floor_A,Floor_B,True,False,unknown,False,unknown,unknown,unknown,True,0.098488578017961,0.6907665361086758,0.665725806451613,2.6951874171263257,2.421875,3.184901517784968,0.0,0.0,,,31,1.0
S004,S013,HQ_Anonymized,HQ_Anonymized,Floor_A,Floor_B,True,False,unknown,False,unknown,unknown,unknown,True,0.5232590180780452,0.8655810544453267,0.7596774193548388,5.007053635989225,3.934778472222227,2.936149081487372,0.0,0.0,,,31,1.0
S004,S014,HQ_Anonymized,HQ_Anonymized,Floor_A,Floor_B,True,False,unknown,False,unknown,unknown,unknown,True,0.3420526275297413,0.9378616457045016,0.8173387096774194,2.074550937938288,1.7913493055555492,1.685042255799386,0.0,0.0,,,31,1.0
S004,S015,HQ_Anonymized,HQ_Anonymized,Floor_A,Floor_B,True,False,unknown,False,unknown,unknown,unknown,True,0.2983286778035259,0.9098128000719444,0.7600806451612905,4.398539029286691,3.3902272970085505,2.851356872212947,0.0,0.0,,,31,1.0
S004,S016,HQ_Anonymized,HQ_Anonymized,Floor_A,Floor_B,True,False,unknown,False,unknown,unknown,unknown,True,0.4022437072223753,0.8720310030163033,0.7838709677419355,2.161492222245188,1.659141561047747,2.395447531435109,0.0,0.0,,,31,1.0
S004,S017,HQ_Anonymized,HQ_Anonymized,Floor_A,Floor_B,True,False,unknown,False,unknown,unknown,unknown,True,0.233452350598575,0.911191804261573,0.7758064516129032,4.464457074261448,3.507031249999997,2.505428652921869,0.0,0.0,,,31,1.0
S004,S018,HQ_Anonymized,HQ_Anonymized,Floor_A,Floor_B,True,False,unknown,False,unknown,unknown,unknown,True,0.378021163428716,0.9198518057128466,0.7637096774193549,5.38718553977373,5.081681723137976,1.740856843073242,0.0,0.0,,,31,1.0
S004,S019,HQ_Anonymized,HQ_Anonymized,Floor_A,Floor_B,True,False,unknown,False,unknown,unknown,unknown,True,0.4617358552246077,0.926650088142076,0.8254032258064518,2.551006437639546,2.5594932569296347,2.237751053316232,0.0,0.0,,,31,1.0
S004,S020,HQ_Anonymized,HQ_Anonymized,Floor_A,Floor_B,True,False,unknown,False,unknown,unknown,unknown,True,0.6435060217278467,0.9596647106480694,0.8419354838709677,2.794023029091253,2.4380749999999907,2.041290428443364,0.0,0.0,,,31,1.0
S004,S021,HQ_Anonymized,HQ_Anonymized,Floor_A,Floor_C,True,False,unknown,False,unknown,unknown,unknown,True,0.4687216658103185,0.9305343669892342,0.8032258064516131,4.4699109863593725,3.69753345153665,2.416300699547993,0.0,0.0,,,31,1.0
S004,S022,HQ_Anonymized,HQ_Anonymized,Floor_A,Floor_C,True,False,unknown,False,unknown,unknown,unknown,True,0.3420526275297413,0.9233133785010548,0.7540322580645162,2.9651068938926,2.110803472222223,2.165224673673538,0.0,0.0,,,31,1.0
S004,S023,HQ_Anonymized,HQ_Anonymized,Floor_A,Floor_C,True,False,unknown,False,unknown,unknown,unknown,True,0.098488578017961,0.884934378786916,0.7258064516129034,1.7004082915915335,1.293557638888892,2.456958466078361,0.0,0.064516129032258,,,31,1.0
S004,S024,HQ_Anonymized,HQ_Anonymized,Floor_A,Floor_C,True,False,unknown,False,unknown,unknown,unknown,True,0.5142956348249516,0.9005494979847344,0.7713709677419355,2.9884658586845205,1.991513888888889,2.504812586435808,0.0,0.0,,,31,1.0
S004,S025,HQ_Anonymized,HQ_Anonymized,Floor_A,Floor_C,True,False,unknown,False,unknown,unknown,unknown,True,0.6505382386916236,0.9294951667121126,0.7536290322580645,1.6294440284178209,1.005429861111118,1.994110781049644,0.0,0.0,,,31,1.0
S004,S026,HQ_Anonymized,HQ_Anonymized,Floor_A,Floor_C,True,False,unknown,False,unknown,unknown,unknown,True,0.4617358552246077,0.9350978103176903,0.7620967741935485,1.604795309751999,1.3220479166666763,1.6014851416199307,0.0,0.064516129032258,,,31,1.0
S004,S027,HQ_Anonymized,HQ_Anonymized,Floor_A,Floor_C,True,False,unknown,False,unknown,unknown,unknown,True,0.497694685525172,0.9413547535816472,0.7439516129032259,1.4569631484576615,1.5872256944444558,1.637640511774777,0.0,0.0,,,31,1.0
S004,S028,HQ_Anonymized,HQ_Anonymized,Floor_A,Floor_C,True,False,unknown,False,unknown,unknown,unknown,True,0.5661271941887264,0.9099503851757254,0.7326612903225806,3.540410194461144,3.05344375,2.681108194103407,0.0,0.0,,,31,1.0
S004,S029,HQ_Anonymized,HQ_Anonymized,Floor_A,Floor_C,True,False,unknown,False,unknown,unknown,unknown,True,0.2983286778035259,0.9077607429618708,0.7467741935483873,2.897347716027739,2.8599291666666744,2.5120533993897807,0.0,0.0,,,31,1.0
S004,S030,HQ_Anonymized,HQ_Anonymized,Floor_A,Floor_C,True,False,unknown,False,unknown,unknown,unknown,True,0.233452350598575,0.9384918667105988,0.7927419354838711,8.528183604613051,7.373983849621887,3.129316817977093,0.0,0.0,,,31,1.0
S004,S031,HQ_Anonymized,HQ_Anonymized,Floor_A,Floor_C,True,False,unknown,False,unknown,unknown,unknown,True,0.378021163428716,0.9313702229260732,0.813709677419355,2.24779556242904,1.8474402777777783,1.7935425681931498,0.0,0.0,,,31,1.0
S004,S032,HQ_Anonymized,HQ_Anonymized,Floor_A,Floor_D,True,False,unknown,False,unknown,unknown,unknown,True,0.3310589071449369,0.9066995131677494,0.7778225806451614,6.114792799346941,5.602791509032045,1.8707493826161656,0.0,0.0,,,31,1.0
S004,S033,HQ_Anonymized,HQ_Anonymized,Floor_A,Floor_D,True,False,unknown,False,unknown,unknown,unknown,True,0.6220128616033594,0.8102289301381764,0.740725806451613,6.666323002237362,6.329175694444452,2.830130075560043,0.0,0.0,,,31,1.0
S004,S034,HQ_Anonymized,HQ_Anonymized,Floor_A,Floor_D,True,False,unknown,False,unknown,unknown,unknown,True,0.5724508712544685,0.8741116393387144,0.7899193548387098,9.960734026454007,9.065531944444436,2.9056136638161685,0.0,0.0,,,31,1.0
S004,S035,HQ_Anonymized,HQ_Anonymized,Floor_A,Floor_D,True,False,unknown,False,unknown,unknown,unknown,True,0.4604345773288535,0.8854952480247282,0.7572580645161292,9.036520274828025,8.210307638888892,2.47985040712982,0.0,0.0,,,31,1.0
S004,S036,HQ_Anonymized,HQ_Anonymized,Floor_A,Floor_D,True,False,unknown,False,unknown,unknown,unknown,True,0.5035871324805669,0.908304713016572,0.7830645161290324,4.508137436135043,4.419731944444436,1.8425179893766523,0.0,0.0,,,31,1.0
S004,S037,HQ_Anonymized,HQ_Anonymized,Floor_A,Floor_D,True,False,unknown,False,unknown,unknown,unknown,True,0.2549509756796392,0.9631011380608956,0.8544354838709678,4.832082454668402,5.111199999999997,1.1872273673321097,0.0,0.0,,,31,1.0
S004,S038,HQ_Anonymized,HQ_Anonymized,Floor_A,Floor_D,True,False,unknown,False,unknown,unknown,unknown,True,0.5099019513592785,0.9252264271206436,0.769758064516129,1.267019022434828,0.7243187500000019,1.7437855365229136,0.0,0.0,,,31,1.0
S004,S039,HQ_Anonymized,HQ_Anonymized,Floor_A,Floor_D,True,False,unknown,False,unknown,unknown,unknown,True,0.5503635162326805,0.8203916179137521,0.6939516129032259,7.182554699533497,6.903661111111106,2.5225607539437105,0.0,0.0,,,31,1.0
S004,S040,HQ_Anonymized,HQ_Anonymized,Floor_A,Floor_D,True,False,unknown,False,unknown,unknown,unknown,True,0.1303840481040529,0.9551208430824856,0.8004032258064517,9.477772171343602,9.05253888888889,1.574174964912856,0.0,0.0,,,31,1.0
S004,S041,HQ_Anonymized,HQ_Anonymized,Floor_A,Floor_D,True,False,unknown,False,unknown,unknown,unknown,True,0.3280243893371345,0.8680763026068792,0.8435483870967743,4.284667862430151,3.2981590277777717,2.5746747102715326,0.0,0.0,,,31,1.0
S004,S042,HQ_Anonymized,HQ_Anonymized,Floor_A,Floor_D,True,False,unknown,False,unknown,unknown,unknown,True,0.2692582403567252,0.1319583467357894,0.0306451612903225,5.676594782232359,5.996642857142859,4.420605753548646,0.0,0.032258064516129,,,31,1.0
S004,S043,HQ_Anonymized,HQ_Anonymized,Floor_A,Floor_D,True,False,unknown,False,unknown,unknown,unknown,True,0.2751363298439521,0.8270192229612918,0.7044354838709678,5.482597452347751,5.381805555555559,2.4791490805082512,0.0,0.0,,,31,1.0
S004,S044,HQ_Anonymized,HQ_Anonymized,Floor_A,Floor_D,True,False,unknown,False,unknown,unknown,unknown,True,0.1421267040355189,0.9375614932116147,0.7963709677419355,8.665137756212646,8.388236584419623,2.114187428500572,0.0,0.0,,,31,1.0
S004,S045,HQ_Anonymized,HQ_Anonymized,Floor_A,Floor_E,True,False,unknown,False,unknown,unknown,unknown,True,0.4687216658103185,0.9469922747203718,0.7959677419354839,5.089158951527772,4.450654718265,1.7079649110344184,0.0,0.0,,,31,1.0
S004,S046,HQ_Anonymized,HQ_Anonymized,Floor_A,Floor_E,True,False,unknown,False,unknown,unknown,unknown,True,0.098488578017961,0.9042364764651972,0.7310483870967742,1.57847085943835,1.577450694444444,1.8902589750332868,0.0,0.0,,,31,1.0
S004,S047,HQ_Anonymized,HQ_Anonymized,Floor_A,Floor_E,True,False,unknown,False,unknown,unknown,unknown,True,0.2983286778035259,0.9201961292344272,0.7828698553948832,2.913700424231168,3.016313541666669,1.7724441374989786,0.0,0.0,,,30,0.967741935483871
S004,S048,HQ_Anonymized,HQ_Anonymized,Floor_A,Floor_E,True,False,unknown,False,unknown,unknown,unknown,True,0.2435159132377184,0.8668409721236451,0.7733870967741936,1.807234341113287,1.0976041666666705,2.2183777565995197,0.0,0.0,,,31,1.0
S004,S049,HQ_Anonymized,HQ_Anonymized,Floor_A,Floor_E,True,False,unknown,False,unknown,unknown,unknown,True,0.2353720459187964,0.8952919312499231,0.7504032258064517,6.610199350453759,6.675597916666668,2.0630182179208343,0.0,0.0,,,31,1.0
S004,S050,HQ_Anonymized,HQ_Anonymized,Floor_A,Floor_E,True,False,unknown,False,unknown,unknown,unknown,True,0.4866210024238576,0.8271318445415652,0.6883064516129033,3.221901062746278,2.2848097222222137,2.76392772647469,0.0,0.0,,,31,1.0
S004,S051,HQ_Anonymized,HQ_Anonymized,Floor_A,Floor_E,True,False,unknown,False,unknown,unknown,unknown,True,0.5594640292279746,0.9422847428788992,0.8193548387096775,4.109867787013736,4.282071527777774,1.838253957619315,0.0,0.0,,,31,1.0
S004,S052,HQ_Anonymized,HQ_Anonymized,Floor_A,Floor_E,True,False,unknown,False,unknown,unknown,unknown,True,0.4022437072223753,0.9299075954089074,0.7975806451612905,5.678358913823806,6.119670761494248,1.761662501667524,0.0,0.0,,,31,1.0
S004,S053,HQ_Anonymized,HQ_Anonymized,Floor_A,Floor_E,True,False,unknown,False,unknown,unknown,unknown,True,0.5239274758971895,0.5676256835317873,0.4930434782608694,9.58046608240825,10.33431388888888,3.6181440704837753,0.0,0.0,,,24,0.7741935483870968
S004,S054,HQ_Anonymized,HQ_Anonymized,Floor_A,Floor_E,True,False,unknown,False,unknown,unknown,unknown,True,0.4825971404805461,0.901974718036371,0.7838709677419355,4.865064157596675,4.601668055555557,1.9019646480125605,0.0,0.0,,,31,1.0
S004,S055,HQ_Anonymized,HQ_Anonymized,Floor_A,Floor_E,True,False,unknown,False,unknown,unknown,unknown,True,0.5882176467941097,0.9308107907238764,0.7991935483870968,5.464464017170252,5.547988888888895,2.5170997835743485,0.0,0.0,,,31,1.0
S004,S056,HQ_Anonymized,HQ_Anonymized,Floor_A,Floor_E,True,False,unknown,False,unknown,unknown,unknown,True,0.3420526275297413,0.9421412454427464,0.8233870967741936,3.4132976906717665,2.8327140722881623,1.5766466241985084,0.0,0.0,,,31,1.0
S005,S006,HQ_Anonymized,HQ_Anonymized,Floor_A,Floor_A,True,True,unknown,False,unknown,unknown,unknown,False,0.3361547262794321,0.9227767614577084,0.8463709677419357,1.449034085043635,1.35881956264776,1.738720422933154,0.0,0.0,,,31,1.0
S005,S007,HQ_Anonymized,HQ_Anonymized,Floor_A,Floor_A,True,True,unknown,False,unknown,unknown,unknown,False,0.950157881617576,0.9294478875590996,0.835483870967742,1.9871443699208555,1.7741027097795552,1.6225640134371284,0.0,0.0,,,31,1.0
S005,S008,HQ_Anonymized,HQ_Anonymized,Floor_A,Floor_A,True,True,unknown,False,unknown,unknown,unknown,False,0.8598255637046388,0.9206046404919056,0.8141129032258064,1.876553207233862,1.3147031156156217,1.7229925213422697,0.0,0.0,,,31,1.0
S005,S009,HQ_Anonymized,HQ_Anonymized,Floor_A,Floor_A,True,True,unknown,False,unknown,unknown,unknown,False,0.7879086241436883,0.921992382258358,0.8681451612903227,2.2890164183458355,2.0085708445794026,1.7817897097923083,0.0,0.0,,,31,1.0
S005,S010,HQ_Anonymized,HQ_Anonymized,Floor_A,Floor_B,True,False,unknown,False,unknown,unknown,unknown,True,0.7528612089887484,0.8720984591438923,0.780241935483871,4.044358542373214,4.038292359492345,2.1624057396549268,0.0,0.0,,,31,1.0
S005,S011,HQ_Anonymized,HQ_Anonymized,Floor_A,Floor_B,True,False,unknown,False,unknown,unknown,unknown,True,0.8049844718999243,0.675730421431493,0.5572580645161291,5.278988719167496,5.036280406118152,3.3230937828505924,0.0,0.0,,,31,1.0
S005,S012,HQ_Anonymized,HQ_Anonymized,Floor_A,Floor_B,True,False,unknown,False,unknown,unknown,unknown,True,0.6185466837676846,0.7802629407889985,0.7649193548387098,3.869856727587281,4.061556662912913,2.777934848799121,0.0,0.0,,,31,1.0
S005,S013,HQ_Anonymized,HQ_Anonymized,Floor_A,Floor_B,True,False,unknown,False,unknown,unknown,unknown,True,0.0854400374531752,0.7991568778939072,0.7423387096774194,2.646577317235688,1.9636964023494912,3.110884880783422,0.0,0.0,,,31,1.0
S005,S014,HQ_Anonymized,HQ_Anonymized,Floor_A,Floor_B,True,False,unknown,False,unknown,unknown,unknown,True,0.4134005321718877,0.9237514726387304,0.8326612903225807,1.729357900657854,1.893213608523112,1.802071332467824,0.0,0.0,,,31,1.0
S005,S015,HQ_Anonymized,HQ_Anonymized,Floor_A,Floor_B,True,False,unknown,False,unknown,unknown,unknown,True,0.3612478373637688,0.9311353130300184,0.8395161290322581,2.3844427861427797,1.852537287665712,2.784057722657261,0.0,0.0,,,31,1.0
S005,S016,HQ_Anonymized,HQ_Anonymized,Floor_A,Floor_B,True,False,unknown,False,unknown,unknown,unknown,True,0.2220360331117451,0.8823554144497142,0.8350806451612903,2.5379630210957944,2.545873973892668,2.336017389034177,0.0,0.0,,,31,1.0
S005,S017,HQ_Anonymized,HQ_Anonymized,Floor_A,Floor_B,True,False,unknown,False,unknown,unknown,unknown,True,0.5108815909777921,0.9126604878703144,0.7814516129032258,2.151595169480619,1.7266130718954216,2.4930862061332606,0.0,0.0,,,31,1.0
S005,S018,HQ_Anonymized,HQ_Anonymized,Floor_A,Floor_B,True,False,unknown,False,unknown,unknown,unknown,True,0.8505292469985967,0.907079358822097,0.8169354838709678,2.404516693966389,1.8261179828095704,1.8573506451864767,0.0,0.0,,,31,1.0
S005,S019,HQ_Anonymized,HQ_Anonymized,Floor_A,Floor_B,True,False,unknown,False,unknown,unknown,unknown,True,0.8823264701911645,0.9047320641274464,0.7629032258064516,4.816209110839095,4.708340407968066,2.3401376196418435,0.0,0.0,,,31,1.0
S005,S020,HQ_Anonymized,HQ_Anonymized,Floor_A,Floor_B,True,False,unknown,False,unknown,unknown,unknown,True,0.72691127381545,0.9071621549474924,0.790725806451613,1.7512077064798706,1.3465254129129107,2.3115059925105634,0.0,0.0,,,31,1.0
S005,S021,HQ_Anonymized,HQ_Anonymized,Floor_A,Floor_C,True,False,unknown,False,unknown,unknown,unknown,True,0.361386219991853,0.8807389562905384,0.7951612903225806,2.320931533672543,2.038930657748047,2.610418414355701,0.0,0.0,,,31,1.0
S005,S022,HQ_Anonymized,HQ_Anonymized,Floor_A,Floor_C,True,False,unknown,False,unknown,unknown,unknown,True,0.4134005321718877,0.9004608253453023,0.8016129032258066,1.9357422456173696,2.084169433198369,2.282036111432672,0.0,0.0,,,31,1.0
S005,S023,HQ_Anonymized,HQ_Anonymized,Floor_A,Floor_C,True,False,unknown,False,unknown,unknown,unknown,True,0.6185466837676846,0.8376269418182041,0.7500000000000001,4.278220389490817,3.76060373320135,2.867850257860704,0.0,0.0,,,31,1.0
S005,S024,HQ_Anonymized,HQ_Anonymized,Floor_A,Floor_C,True,False,unknown,False,unknown,unknown,unknown,True,0.0948683298050513,0.8566610602283512,0.7665322580645162,2.3159544115299746,2.2929670687134447,2.6740044591081333,0.0,0.0,,,31,1.0
S005,S025,HQ_Anonymized,HQ_Anonymized,Floor_A,Floor_C,True,False,unknown,False,unknown,unknown,unknown,True,0.7256031973468694,0.896721926073786,0.7903225806451613,2.66314317759827,2.5443499999999943,2.190915298348135,0.0,0.0,,,31,1.0
S005,S026,HQ_Anonymized,HQ_Anonymized,Floor_A,Floor_C,True,False,unknown,False,unknown,unknown,unknown,True,0.8823264701911645,0.8915090844188608,0.7971774193548389,4.610094521910393,5.002593347953216,2.068351369081107,0.0,0.0,,,31,1.0
S005,S027,HQ_Anonymized,HQ_Anonymized,Floor_A,Floor_C,True,False,unknown,False,unknown,unknown,unknown,True,0.8049844718999243,0.9149030557057752,0.8508064516129032,3.689039940591992,4.129496527777775,1.8629593248166647,0.0,0.0,,,31,1.0
S005,S028,HQ_Anonymized,HQ_Anonymized,Floor_A,Floor_C,True,False,unknown,False,unknown,unknown,unknown,True,0.7528612089887484,0.9050445866860034,0.7987903225806452,2.1979956294374383,2.080007625786159,2.690977470373652,0.0,0.0,,,31,1.0
S005,S029,HQ_Anonymized,HQ_Anonymized,Floor_A,Floor_C,True,False,unknown,False,unknown,unknown,unknown,True,0.3612478373637688,0.8642782023034777,0.767741935483871,2.409460320327427,1.6650993055555574,2.9156794103770114,0.0,0.0,,,31,1.0
S005,S030,HQ_Anonymized,HQ_Anonymized,Floor_A,Floor_C,True,False,unknown,False,unknown,unknown,unknown,True,0.5108815909777921,0.8432185005173194,0.7366935483870969,5.403643391430593,5.381808738462858,3.3048431317739864,0.0,0.0,,,31,1.0
S005,S031,HQ_Anonymized,HQ_Anonymized,Floor_A,Floor_C,True,False,unknown,False,unknown,unknown,unknown,True,0.8505292469985967,0.9168547112371412,0.8350806451612903,1.8341829046750344,1.8536042893445528,1.9025138425391444,0.0,0.0,,,31,1.0
S005,S032,HQ_Anonymized,HQ_Anonymized,Floor_A,Floor_D,True,False,unknown,False,unknown,unknown,unknown,True,0.4716990566028302,0.842147124362832,0.7395161290322582,3.1311286817378754,2.6774934576023384,2.3724951135300514,0.0,0.0,,,31,1.0
S005,S033,HQ_Anonymized,HQ_Anonymized,Floor_A,Floor_D,True,False,unknown,False,unknown,unknown,unknown,True,0.7810249675906654,0.7463864505284802,0.720967741935484,3.625905744838592,3.1377695038910574,3.264483669034208,0.0,0.0,,,31,1.0
S005,S034,HQ_Anonymized,HQ_Anonymized,Floor_A,Floor_D,True,False,unknown,False,unknown,unknown,unknown,True,0.0399999999999999,0.8691515561424509,0.8326612903225807,6.836193813271546,6.195401191671159,2.913172170722756,0.0,0.0,,,31,1.0
S005,S035,HQ_Anonymized,HQ_Anonymized,Floor_A,Floor_D,True,False,unknown,False,unknown,unknown,unknown,True,0.1699999999999999,0.8719476245238281,0.7955645161290323,5.911980061645563,5.31656756511704,2.5332173693126205,0.0,0.0,,,31,1.0
S005,S036,HQ_Anonymized,HQ_Anonymized,Floor_A,Floor_D,True,False,unknown,False,unknown,unknown,unknown,True,0.9745255255764212,0.8838103778905504,0.7810483870967743,1.831653570943824,1.5188515186915836,2.061021903397284,0.0,0.0,,,31,1.0
S005,S037,HQ_Anonymized,HQ_Anonymized,Floor_A,Floor_D,True,False,unknown,False,unknown,unknown,unknown,True,0.4891829923454003,0.9082455586891656,0.783467741935484,2.00942202197281,1.5798168981481595,1.8665263078956595,0.0,0.0,,,31,1.0
S005,S038,HQ_Anonymized,HQ_Anonymized,Floor_A,Floor_D,True,False,unknown,False,unknown,unknown,unknown,True,0.8832326986700617,0.9212913909283016,0.7947580645161292,2.543345728891118,2.501169566993468,1.7746721470773907,0.0,0.0,,,31,1.0
S005,S039,HQ_Anonymized,HQ_Anonymized,Floor_A,Floor_D,True,False,unknown,False,unknown,unknown,unknown,True,0.824621125123532,0.7838448759479961,0.6576612903225807,4.335944781463755,4.357117100131994,2.7308992264885417,0.0,0.0,,,31,1.0
S005,S040,HQ_Anonymized,HQ_Anonymized,Floor_A,Floor_D,True,False,unknown,False,unknown,unknown,unknown,True,0.7220110802473878,0.9033000457578686,0.7608870967741936,6.353231958161142,5.983643489020871,1.994263184736233,0.0,0.0,,,31,1.0
S005,S041,HQ_Anonymized,HQ_Anonymized,Floor_A,Floor_D,True,False,unknown,False,unknown,unknown,unknown,True,0.75,0.8875807299917474,0.8326612903225807,2.1484877642018136,1.9693190878378388,2.4849190821001,0.0,0.0,,,31,1.0
S005,S042,HQ_Anonymized,HQ_Anonymized,Floor_A,Floor_D,True,False,unknown,False,unknown,unknown,unknown,True,0.6199999999999999,0.0414590369542598,0.0245967741935483,8.578072361006218,8.764218237729864,4.5272929464974405,0.0,0.0,,,31,1.0
S005,S043,HQ_Anonymized,HQ_Anonymized,Floor_A,Floor_D,True,False,unknown,False,unknown,unknown,unknown,True,0.4599999999999999,0.7613313657893984,0.6592741935483872,2.744201224106684,1.839449044576433,2.8814981947273823,0.0,0.0,,,31,1.0
S005,S044,HQ_Anonymized,HQ_Anonymized,Floor_A,Floor_D,True,False,unknown,False,unknown,unknown,unknown,True,0.5903388857258176,0.8953070383740309,0.8112903225806452,5.540597543030184,4.920089074993328,2.331690263258237,0.0,0.0,,,31,1.0
S005,S045,HQ_Anonymized,HQ_Anonymized,Floor_A,Floor_E,True,False,unknown,False,unknown,unknown,unknown,True,0.361386219991853,0.9221023604429728,0.7943548387096776,2.1234449337385666,1.6651674205577152,1.897911071303224,0.0,0.0,,,31,1.0
S005,S046,HQ_Anonymized,HQ_Anonymized,Floor_A,Floor_E,True,False,unknown,False,unknown,unknown,unknown,True,0.6185466837676846,0.9158065506087496,0.775,3.6141320879484,4.160592113935969,1.7814077019790162,0.0,0.0,,,31,1.0
S005,S047,HQ_Anonymized,HQ_Anonymized,Floor_A,Floor_E,True,False,unknown,False,unknown,unknown,unknown,True,0.3612478373637688,0.8881601630677884,0.8077864293659621,1.6622170531662048,1.5230839507262104,2.088226882792191,0.0,0.0,,,30,0.967741935483871
S005,S048,HQ_Anonymized,HQ_Anonymized,Floor_A,Floor_E,True,False,unknown,False,unknown,unknown,unknown,True,0.6307138812488591,0.8636813230773007,0.7705645161290323,2.3176132263990343,2.5539215146750465,2.235995006126461,0.0,0.0,,,31,1.0
S005,S049,HQ_Anonymized,HQ_Anonymized,Floor_A,Floor_E,True,False,unknown,False,unknown,unknown,unknown,True,0.5008991914547277,0.9122986011070764,0.7818548387096774,3.485659137271299,3.459473858286252,1.8885756343560904,0.0,0.0,,,31,1.0
S005,S050,HQ_Anonymized,HQ_Anonymized,Floor_A,Floor_E,True,False,unknown,False,unknown,unknown,unknown,True,0.9718538984847463,0.8364726739900323,0.7645161290322581,1.953896607303328,1.3821848484848545,2.6895784091467787,0.0,0.0,,,31,1.0
S005,S051,HQ_Anonymized,HQ_Anonymized,Floor_A,Floor_E,True,False,unknown,False,unknown,unknown,unknown,True,0.0499999999999999,0.9152664655777424,0.8455645161290324,1.999135525574481,2.0032334587616134,2.152628091158901,0.0,0.0,,,31,1.0
S005,S052,HQ_Anonymized,HQ_Anonymized,Floor_A,Floor_E,True,False,unknown,False,unknown,unknown,unknown,True,0.2220360331117451,0.9071525956385872,0.8092741935483873,2.7129619066236814,2.546717109279612,2.0155509789521133,0.0,0.0,,,31,1.0
S005,S053,HQ_Anonymized,HQ_Anonymized,Floor_A,Floor_E,True,False,unknown,False,unknown,unknown,unknown,True,1.0607544484940894,0.5488072418809251,0.4695652173913042,6.680233887994475,6.772151827184924,3.696839845907865,0.0,0.0,,,24,0.7741935483870968
S005,S054,HQ_Anonymized,HQ_Anonymized,Floor_A,Floor_E,True,False,unknown,False,unknown,unknown,unknown,True,0.8930845424706442,0.91240174327147,0.8266129032258065,1.9953309608997412,1.8432852912383737,1.8008940135243054,0.0,0.0,,,31,1.0
S005,S055,HQ_Anonymized,HQ_Anonymized,Floor_A,Floor_E,True,False,unknown,False,unknown,unknown,unknown,True,0.7692203845452875,0.911538164663553,0.8322580645161292,2.831699358866674,2.4025571800913994,2.715811781790604,0.0,0.0,,,31,1.0
S005,S056,HQ_Anonymized,HQ_Anonymized,Floor_A,Floor_E,True,False,unknown,False,unknown,unknown,unknown,True,0.4134005321718877,0.9331403855482578,0.8625,1.292119302771774,1.19676558441558,1.6602764409190731,0.0,0.0,,,31,1.0
S006,S007,HQ_Anonymized,HQ_Anonymized,Floor_A,Floor_A,True,True,unknown,False,unknown,unknown,unknown,False,0.6389053137985315,0.9528972767486608,0.8701612903225808,1.4207565932648367,1.0479645833333393,1.356465718795081,0.0,0.0,,,31,1.0
S006,S008,HQ_Anonymized,HQ_Anonymized,Floor_A,Floor_A,True,True,unknown,False,unknown,unknown,unknown,False,0.532634959423431,0.9394402708639292,0.8375000000000001,2.410591749446488,2.410665972222226,1.5478165103027586,0.0,0.0,,,31,1.0
S006,S009,HQ_Anonymized,HQ_Anonymized,Floor_A,Floor_A,True,True,unknown,False,unknown,unknown,unknown,False,0.4518849411078001,0.919578066200128,0.8342741935483873,3.039563092889785,3.2218236111111125,1.8348074845082027,0.0,0.0,,,31,1.0
S006,S010,HQ_Anonymized,HQ_Anonymized,Floor_A,Floor_B,True,False,unknown,False,unknown,unknown,unknown,True,0.4197618372363071,0.8945810790382375,0.8250000000000002,3.4857290735386504,3.383546233636324,2.0191485029973624,0.0,0.0,,,31,1.0
S006,S011,HQ_Anonymized,HQ_Anonymized,Floor_A,Floor_B,True,False,unknown,False,unknown,unknown,unknown,True,0.4701063709417263,0.7157627869287162,0.5770161290322582,4.726521107889759,4.114293055555557,3.148859993437884,0.0,0.0,,,31,1.0
S006,S012,HQ_Anonymized,HQ_Anonymized,Floor_A,Floor_B,True,False,unknown,False,unknown,unknown,unknown,True,0.382099463490856,0.7827337723392397,0.7330645161290323,3.394726501931489,3.046830555555552,2.8024015368874955,0.0,0.0,,,31,1.0
S006,S013,HQ_Anonymized,HQ_Anonymized,Floor_A,Floor_B,True,False,unknown,False,unknown,unknown,unknown,True,0.2844292530665578,0.806408403614969,0.6693548387096775,3.1440815712808208,2.4058017857142886,3.137997073220834,0.0,0.0,,,31,1.0
S006,S014,HQ_Anonymized,HQ_Anonymized,Floor_A,Floor_B,True,False,unknown,False,unknown,unknown,unknown,True,0.0984885780179611,0.9098780268266056,0.8254032258064518,1.5807408355954768,1.2915750000000017,1.9480648633842457,0.0,0.0,,,31,1.0
S006,S015,HQ_Anonymized,HQ_Anonymized,Floor_A,Floor_B,True,False,unknown,False,unknown,unknown,unknown,True,0.3623534186398688,0.9277924606626023,0.8080645161290323,2.7273454628424747,2.0616239741161597,2.841824072136557,0.0,0.0,,,31,1.0
S006,S016,HQ_Anonymized,HQ_Anonymized,Floor_A,Floor_B,True,False,unknown,False,unknown,unknown,unknown,True,0.2941088233970549,0.8555872508161249,0.7483870967741937,2.2216692071958586,1.882093648989894,2.513351336575222,0.0,0.0,,,31,1.0
S006,S017,HQ_Anonymized,HQ_Anonymized,Floor_A,Floor_B,True,False,unknown,False,unknown,unknown,unknown,True,0.4720169488482379,0.9182777783848988,0.7830645161290324,2.563746031058421,1.932013194444444,2.5165841580008563,0.0,0.0,,,31,1.0
S006,S018,HQ_Anonymized,HQ_Anonymized,Floor_A,Floor_B,True,False,unknown,False,unknown,unknown,unknown,True,0.7725283166331187,0.8984459068306803,0.7963709677419355,2.8628670507058613,2.443343786549711,1.9590571024811323,0.0,0.0,,,31,1.0
S006,S019,HQ_Anonymized,HQ_Anonymized,Floor_A,Floor_B,True,False,unknown,False,unknown,unknown,unknown,True,0.5590169943749475,0.9207009911608878,0.7854838709677421,4.276367321216001,4.356080904183543,2.3060711115924355,0.0,0.0,,,31,1.0
S006,S020,HQ_Anonymized,HQ_Anonymized,Floor_A,Floor_B,True,False,unknown,False,unknown,unknown,unknown,True,0.4110960958218893,0.9100731544361248,0.7326612903225806,1.7881626579312362,1.5480638888888905,2.340971964620068,0.0,0.0,,,31,1.0
S006,S021,HQ_Anonymized,HQ_Anonymized,Floor_A,Floor_C,True,False,unknown,False,unknown,unknown,unknown,True,0.0565685424949237,0.9322666885079038,0.8875000000000001,2.4027493011512595,1.8610422360248364,2.4491469683849214,0.0,0.0,,,31,1.0
S006,S022,HQ_Anonymized,HQ_Anonymized,Floor_A,Floor_C,True,False,unknown,False,unknown,unknown,unknown,True,0.0984885780179611,0.9437765356413944,0.8790322580645162,1.7964919196408629,1.465343055555557,2.087547903560493,0.0,0.0,,,31,1.0
S006,S023,HQ_Anonymized,HQ_Anonymized,Floor_A,Floor_C,True,False,unknown,False,unknown,unknown,unknown,True,0.382099463490856,0.8590929515193604,0.8056451612903226,3.7517077520172575,3.44914652777777,2.687862760977639,0.0,0.0,,,31,1.0
S006,S024,HQ_Anonymized,HQ_Anonymized,Floor_A,Floor_C,True,False,unknown,False,unknown,unknown,unknown,True,0.282842712474619,0.902062871724822,0.8701612903225808,2.165874842363213,1.8099472222222133,2.5376234400101247,0.0,0.0,,,31,1.0
S006,S025,HQ_Anonymized,HQ_Anonymized,Floor_A,Floor_C,True,False,unknown,False,unknown,unknown,unknown,True,0.4119465984809196,0.9549157500666786,0.8838709677419355,1.9561766301645884,1.727804968944099,1.8593081692254936,0.0,0.0,,,31,1.0
S006,S026,HQ_Anonymized,HQ_Anonymized,Floor_A,Floor_C,True,False,unknown,False,unknown,unknown,unknown,True,0.5590169943749475,0.9328001817697048,0.8133064516129034,4.070252732287299,3.938295833333328,1.6360694841639458,0.0,0.0,,,31,1.0
S006,S027,HQ_Anonymized,HQ_Anonymized,Floor_A,Floor_C,True,False,unknown,False,unknown,unknown,unknown,True,0.4701063709417263,0.9491708772944624,0.8790322580645162,3.1491981509688967,3.1970027777777688,1.5941663586825137,0.0,0.0,,,31,1.0
S006,S028,HQ_Anonymized,HQ_Anonymized,Floor_A,Floor_C,True,False,unknown,False,unknown,unknown,unknown,True,0.4197618372363071,0.957763988377075,0.9004032258064517,2.2408159971362496,2.651475000000012,2.556846819507589,0.0,0.0,,,31,1.0
S006,S029,HQ_Anonymized,HQ_Anonymized,Floor_A,Floor_C,True,False,unknown,False,unknown,unknown,unknown,True,0.3623534186398688,0.9278827417271563,0.8556451612903226,1.8113713104340432,1.4660569444444462,2.2861025519077547,0.0,0.0,,,31,1.0
S006,S030,HQ_Anonymized,HQ_Anonymized,Floor_A,Floor_C,True,False,unknown,False,unknown,unknown,unknown,True,0.4720169488482379,0.8998217552249141,0.8068548387096776,5.943485181053687,5.008632081958197,3.246483155628307,0.0,0.0,,,31,1.0
S006,S031,HQ_Anonymized,HQ_Anonymized,Floor_A,Floor_C,True,False,unknown,False,unknown,unknown,unknown,True,0.7725283166331187,0.9432242197280578,0.8693548387096774,1.375291737218398,0.9314909722222212,1.7275769382882595,0.0,0.0,,,31,1.0
S006,S032,HQ_Anonymized,HQ_Anonymized,Floor_A,Floor_D,True,False,unknown,False,unknown,unknown,unknown,True,0.1500000000000001,0.890921097891524,0.7673387096774195,3.616054366827002,3.67463225905464,2.028571537689944,0.0,0.0,,,31,1.0
S006,S033,HQ_Anonymized,HQ_Anonymized,Floor_A,Floor_D,True,False,unknown,False,unknown,unknown,unknown,True,0.4527692569068708,0.8341108963878847,0.8084677419354839,4.118436093014912,3.43923958333334,2.6563148350172714,0.0,0.0,,,31,1.0
S006,S034,HQ_Anonymized,HQ_Anonymized,Floor_A,Floor_D,True,False,unknown,False,unknown,unknown,unknown,True,0.3228002478313794,0.8687614852403412,0.769758064516129,7.376035602894641,6.8733826388888914,2.961349931197073,0.0,0.0,,,31,1.0
S006,S035,HQ_Anonymized,HQ_Anonymized,Floor_A,Floor_D,True,False,unknown,False,unknown,unknown,unknown,True,0.3125699921617557,0.8731264965247107,0.7258064516129034,6.451821851268658,6.455503472222219,2.571697800789503,0.0,0.0,,,31,1.0
S006,S036,HQ_Anonymized,HQ_Anonymized,Floor_A,Floor_D,True,False,unknown,False,unknown,unknown,unknown,True,0.6579513659838393,0.912955409012407,0.8262096774193548,2.2412867724323067,1.96661944444444,1.8155305369710173,0.0,0.0,,,31,1.0
S006,S037,HQ_Anonymized,HQ_Anonymized,Floor_A,Floor_D,True,False,unknown,False,unknown,unknown,unknown,True,0.1992485884517128,0.9255226493153468,0.7887096774193549,2.5320492192810784,2.280379166666662,1.694933697727704,0.0,0.0,,,31,1.0
S006,S038,HQ_Anonymized,HQ_Anonymized,Floor_A,Floor_D,True,False,unknown,False,unknown,unknown,unknown,True,0.5521775076911409,0.9432105907371766,0.8318548387096775,1.9531388545295576,1.7691361111111092,1.601204121279318,0.0,0.0,,,31,1.0
S006,S039,HQ_Anonymized,HQ_Anonymized,Floor_A,Floor_D,True,False,unknown,False,unknown,unknown,unknown,True,0.4884669896727925,0.8310909474829907,0.7491935483870967,4.776210577049398,4.982601388888902,2.483471151957044,0.0,0.0,,,31,1.0
S006,S040,HQ_Anonymized,HQ_Anonymized,Floor_A,Floor_D,True,False,unknown,False,unknown,unknown,unknown,True,0.4936598018878993,0.9282429577655272,0.7625000000000001,6.8930737477842365,7.261775694444452,1.83845091420016,0.0,0.0,,,31,1.0
S006,S041,HQ_Anonymized,HQ_Anonymized,Floor_A,Floor_D,True,False,unknown,False,unknown,unknown,unknown,True,0.6931810730249349,0.8691396444292311,0.8604838709677419,2.427837643599885,1.710057638888891,2.607862171096501,0.0,0.0,,,31,1.0
S006,S042,HQ_Anonymized,HQ_Anonymized,Floor_A,Floor_D,True,False,unknown,False,unknown,unknown,unknown,True,0.579827560572969,0.1941142883099164,0.2358870967741935,8.038230571383123,9.047309847650922,4.381958294564428,0.0,0.0,,,31,1.0
S006,S043,HQ_Anonymized,HQ_Anonymized,Floor_A,Floor_D,True,False,unknown,False,unknown,unknown,unknown,True,0.4527692569068709,0.7842353902894704,0.7020161290322581,3.270768742050032,3.3198930555555464,2.7732192085741243,0.0,0.0,,,31,1.0
S006,S044,HQ_Anonymized,HQ_Anonymized,Floor_A,Floor_D,True,False,unknown,False,unknown,unknown,unknown,True,0.3354101966249685,0.9417019313753714,0.8233870967741936,6.08043933265328,5.94781509233232,2.1296361053098027,0.0,0.0,,,31,1.0
S006,S045,HQ_Anonymized,HQ_Anonymized,Floor_A,Floor_E,True,False,unknown,False,unknown,unknown,unknown,True,0.0565685424949237,0.9442617747124096,0.8270161290322581,2.674586198263996,2.7965667094915645,1.7644324646445373,0.0,0.0,,,31,1.0
S006,S046,HQ_Anonymized,HQ_Anonymized,Floor_A,Floor_E,True,False,unknown,False,unknown,unknown,unknown,True,0.382099463490856,0.9255336373630846,0.7931451612903226,3.093894689006308,2.891874999999999,1.7143665683694698,0.0,0.0,,,31,1.0
S006,S047,HQ_Anonymized,HQ_Anonymized,Floor_A,Floor_E,True,False,unknown,False,unknown,unknown,unknown,True,0.3623534186398688,0.8950946147834977,0.8104560622914349,1.3521828107980485,0.9481453433572716,2.040239823305462,0.0,0.0,,,30,0.967741935483871
S006,S048,HQ_Anonymized,HQ_Anonymized,Floor_A,Floor_E,True,False,unknown,False,unknown,unknown,unknown,True,0.5730619512757762,0.8897832534040966,0.8205645161290324,1.829889620080489,1.310532638888887,2.079572563308844,0.0,0.0,,,31,1.0
S006,S049,HQ_Anonymized,HQ_Anonymized,Floor_A,Floor_E,True,False,unknown,False,unknown,unknown,unknown,True,0.4640043103248072,0.9205697516024952,0.7887096774193549,4.025500926894392,3.8438249999999954,1.8038640643821389,0.0,0.0,,,31,1.0
S006,S050,HQ_Anonymized,HQ_Anonymized,Floor_A,Floor_E,True,False,unknown,False,unknown,unknown,unknown,True,0.6594694837519018,0.8223718183814287,0.7451612903225808,1.955245662740417,1.3815291666666667,2.8070253642416585,0.0,0.0,,,31,1.0
S006,S051,HQ_Anonymized,HQ_Anonymized,Floor_A,Floor_E,True,False,unknown,False,unknown,unknown,unknown,True,0.2941088233970548,0.91164703577673,0.7955645161290323,2.096474198602392,1.867490972222214,2.1828798956809243,0.0,0.0,,,31,1.0
S006,S052,HQ_Anonymized,HQ_Anonymized,Floor_A,Floor_E,True,False,unknown,False,unknown,unknown,unknown,True,0.2941088233970549,0.9319477923813372,0.8435483870967743,3.195369462445522,3.0606851978690983,1.7361760444701504,0.0,0.0,,,31,1.0
S006,S053,HQ_Anonymized,HQ_Anonymized,Floor_A,Floor_E,True,False,unknown,False,unknown,unknown,unknown,True,0.7627581530209953,0.6137734517920719,0.537391304347826,6.951347314245919,7.926888731060607,3.458573916535653,0.0,0.0,,,24,0.7741935483870968
S006,S054,HQ_Anonymized,HQ_Anonymized,Floor_A,Floor_E,True,False,unknown,False,unknown,unknown,unknown,True,0.5672741841473133,0.9448962355531128,0.8616935483870969,2.418756728660965,2.6103444444444506,1.4768469400050128,0.0,0.0,,,31,1.0
S006,S055,HQ_Anonymized,HQ_Anonymized,Floor_A,Floor_E,True,False,unknown,False,unknown,unknown,unknown,True,0.4373785545725807,0.9493284932545412,0.8629032258064516,3.099060127661066,2.575225694444441,2.2891173451500904,0.0,0.0,,,31,1.0
S006,S056,HQ_Anonymized,HQ_Anonymized,Floor_A,Floor_E,True,False,unknown,False,unknown,unknown,unknown,True,0.0984885780179611,0.9339089435053864,0.7858870967741937,1.573803551735763,1.419257394766781,1.6845694727441316,0.0,0.0,,,31,1.0
S007,S008,HQ_Anonymized,HQ_Anonymized,Floor_A,Floor_A,True,True,unknown,False,unknown,unknown,unknown,False,0.1499999999999999,0.9681195053868524,0.910483870967742,3.483616795370557,3.283997222222226,1.0270758934179214,0.0,0.0,,,31,1.0
S007,S009,HQ_Anonymized,HQ_Anonymized,Floor_A,Floor_A,True,True,unknown,False,unknown,unknown,unknown,False,0.3,0.9557185663246948,0.8887096774193549,4.057463126979134,3.7930604166666697,1.2642726026386366,0.0,0.0,,,31,1.0
S007,S010,HQ_Anonymized,HQ_Anonymized,Floor_A,Floor_B,True,False,unknown,False,unknown,unknown,unknown,True,0.3999999999999999,0.8895320664048983,0.770967741935484,2.3610658601424945,2.485201970825578,1.870687635515,0.0,0.0,,,31,1.0
S007,S011,HQ_Anonymized,HQ_Anonymized,Floor_A,Floor_B,True,False,unknown,False,unknown,unknown,unknown,True,0.2599999999999999,0.7578441830128686,0.6403225806451613,3.6074595476287743,3.430432638888888,2.737729111082796,0.0,0.0,,,31,1.0
S007,S012,HQ_Anonymized,HQ_Anonymized,Floor_A,Floor_B,True,False,unknown,False,unknown,unknown,unknown,True,0.3860051813123756,0.8228958289692755,0.772983870967742,2.465384604007155,2.4755791666666696,2.3492230530750224,0.0,0.0,,,31,1.0
S007,S013,HQ_Anonymized,HQ_Anonymized,Floor_A,Floor_B,True,False,unknown,False,unknown,unknown,unknown,True,0.876184911990614,0.8531557472906179,0.8020161290322582,3.6876434303969368,2.443121739130426,2.6798087708075413,0.0,0.0,,,31,1.0
S007,S014,HQ_Anonymized,HQ_Anonymized,Floor_A,Floor_B,True,False,unknown,False,unknown,unknown,unknown,True,0.544885309033011,0.9269276749842924,0.8395161290322581,1.1334027395144588,0.6560881944444432,1.5811197923347289,0.0,0.0,,,31,1.0
S007,S015,HQ_Anonymized,HQ_Anonymized,Floor_A,Floor_B,True,False,unknown,False,unknown,unknown,unknown,True,0.737360156233031,0.9701999669388066,0.9346774193548388,3.0791288236944023,1.7664294578853088,2.3707619714845607,0.0,0.0,,,31,1.0
S007,S016,HQ_Anonymized,HQ_Anonymized,Floor_A,Floor_B,True,False,unknown,False,unknown,unknown,unknown,True,0.7975587752636165,0.9260093213564476,0.8895161290322581,1.5345894968952507,1.4594548611111122,1.837998306424692,0.0,0.0,,,31,1.0
S007,S017,HQ_Anonymized,HQ_Anonymized,Floor_A,Floor_B,True,False,unknown,False,unknown,unknown,unknown,True,0.6987131027825368,0.9598072117781072,0.9108870967741935,3.145046868669159,2.142125694444452,2.005622376133777,0.0,0.0,,,31,1.0
S007,S018,HQ_Anonymized,HQ_Anonymized,Floor_A,Floor_B,True,False,unknown,False,unknown,unknown,unknown,True,0.7273238618387272,0.9041866306420884,0.8512096774193548,4.067775334181443,3.783009808052441,1.7541773055682783,0.0,0.0,,,31,1.0
S007,S019,HQ_Anonymized,HQ_Anonymized,Floor_A,Floor_B,True,False,unknown,False,unknown,unknown,unknown,True,0.1099999999999999,0.9557167681610224,0.805241935483871,3.1004544711911697,3.4376580494449485,1.799614513453201,0.0,0.0,,,31,1.0
S007,S020,HQ_Anonymized,HQ_Anonymized,Floor_A,Floor_B,True,False,unknown,False,unknown,unknown,unknown,True,0.52,0.9300359925072376,0.8092741935483873,1.661137106653087,1.0103982142857149,1.926760165480232,0.0,0.0,,,31,1.0
S007,S021,HQ_Anonymized,HQ_Anonymized,Floor_A,Floor_C,True,False,unknown,False,unknown,unknown,unknown,True,0.6463745044476925,0.9079572884215265,0.8120967741935484,3.150500780767084,2.4033430555555526,2.2258324077227702,0.0,0.0,,,31,1.0
S007,S022,HQ_Anonymized,HQ_Anonymized,Floor_A,Floor_C,True,False,unknown,False,unknown,unknown,unknown,True,0.544885309033011,0.9234495684120156,0.7786290322580645,1.8757611647520056,1.3869833333333332,1.898361303469274,0.0,0.0,,,31,1.0
S007,S023,HQ_Anonymized,HQ_Anonymized,Floor_A,Floor_C,True,False,unknown,False,unknown,unknown,unknown,True,0.3860051813123756,0.8599781623895291,0.7842741935483871,2.75487674091142,2.470209722222222,2.71213180869187,0.0,0.0,,,31,1.0
S007,S024,HQ_Anonymized,HQ_Anonymized,Floor_A,Floor_C,True,False,unknown,False,unknown,unknown,unknown,True,0.8700574693662482,0.8619578132776348,0.776209677419355,2.05216519304192,1.343485416666674,2.386313329045686,0.0,0.0,,,31,1.0
S007,S025,HQ_Anonymized,HQ_Anonymized,Floor_A,Floor_C,True,False,unknown,False,unknown,unknown,unknown,True,0.53,0.947344279733303,0.8338709677419357,1.376000457768428,1.5182027777777805,1.6138238339096431,0.0,0.0,,,31,1.0
S007,S026,HQ_Anonymized,HQ_Anonymized,Floor_A,Floor_C,True,False,unknown,False,unknown,unknown,unknown,True,0.1099999999999999,0.9476660486960328,0.8185483870967744,2.820388938283354,2.825565277777777,1.4369230898001766,0.0,0.0,,,31,1.0
S007,S027,HQ_Anonymized,HQ_Anonymized,Floor_A,Floor_C,True,False,unknown,False,unknown,unknown,unknown,True,0.2599999999999999,0.9529848195420874,0.8383064516129033,1.993782232028957,1.993272222222224,1.3174705753436755,0.0,0.0,,,31,1.0
S007,S028,HQ_Anonymized,HQ_Anonymized,Floor_A,Floor_C,True,False,unknown,False,unknown,unknown,unknown,True,0.3999999999999999,0.9704313252340304,0.9080645161290324,2.3319408938867747,1.2591090277777752,2.166357436918932,0.0,0.0,,,31,1.0
S007,S029,HQ_Anonymized,HQ_Anonymized,Floor_A,Floor_C,True,False,unknown,False,unknown,unknown,unknown,True,0.737360156233031,0.928593645936845,0.8370967741935486,2.1345374467096327,2.001348611111119,2.431472427269139,0.0,0.0,,,31,1.0
S007,S030,HQ_Anonymized,HQ_Anonymized,Floor_A,Floor_C,True,False,unknown,False,unknown,unknown,unknown,True,0.6987131027825368,0.8993655902015822,0.8149193548387097,7.208773399020765,5.932003481319754,2.901418398123837,0.0,0.0,,,31,1.0
S007,S031,HQ_Anonymized,HQ_Anonymized,Floor_A,Floor_C,True,False,unknown,False,unknown,unknown,unknown,True,0.7273238618387272,0.9279146870072318,0.7955645161290323,1.3433241221699068,0.8063729166666675,1.6061711815897672,0.0,0.0,,,31,1.0
S007,S032,HQ_Anonymized,HQ_Anonymized,Floor_A,Floor_D,True,False,unknown,False,unknown,unknown,unknown,True,0.4891829923454002,0.9236418672173192,0.797983870967742,4.795382593754654,4.260034803921563,1.5691990094090722,0.0,0.0,,,31,1.0
S007,S033,HQ_Anonymized,HQ_Anonymized,Floor_A,Floor_D,True,False,unknown,False,unknown,unknown,unknown,True,0.4418144406874904,0.8644833856327163,0.7786290322580645,5.346912796645073,5.10262361111112,2.3768202299417576,0.0,0.0,,,31,1.0
S007,S034,HQ_Anonymized,HQ_Anonymized,Floor_A,Floor_D,True,False,unknown,False,unknown,unknown,unknown,True,0.9245539465060976,0.9096637550752202,0.8116935483870968,8.641323820861718,8.051597916666672,2.50576176983914,0.0,0.0,,,31,1.0
S007,S035,HQ_Anonymized,HQ_Anonymized,Floor_A,Floor_D,True,False,unknown,False,unknown,unknown,unknown,True,0.8490583018850943,0.9188853070693804,0.8016129032258066,7.717110069235736,7.154118055555557,2.050032866376144,0.0,0.0,,,31,1.0
S007,S036,HQ_Anonymized,HQ_Anonymized,Floor_A,Floor_D,True,False,unknown,False,unknown,unknown,unknown,True,0.0412310562561766,0.9437315880324793,0.7883064516129034,3.1887272305427548,3.121368055555557,1.3616948311738044,0.0,0.0,,,31,1.0
S007,S037,HQ_Anonymized,HQ_Anonymized,Floor_A,Floor_D,True,False,unknown,False,unknown,unknown,unknown,True,0.4609772228646443,0.9524422495427292,0.8471774193548388,3.512672249076114,3.5307354166666585,1.3123812813375078,0.0,0.0,,,31,1.0
S007,S038,HQ_Anonymized,HQ_Anonymized,Floor_A,Floor_D,True,False,unknown,False,unknown,unknown,unknown,True,0.1746424919657298,0.963083365671048,0.813709677419355,1.0672363636490134,0.9818062500000052,1.1613200885813255,0.0,0.0,,,31,1.0
S007,S039,HQ_Anonymized,HQ_Anonymized,Floor_A,Floor_D,True,False,unknown,False,unknown,unknown,unknown,True,0.3026549190084311,0.846971609203199,0.7399193548387097,5.885405470643716,5.757274305555555,2.176705424002653,0.0,0.0,,,31,1.0
S007,S040,HQ_Anonymized,HQ_Anonymized,Floor_A,Floor_D,True,False,unknown,False,unknown,unknown,unknown,True,0.35,0.9622084846301148,0.8362903225806452,8.158361965751315,8.16711875,1.2725268212877048,0.0,0.0,,,31,1.0
S007,S041,HQ_Anonymized,HQ_Anonymized,Floor_A,Floor_D,True,False,unknown,False,unknown,unknown,unknown,True,0.7316419889536139,0.9219653506013904,0.8870967741935485,2.9776755331819498,2.250341071428572,2.057131337296481,0.0,0.0,,,31,1.0
S007,S042,HQ_Anonymized,HQ_Anonymized,Floor_A,Floor_D,True,False,unknown,False,unknown,unknown,unknown,True,0.72,0.1056860175811496,0.1362903225806451,6.823641278147228,7.424437396572095,4.157227107334768,0.0,0.0,,,31,1.0
S007,S043,HQ_Anonymized,HQ_Anonymized,Floor_A,Floor_D,True,False,unknown,False,unknown,unknown,unknown,True,0.737563556583431,0.8203465797587827,0.6955645161290324,4.288356960017111,4.09867916666667,2.3762380569515718,0.0,0.0,,,31,1.0
S007,S044,HQ_Anonymized,HQ_Anonymized,Floor_A,Floor_D,True,False,unknown,False,unknown,unknown,unknown,True,0.3848376280978771,0.9561915555529368,0.8556451612903226,7.345727550620358,6.824868844367025,1.7262295278037092,0.0,0.0,,,31,1.0
S007,S045,HQ_Anonymized,HQ_Anonymized,Floor_A,Floor_E,True,False,unknown,False,unknown,unknown,unknown,True,0.6463745044476925,0.9670956038097744,0.8963709677419355,3.769748745935485,3.589018750000001,1.280606731050736,0.0,0.0,,,31,1.0
S007,S046,HQ_Anonymized,HQ_Anonymized,Floor_A,Floor_E,True,False,unknown,False,unknown,unknown,unknown,True,0.3860051813123756,0.9454734551356816,0.870967741935484,2.0394088903940704,1.9186201388888904,1.3356753631161995,0.0,0.0,,,31,1.0
S007,S047,HQ_Anonymized,HQ_Anonymized,Floor_A,Floor_E,True,False,unknown,False,unknown,unknown,unknown,True,0.737360156233031,0.906274378694188,0.8478309232480534,1.8226133038032868,1.7627246527777771,1.8607210247764496,0.0,0.0,,,30,0.967741935483871
S007,S048,HQ_Anonymized,HQ_Anonymized,Floor_A,Floor_E,True,False,unknown,False,unknown,unknown,unknown,True,0.6900724599634447,0.8806483328754727,0.8576612903225809,1.3206647725691214,0.8243791666666667,1.9424112428075,0.0,0.0,,,31,1.0
S007,S049,HQ_Anonymized,HQ_Anonymized,Floor_A,Floor_E,True,False,unknown,False,unknown,unknown,unknown,True,0.700357051795725,0.923088454475138,0.8088709677419356,5.290789144861472,5.241087499999999,1.7667011762229254,0.0,0.0,,,31,1.0
S007,S050,HQ_Anonymized,HQ_Anonymized,Floor_A,Floor_E,True,False,unknown,False,unknown,unknown,unknown,True,0.0223606797749979,0.8765308083048803,0.780241935483871,2.0322986080500463,1.2926236111111251,2.352070127272349,0.0,0.0,,,31,1.0
S007,S051,HQ_Anonymized,HQ_Anonymized,Floor_A,Floor_E,True,False,unknown,False,unknown,unknown,unknown,True,0.9013878188659972,0.9270116494288538,0.8185483870967744,2.887486168711904,2.576529861111105,2.1135633380205743,0.0,0.0,,,31,1.0
S007,S052,HQ_Anonymized,HQ_Anonymized,Floor_A,Floor_E,True,False,unknown,False,unknown,unknown,unknown,True,0.7975587752636165,0.927160581105982,0.7826612903225808,4.358948708231517,4.299706541218633,1.8267793731740791,0.0,0.0,,,31,1.0
S007,S053,HQ_Anonymized,HQ_Anonymized,Floor_A,Floor_E,True,False,unknown,False,unknown,unknown,unknown,True,0.1414213562373095,0.5672459378121499,0.44,8.23340582263858,8.607447758838383,3.4066167122596744,0.0,0.0,,,24,0.7741935483870968
S007,S054,HQ_Anonymized,HQ_Anonymized,Floor_A,Floor_E,True,False,unknown,False,unknown,unknown,unknown,True,0.1216552506059644,0.9540765285172246,0.9072580645161292,3.545653952004387,3.2506430555555568,1.2274595341686538,0.0,0.0,,,31,1.0
S007,S055,HQ_Anonymized,HQ_Anonymized,Floor_A,Floor_E,True,False,unknown,False,unknown,unknown,unknown,True,0.4104875150354758,0.9429255197628884,0.8028225806451613,4.145053811577965,3.922025000000005,2.5663236773626505,0.0,0.0,,,31,1.0
S007,S056,HQ_Anonymized,HQ_Anonymized,Floor_A,Floor_E,True,False,unknown,False,unknown,unknown,unknown,True,0.544885309033011,0.9660116793145284,0.8979838709677421,2.107574564264057,2.120857251082249,1.1173841277195036,0.0,0.0,,,31,1.0
S008,S009,HQ_Anonymized,HQ_Anonymized,Floor_A,Floor_A,True,True,unknown,False,unknown,unknown,unknown,False,0.15,0.9713401471899022,0.8725806451612903,0.9352715288852538,0.8330006944444435,0.9664367892474504,0.0,0.0,,,31,1.0
S008,S010,HQ_Anonymized,HQ_Anonymized,Floor_A,Floor_B,True,False,unknown,False,unknown,unknown,unknown,True,0.25,0.8979187896878531,0.7649193548387098,5.520050867244074,5.559344331936693,1.72406814984187,0.0,0.0,,,31,1.0
S008,S011,HQ_Anonymized,HQ_Anonymized,Floor_A,Floor_B,True,False,unknown,False,unknown,unknown,unknown,True,0.1099999999999999,0.7584904475128897,0.5846774193548387,6.832143547300405,6.751696527777774,2.6517904384555218,0.0,0.0,,,31,1.0
S008,S012,HQ_Anonymized,HQ_Anonymized,Floor_A,Floor_B,True,False,unknown,False,unknown,unknown,unknown,True,0.3721558813185678,0.7428487346417603,0.6931451612903227,5.242474650674493,5.745538888888888,2.6202334460187067,0.0,0.0,,,31,1.0
S008,S013,HQ_Anonymized,HQ_Anonymized,Floor_A,Floor_B,True,False,unknown,False,unknown,unknown,unknown,True,0.7925906888173743,0.8306790844400473,0.740725806451613,2.2145533503361605,2.0387666666666675,2.5724983687278984,0.0,0.0,,,31,1.0
S008,S014,HQ_Anonymized,HQ_Anonymized,Floor_A,Floor_B,True,False,unknown,False,unknown,unknown,unknown,True,0.4465422712353221,0.9303238728305012,0.7967741935483872,2.7918628909815464,2.978352777777779,1.449348179034248,0.0,0.0,,,31,1.0
S008,S015,HQ_Anonymized,HQ_Anonymized,Floor_A,Floor_B,True,False,unknown,False,unknown,unknown,unknown,True,0.6987131027825368,0.939137302327254,0.8213709677419356,2.1632813234608004,2.123399003656452,2.287092036206165,0.0,0.0,,,31,1.0
S008,S016,HQ_Anonymized,HQ_Anonymized,Floor_A,Floor_B,True,False,unknown,False,unknown,unknown,unknown,True,0.7338937252763509,0.8965703748382228,0.8028225806451613,3.484974259757261,3.409704455368292,1.8700435135487263,0.0,0.0,,,31,1.0
S008,S017,HQ_Anonymized,HQ_Anonymized,Floor_A,Floor_B,True,False,unknown,False,unknown,unknown,unknown,True,0.6911584478250988,0.9390756455590272,0.8012096774193549,1.773276265054877,1.8559569444444437,1.9290164387169448,0.0,0.0,,,31,1.0
S008,S018,HQ_Anonymized,HQ_Anonymized,Floor_A,Floor_B,True,False,unknown,False,unknown,unknown,unknown,True,0.7877182237323191,0.9136748226096084,0.8286290322580646,1.3038724169380482,1.0044660984848477,1.6109713133728998,0.0,0.0,,,31,1.0
S008,S019,HQ_Anonymized,HQ_Anonymized,Floor_A,Floor_B,True,False,unknown,False,unknown,unknown,unknown,True,0.0399999999999999,0.9475891261715844,0.7508064516129033,6.494695898619479,6.422358682467873,1.6822890769636325,0.0,0.0,,,31,1.0
S008,S020,HQ_Anonymized,HQ_Anonymized,Floor_A,Floor_B,True,False,unknown,False,unknown,unknown,unknown,True,0.37,0.9408334901035984,0.7754032258064516,2.2995904414056416,2.1666527777777773,1.7045410564508514,0.0,0.0,,,31,1.0
S008,S021,HQ_Anonymized,HQ_Anonymized,Floor_A,Floor_C,True,False,unknown,False,unknown,unknown,unknown,True,0.5303772242470447,0.9264225054827664,0.7451612903225808,1.6876958085102836,1.7785909722222255,1.9776406276776572,0.0,0.0,,,31,1.0
S008,S022,HQ_Anonymized,HQ_Anonymized,Floor_A,Floor_C,True,False,unknown,False,unknown,unknown,unknown,True,0.4465422712353221,0.9499785277297912,0.747983870967742,1.9938555373390927,1.85867826086956,1.576486311168482,0.0,0.0,,,31,1.0
S008,S023,HQ_Anonymized,HQ_Anonymized,Floor_A,Floor_C,True,False,unknown,False,unknown,unknown,unknown,True,0.3721558813185678,0.9195212398061644,0.7395161290322582,5.63424431073154,6.019297916666666,2.2589735108357862,0.0,0.0,,,31,1.0
S008,S024,HQ_Anonymized,HQ_Anonymized,Floor_A,Floor_C,True,False,unknown,False,unknown,unknown,unknown,True,0.7877182237323191,0.8953661339579697,0.7225806451612904,2.4268839469378216,2.0983604166666723,2.0848005015253617,0.0,0.0,,,31,1.0
S008,S025,HQ_Anonymized,HQ_Anonymized,Floor_A,Floor_C,True,False,unknown,False,unknown,unknown,unknown,True,0.38,0.9574226965261208,0.7798387096774194,3.882579746738575,3.926995833333329,1.3856608773818049,0.0,0.0,,,31,1.0
S008,S026,HQ_Anonymized,HQ_Anonymized,Floor_A,Floor_C,True,False,unknown,False,unknown,unknown,unknown,True,0.0399999999999999,0.9643635687627004,0.7806451612903227,6.288581309690778,6.263177083333332,1.253017601968642,0.0,0.0,,,31,1.0
S008,S027,HQ_Anonymized,HQ_Anonymized,Floor_A,Floor_C,True,False,unknown,False,unknown,unknown,unknown,True,0.1099999999999999,0.9737210746045692,0.7991935483870968,5.367526728372375,5.270412499999999,0.9554408205984598,0.0,0.0,,,31,1.0
S008,S028,HQ_Anonymized,HQ_Anonymized,Floor_A,Floor_C,True,False,unknown,False,unknown,unknown,unknown,True,0.25,0.960234966741525,0.8362903225806452,1.989452477932501,2.0773500000000027,2.026456161414372,0.0,0.0,,,31,1.0
S008,S029,HQ_Anonymized,HQ_Anonymized,Floor_A,Floor_C,True,False,unknown,False,unknown,unknown,unknown,True,0.6987131027825368,0.952439334076479,0.7661290322580646,2.793490922827757,2.4750013888888844,2.308631633734165,0.0,0.0,,,31,1.0
S008,S030,HQ_Anonymized,HQ_Anonymized,Floor_A,Floor_C,True,False,unknown,False,unknown,unknown,unknown,True,0.6911584478250988,0.9252035643008244,0.7520161290322581,3.729964390477278,2.669470842430861,2.667556659955039,0.0,0.0,,,31,1.0
S008,S031,HQ_Anonymized,HQ_Anonymized,Floor_A,Floor_C,True,False,unknown,False,unknown,unknown,unknown,True,0.7877182237323191,0.948467702709036,0.767741935483871,2.644451823838465,2.326600694444444,1.3039399443067103,0.0,0.0,,,31,1.0
S008,S032,HQ_Anonymized,HQ_Anonymized,Floor_A,Floor_D,True,False,unknown,False,unknown,unknown,unknown,True,0.3883297567789519,0.946954335722503,0.8278225806451613,1.5063496623158237,1.2870861111111085,1.258151142916636,0.0,0.0,,,31,1.0
S008,S033,HQ_Anonymized,HQ_Anonymized,Floor_A,Floor_D,True,False,unknown,False,unknown,unknown,unknown,True,0.292745623366089,0.86994176768244,0.7725806451612904,2.0271255711669887,0.9882076388888876,2.3408539833519715,0.0,0.0,,,31,1.0
S008,S034,HQ_Anonymized,HQ_Anonymized,Floor_A,Floor_D,True,False,unknown,False,unknown,unknown,unknown,True,0.8386298349093002,0.9133922354982412,0.7846774193548387,5.157707025491162,4.613530357142871,2.318089705186104,0.0,0.0,,,31,1.0
S008,S035,HQ_Anonymized,HQ_Anonymized,Floor_A,Floor_D,True,False,unknown,False,unknown,unknown,unknown,True,0.78,0.93493311369716,0.790725806451613,4.23349327386518,3.91126944444445,1.8042918196047613,0.0,0.0,,,31,1.0
S008,S036,HQ_Anonymized,HQ_Anonymized,Floor_A,Floor_D,True,False,unknown,False,unknown,unknown,unknown,True,0.1456021977856103,0.9598242849213856,0.8129032258064517,0.8958344367082957,0.6843798611111112,1.1263488017269123,0.0,0.0,,,31,1.0
S008,S037,HQ_Anonymized,HQ_Anonymized,Floor_A,Floor_D,True,False,unknown,False,unknown,unknown,unknown,True,0.3807886552931954,0.9688944782459148,0.780241935483871,0.8969236884725833,0.7287562500000035,1.0981152227462685,0.0,0.0,,,31,1.0
S008,S038,HQ_Anonymized,HQ_Anonymized,Floor_A,Floor_D,True,False,unknown,False,unknown,unknown,unknown,True,0.0447213595499958,0.9797154048899708,0.8669354838709679,4.099648480320133,4.105304166666663,0.8227046804684558,0.0,0.0,,,31,1.0
S008,S039,HQ_Anonymized,HQ_Anonymized,Floor_A,Floor_D,True,False,unknown,False,unknown,unknown,unknown,True,0.1552417469626002,0.8654794102662866,0.7411290322580646,2.6786662286126,2.5926715277777816,1.959951631695117,0.0,0.0,,,31,1.0
S008,S040,HQ_Anonymized,HQ_Anonymized,Floor_A,Floor_D,True,False,unknown,False,unknown,unknown,unknown,True,0.3807886552931954,0.9727579056998475,0.7733870967741936,4.674745170380759,4.643842361111105,1.0233784153692091,0.0,0.0,,,31,1.0
S008,S041,HQ_Anonymized,HQ_Anonymized,Floor_A,Floor_D,True,False,unknown,False,unknown,unknown,unknown,True,0.7725283166331186,0.8603818592746967,0.815725806451613,1.8541358691478,1.7257951388888912,2.185208814508727,0.0,0.0,,,31,1.0
S008,S042,HQ_Anonymized,HQ_Anonymized,Floor_A,Floor_D,True,False,unknown,False,unknown,unknown,unknown,True,0.7354590403278757,0.0953043145223732,0.0455645161290322,10.2565591487866,11.46119375,3.993536027697577,0.0,0.0,,,31,1.0
S008,S043,HQ_Anonymized,HQ_Anonymized,Floor_A,Floor_D,True,False,unknown,False,unknown,unknown,unknown,True,0.7200694410957876,0.8363788902006984,0.653225806451613,1.4963091423388797,1.0595611111111225,2.1989027961691856,0.0,0.0,,,31,1.0
S008,S044,HQ_Anonymized,HQ_Anonymized,Floor_A,Floor_D,True,False,unknown,False,unknown,unknown,unknown,True,0.3501428280002319,0.955353326407242,0.7778225806451614,3.8621107552498017,3.757979799965064,1.5684056036348542,0.0,0.0,,,31,1.0
S008,S045,HQ_Anonymized,HQ_Anonymized,Floor_A,Floor_E,True,False,unknown,False,unknown,unknown,unknown,True,0.5303772242470447,0.976727959188238,0.8645161290322582,0.852641954723882,0.750398611111109,1.032529056208389,0.0,0.0,,,31,1.0
S008,S046,HQ_Anonymized,HQ_Anonymized,Floor_A,Floor_E,True,False,unknown,False,unknown,unknown,unknown,True,0.3721558813185678,0.97645934160681,0.9290322580645164,5.292618875728785,5.239655555555551,0.8433259096176577,0.0,0.0,,,31,1.0
S008,S047,HQ_Anonymized,HQ_Anonymized,Floor_A,Floor_E,True,False,unknown,False,unknown,unknown,unknown,True,0.6987131027825368,0.9225283691522628,0.7926585094549499,2.1467521579550186,1.894264236111109,1.6915111119860478,0.0,0.0,,,30,0.967741935483871
S008,S048,HQ_Anonymized,HQ_Anonymized,Floor_A,Floor_E,True,False,unknown,False,unknown,unknown,unknown,True,0.7083078426785913,0.9071122788135249,0.8169354838709678,3.398981055906906,3.4868323198980704,1.6455325908734535,0.0,0.0,,,31,1.0
S008,S049,HQ_Anonymized,HQ_Anonymized,Floor_A,Floor_E,True,False,unknown,False,unknown,unknown,unknown,True,0.6906518659932802,0.9513154623889936,0.8322580645161292,1.962994968538534,1.9854506944444523,1.4815131696909654,0.0,0.0,,,31,1.0
S008,S050,HQ_Anonymized,HQ_Anonymized,Floor_A,Floor_E,True,False,unknown,False,unknown,unknown,unknown,True,0.1612451549659709,0.8977169679082602,0.8028225806451613,2.429842336066031,2.4470493055555598,2.196704704304104,0.0,0.0,,,31,1.0
S008,S051,HQ_Anonymized,HQ_Anonymized,Floor_A,Floor_E,True,False,unknown,False,unknown,unknown,unknown,True,0.8130190649671137,0.9444860709632642,0.8193548387096775,1.7361512610729104,1.6998277777777773,2.017746757463623,0.0,0.0,,,31,1.0
S008,S052,HQ_Anonymized,HQ_Anonymized,Floor_A,Floor_E,True,False,unknown,False,unknown,unknown,unknown,True,0.7338937252763509,0.9399061382645908,0.740725806451613,1.5138291002990865,1.3039526785714273,1.7386429487832074,0.0,0.0,,,31,1.0
S008,S053,HQ_Anonymized,HQ_Anonymized,Floor_A,Floor_E,True,False,unknown,False,unknown,unknown,unknown,True,0.2906888370749727,0.5811551594249328,0.4078260869565216,5.199956797269073,5.4182427155923385,3.175712189651925,0.0,0.0,,,24,0.7741935483870968
S008,S054,HQ_Anonymized,HQ_Anonymized,Floor_A,Floor_E,True,False,unknown,False,unknown,unknown,unknown,True,0.0360555127546398,0.953171277094665,0.8766129032258065,0.9155187946296351,0.706590972222223,1.2040466445098936,0.0,0.0,,,31,1.0
S008,S055,HQ_Anonymized,HQ_Anonymized,Floor_A,Floor_E,True,False,unknown,False,unknown,unknown,unknown,True,0.260768096208106,0.9496838862714528,0.7475806451612903,2.1655443541822352,1.7780361111111205,2.625852174153175,0.0,0.0,,,31,1.0
S008,S056,HQ_Anonymized,HQ_Anonymized,Floor_A,Floor_E,True,False,unknown,False,unknown,unknown,unknown,True,0.4465422712353221,0.9742818656225506,0.8338709677419357,1.3897293102910784,1.3746115613553087,0.90564159056583,0.0,0.0,,,31,1.0
S009,S010,HQ_Anonymized,HQ_Anonymized,Floor_A,Floor_B,True,False,unknown,False,unknown,unknown,unknown,True,0.0999999999999999,0.9155749889838256,0.8096774193548388,6.093897198852652,6.268199323798406,1.4723744727874728,0.0,0.0,,,31,1.0
S009,S011,HQ_Anonymized,HQ_Anonymized,Floor_A,Floor_B,True,False,unknown,False,unknown,unknown,unknown,True,0.04,0.780058659600129,0.6641129032258065,7.405989878908982,7.040644444444446,2.4039149349671827,0.0,0.0,,,31,1.0
S009,S012,HQ_Anonymized,HQ_Anonymized,Floor_A,Floor_B,True,False,unknown,False,unknown,unknown,unknown,True,0.4159326868617084,0.7370242612947524,0.6741935483870969,5.752136169620274,6.388172222222217,2.426206231465173,0.0,0.0,,,31,1.0
S009,S013,HQ_Anonymized,HQ_Anonymized,Floor_A,Floor_B,True,False,unknown,False,unknown,unknown,unknown,True,0.7305477397131552,0.8341681807468376,0.7467741935483873,1.862647441391828,1.8718017857142897,2.221603448734685,0.0,0.0,,,31,1.0
S009,S014,HQ_Anonymized,HQ_Anonymized,Floor_A,Floor_B,True,False,unknown,False,unknown,unknown,unknown,True,0.383275357934736,0.9332083765824168,0.8237903225806452,3.3073699304754296,3.62251805555556,1.274859972538783,0.0,0.0,,,31,1.0
S009,S015,HQ_Anonymized,HQ_Anonymized,Floor_A,Floor_B,True,False,unknown,False,unknown,unknown,unknown,True,0.6911584478250988,0.9349158610922708,0.8217741935483872,1.8217312864761748,1.9107720785440565,1.939944812731702,0.0,0.0,,,31,1.0
S009,S016,HQ_Anonymized,HQ_Anonymized,Floor_A,Floor_B,True,False,unknown,False,unknown,unknown,unknown,True,0.6972087205421343,0.905106166678722,0.8346774193548387,4.049086815905506,3.821540730676333,1.5529181012861226,0.0,0.0,,,31,1.0
S009,S017,HQ_Anonymized,HQ_Anonymized,Floor_A,Floor_B,True,False,unknown,False,unknown,unknown,unknown,True,0.7156814934033154,0.9380171733990774,0.8250000000000002,1.4720621237923708,1.3842340277777725,1.5963173427083184,0.0,0.0,,,31,1.0
S009,S018,HQ_Anonymized,HQ_Anonymized,Floor_A,Floor_B,True,False,unknown,False,unknown,unknown,unknown,True,0.8700574693662482,0.9142806783184042,0.8423387096774193,1.3110043882340303,1.1441750322997422,1.5551392459392963,0.0,0.0,,,31,1.0
S009,S019,HQ_Anonymized,HQ_Anonymized,Floor_A,Floor_B,True,False,unknown,False,unknown,unknown,unknown,True,0.19,0.9373736700278048,0.7580645161290323,7.068542230228058,7.084710098353149,1.4313823249763846,0.0,0.0,,,31,1.0
S009,S020,HQ_Anonymized,HQ_Anonymized,Floor_A,Floor_B,True,False,unknown,False,unknown,unknown,unknown,True,0.2199999999999999,0.9451550383587474,0.7927419354838711,2.6141347120823206,2.4300236111111104,1.3658895125150814,0.0,0.0,,,31,1.0
S009,S021,HQ_Anonymized,HQ_Anonymized,Floor_A,Floor_C,True,False,unknown,False,unknown,unknown,unknown,True,0.4356604182158393,0.9163961459765708,0.7927419354838711,1.5984364619894236,1.482783516771491,1.6945615627914008,0.0,0.0,,,31,1.0
S009,S022,HQ_Anonymized,HQ_Anonymized,Floor_A,Floor_C,True,False,unknown,False,unknown,unknown,unknown,True,0.383275357934736,0.9358003055346678,0.7770161290322581,2.4950094975201407,2.388462499999996,1.37645942543784,0.0,0.0,,,31,1.0
S009,S023,HQ_Anonymized,HQ_Anonymized,Floor_A,Floor_C,True,False,unknown,False,unknown,unknown,unknown,True,0.4159326868617084,0.906477532623126,0.8060483870967742,6.237861955704174,6.081576388888884,2.5347831239120477,0.0,0.0,,,31,1.0
S009,S024,HQ_Anonymized,HQ_Anonymized,Floor_A,Floor_C,True,False,unknown,False,unknown,unknown,unknown,True,0.7273238618387272,0.8865135375703295,0.7758064516129032,2.614074991808049,2.503189583333338,1.8090118553185257,0.0,0.0,,,31,1.0
S009,S025,HQ_Anonymized,HQ_Anonymized,Floor_A,Floor_C,True,False,unknown,False,unknown,unknown,unknown,True,0.2299999999999999,0.9433665966442798,0.8068548387096776,4.456426078347151,4.575843055555566,1.235130010086048,0.0,0.0,,,31,1.0
S009,S026,HQ_Anonymized,HQ_Anonymized,Floor_A,Floor_C,True,False,unknown,False,unknown,unknown,unknown,True,0.19,0.9519610873226636,0.8330645161290322,6.862427641299354,6.958580555555557,1.5538728760521594,0.0,0.0,,,31,1.0
S009,S027,HQ_Anonymized,HQ_Anonymized,Floor_A,Floor_C,True,False,unknown,False,unknown,unknown,unknown,True,0.04,0.9580620828411106,0.8161290322580647,5.941373059980954,6.039829550108173,1.0144767192758013,0.0,0.0,,,31,1.0
S009,S028,HQ_Anonymized,HQ_Anonymized,Floor_A,Floor_C,True,False,unknown,False,unknown,unknown,unknown,True,0.0999999999999999,0.9379712737752864,0.8161290322580647,2.0009949481461238,1.6338053571428688,1.7606625114183252,0.0,0.0,,,31,1.0
S009,S029,HQ_Anonymized,HQ_Anonymized,Floor_A,Floor_C,True,False,unknown,False,unknown,unknown,unknown,True,0.6911584478250988,0.9352417824527582,0.8258064516129033,3.422437535088259,2.506199327956992,2.7047628817913614,0.0,0.0,,,31,1.0
S009,S030,HQ_Anonymized,HQ_Anonymized,Floor_A,Floor_C,True,False,unknown,False,unknown,unknown,unknown,True,0.7156814934033154,0.9273945311689572,0.8024193548387096,3.255498253637009,3.740406446540888,2.293297133727486,0.0,0.0,,,31,1.0
S009,S031,HQ_Anonymized,HQ_Anonymized,Floor_A,Floor_C,True,False,unknown,False,unknown,unknown,unknown,True,0.8700574693662482,0.9390561374180404,0.8330645161290322,3.2182981554470427,3.234543749999993,1.213625683821345,0.0,0.0,,,31,1.0
S009,S032,HQ_Anonymized,HQ_Anonymized,Floor_A,Floor_D,True,False,unknown,False,unknown,unknown,unknown,True,0.3275667870831839,0.9341581954113364,0.8072580645161291,1.2621658535540974,1.087337913424122,1.346716101685846,0.0,0.0,,,31,1.0
S009,S033,HQ_Anonymized,HQ_Anonymized,Floor_A,Floor_D,True,False,unknown,False,unknown,unknown,unknown,True,0.1456021977856104,0.8620458807075759,0.7995967741935484,1.8758080470211616,1.0974954199092082,2.4579427627326247,0.0,0.0,,,31,1.0
S009,S034,HQ_Anonymized,HQ_Anonymized,Floor_A,Floor_D,True,False,unknown,False,unknown,unknown,unknown,True,0.7725283166331186,0.9036862296367052,0.7919354838709678,4.583860693882586,4.738818750000007,1.9976253833907576,0.0,0.0,,,31,1.0
S009,S035,HQ_Anonymized,HQ_Anonymized,Floor_A,Floor_D,True,False,unknown,False,unknown,unknown,unknown,True,0.7354590403278757,0.9250528211031128,0.8096774193548388,3.659646942256602,3.499419444444449,1.544050152823042,0.0,0.0,,,31,1.0
S009,S036,HQ_Anonymized,HQ_Anonymized,Floor_A,Floor_D,True,False,unknown,False,unknown,unknown,unknown,True,0.2927456233660889,0.942938604244209,0.8471774193548388,1.341865343754968,1.6698069444444386,1.3576364463550898,0.0,0.0,,,31,1.0
S009,S037,HQ_Anonymized,HQ_Anonymized,Floor_A,Floor_D,True,False,unknown,False,unknown,unknown,unknown,True,0.35,0.9591503280902036,0.8278225806451613,1.1854877085642317,0.94144444444445,1.3584316597606088,0.0,0.0,,,31,1.0
S009,S038,HQ_Anonymized,HQ_Anonymized,Floor_A,Floor_D,True,False,unknown,False,unknown,unknown,unknown,True,0.1360147050873544,0.954302442125374,0.7661290322580646,4.673494811928711,4.778468749999995,1.0753713673179215,0.0,0.0,,,31,1.0
S009,S039,HQ_Anonymized,HQ_Anonymized,Floor_A,Floor_D,True,False,unknown,False,unknown,unknown,unknown,True,0.04,0.8766013312613498,0.7798387096774194,2.144199314781553,1.8313402777777696,1.740180489957203,0.0,0.0,,,31,1.0
S009,S040,HQ_Anonymized,HQ_Anonymized,Floor_A,Floor_D,True,False,unknown,False,unknown,unknown,unknown,True,0.4609772228646443,0.9650689625737784,0.8435483870967743,4.1008988387721805,4.292951388888888,0.9283757788216086,0.0,0.0,,,31,1.0
S009,S041,HQ_Anonymized,HQ_Anonymized,Floor_A,Floor_D,True,False,unknown,False,unknown,unknown,unknown,True,0.8386298349093001,0.8607440685180194,0.8108870967741936,1.7498837350537533,1.801221527777777,1.8864850326294775,0.0,0.0,,,31,1.0
S009,S042,HQ_Anonymized,HQ_Anonymized,Floor_A,Floor_D,True,False,unknown,False,unknown,unknown,unknown,True,0.7799999999999999,0.1382919184782317,0.0891129032258064,10.83040548039518,10.963112396572091,3.5832106532128627,0.0,0.0,,,31,1.0
S009,S043,HQ_Anonymized,HQ_Anonymized,Floor_A,Floor_D,True,False,unknown,False,unknown,unknown,unknown,True,0.7334848328356899,0.8222517595188503,0.7028225806451613,1.416997907527258,0.9752624999999924,2.1859773053116696,0.0,0.0,,,31,1.0
S009,S044,HQ_Anonymized,HQ_Anonymized,Floor_A,Floor_D,True,False,unknown,False,unknown,unknown,unknown,True,0.3769615364994153,0.9481861567036828,0.8213709677419356,3.288264423641224,3.604914888566874,1.3087738760876657,0.0,0.0,,,31,1.0
S009,S045,HQ_Anonymized,HQ_Anonymized,Floor_A,Floor_E,True,False,unknown,False,unknown,unknown,unknown,True,0.4356604182158393,0.9713562803739356,0.8649193548387099,0.7010819206209915,0.5883878979292234,0.8657935589655489,0.0,0.0,,,31,1.0
S009,S046,HQ_Anonymized,HQ_Anonymized,Floor_A,Floor_E,True,False,unknown,False,unknown,unknown,unknown,True,0.4159326868617084,0.9589588313938564,0.8524193548387098,5.86646520733736,6.137338888888891,1.0816599577144674,0.0,0.0,,,31,1.0
S009,S047,HQ_Anonymized,HQ_Anonymized,Floor_A,Floor_E,True,False,unknown,False,unknown,unknown,unknown,True,0.6911584478250988,0.9207095051022374,0.8638487208008899,2.786159715491928,2.4207815972222235,1.7653360618289904,0.0,0.0,,,30,0.967741935483871
S009,S048,HQ_Anonymized,HQ_Anonymized,Floor_A,Floor_E,True,False,unknown,False,unknown,unknown,unknown,True,0.7564390259630976,0.8995968055791224,0.8375000000000001,3.934301312246666,3.9118097222222232,1.576340130149337,0.0,0.0,,,31,1.0
S009,S049,HQ_Anonymized,HQ_Anonymized,Floor_A,Floor_E,True,False,unknown,False,unknown,unknown,unknown,True,0.7130918594402827,0.9377657785729516,0.8233870967741936,1.6888945949321394,1.393510416666672,1.7652306145930878,0.0,0.0,,,31,1.0
S009,S050,HQ_Anonymized,HQ_Anonymized,Floor_A,Floor_E,True,False,unknown,False,unknown,unknown,unknown,True,0.3106444913401813,0.8531603989041643,0.742741935483871,3.079654469149954,3.3015340277777767,2.618005789240329,0.0,0.0,,,31,1.0
S009,S051,HQ_Anonymized,HQ_Anonymized,Floor_A,Floor_E,True,False,unknown,False,unknown,unknown,unknown,True,0.7446475676452585,0.9549086768357616,0.8673387096774194,2.034583847533621,1.382084722222217,2.149733687261612,0.0,0.0,,,31,1.0
S009,S052,HQ_Anonymized,HQ_Anonymized,Floor_A,Floor_E,True,False,unknown,False,unknown,unknown,unknown,True,0.6972087205421343,0.9406929451997428,0.7818548387096774,1.57887012331332,1.5940710573476693,1.8940150120404209,0.0,0.0,,,31,1.0
S009,S053,HQ_Anonymized,HQ_Anonymized,Floor_A,Floor_E,True,False,unknown,False,unknown,unknown,unknown,True,0.4404543109109048,0.5255608892385438,0.3252173913043478,4.848616424812772,4.865247916666668,3.20563599132864,0.0,0.0,,,24,0.7741935483870968
S009,S054,HQ_Anonymized,HQ_Anonymized,Floor_A,Floor_E,True,False,unknown,False,unknown,unknown,unknown,True,0.1811077027627483,0.9437678060078776,0.8383064516129033,1.2000155633911118,0.9878527777777676,1.322952784356915,0.0,0.0,,,31,1.0
S009,S055,HQ_Anonymized,HQ_Anonymized,Floor_A,Floor_E,True,False,unknown,False,unknown,unknown,unknown,True,0.1118033988749894,0.9598881978421484,0.8330645161290322,2.413744388145747,2.422257638888894,2.825370878461629,0.0,0.0,,,31,1.0
S009,S056,HQ_Anonymized,HQ_Anonymized,Floor_A,Floor_E,True,False,unknown,False,unknown,unknown,unknown,True,0.383275357934736,0.969664477987098,0.8701612903225808,1.9870706100391589,2.0883192002442,0.8802357598528016,0.0,0.0,,,31,1.0
S010,S011,HQ_Anonymized,HQ_Anonymized,Floor_B,Floor_B,True,True,unknown,False,unknown,unknown,unknown,False,0.14,0.810195864089885,0.7395161290322582,1.7009698016057977,1.0170707064113813,2.2578326042223065,0.0,0.032258064516129,,,31,1.0
S010,S012,HQ_Anonymized,HQ_Anonymized,Floor_B,Floor_B,True,True,unknown,False,unknown,unknown,unknown,False,0.4701063709417263,0.6646554431044167,0.6137096774193549,2.1241707549338424,1.439986769759443,2.7800434952440445,0.0,0.0,,,31,1.0
S010,S013,HQ_Anonymized,HQ_Anonymized,Floor_B,Floor_B,True,True,unknown,False,unknown,unknown,unknown,False,0.7040596565632773,0.7951017391568697,0.7012096774193549,5.724077502270454,5.545337332112339,2.416342682470255,0.0,0.0,,,31,1.0
S010,S014,HQ_Anonymized,HQ_Anonymized,Floor_B,Floor_B,True,True,unknown,False,unknown,unknown,unknown,False,0.37,0.9281942992657276,0.8786290322580645,2.863871641681013,2.8983712327925275,1.3492714036901332,0.0,0.0,,,31,1.0
S010,S015,HQ_Anonymized,HQ_Anonymized,Floor_B,Floor_B,True,True,unknown,False,unknown,unknown,unknown,False,0.7040596565632773,0.8846429194384722,0.747983870967742,5.115562895567922,4.647388384846202,2.184769031776129,0.0,0.0,,,31,1.0
S010,S016,HQ_Anonymized,HQ_Anonymized,Floor_B,Floor_B,True,True,unknown,False,unknown,unknown,unknown,False,0.69,0.8716008255271511,0.7620967741935485,2.270679954908145,2.597600116959057,1.8121655447736829,0.0,0.0,,,31,1.0
S010,S017,HQ_Anonymized,HQ_Anonymized,Floor_B,Floor_B,True,True,unknown,False,unknown,unknown,unknown,False,0.7484650960465691,0.8912318218804123,0.7471774193548388,5.181480940542678,5.343968134669474,1.8942630305505093,0.0,0.0,,,31,1.0
S010,S018,HQ_Anonymized,HQ_Anonymized,Floor_B,Floor_B,True,True,unknown,False,unknown,unknown,unknown,False,0.9343446901438462,0.8989939531436643,0.8322580645161292,6.104209406054959,6.422876230305924,1.6899626540598944,0.0,0.0,,,31,1.0
S010,S019,HQ_Anonymized,HQ_Anonymized,Floor_B,Floor_B,True,True,unknown,False,unknown,unknown,unknown,False,0.29,0.9144574702169174,0.769758064516129,1.4708073006551905,1.1409396941537011,1.6406155431766825,0.0,0.0,,,31,1.0
S010,S020,HQ_Anonymized,HQ_Anonymized,Floor_B,Floor_B,True,True,unknown,False,unknown,unknown,unknown,False,0.12,0.9549463378115992,0.8741935483870968,3.5110468953724823,3.640100250626567,1.3737967566088292,0.0,0.0,,,31,1.0
S010,S021,HQ_Anonymized,HQ_Anonymized,Floor_B,Floor_C,True,False,unknown,False,unknown,unknown,unknown,True,0.3921734310225515,0.8439531950186921,0.7685483870967742,5.186934852640603,4.755071251902592,2.085781164322364,0.0,0.0,,,31,1.0
S010,S022,HQ_Anonymized,HQ_Anonymized,Floor_B,Floor_C,True,False,unknown,False,unknown,unknown,unknown,True,0.37,0.8691040771208243,0.7290322580645162,3.625814012450385,3.35269486301371,1.8434890253574008,0.0,0.0,,,31,1.0
S010,S023,HQ_Anonymized,HQ_Anonymized,Floor_B,Floor_C,True,False,unknown,False,unknown,unknown,unknown,True,0.4701063709417263,0.8174200125256708,0.7133064516129033,2.108044248971419,1.291229291310536,3.0973908536294803,0.0,0.032258064516129,,,31,1.0
S010,S024,HQ_Anonymized,HQ_Anonymized,Floor_B,Floor_C,True,False,unknown,False,unknown,unknown,unknown,True,0.7021395872616782,0.8070341525752799,0.7455645161290323,3.5608183091951404,3.057210835235928,2.214268693630485,0.0,0.0,,,31,1.0
S010,S025,HQ_Anonymized,HQ_Anonymized,Floor_B,Floor_C,True,False,unknown,False,unknown,unknown,unknown,True,0.13,0.8729060798021501,0.7608870967741936,1.8900702039735784,1.2975437682428534,1.781659901346334,0.0,0.0,,,31,1.0
S010,S026,HQ_Anonymized,HQ_Anonymized,Floor_B,Floor_C,True,False,unknown,False,unknown,unknown,unknown,True,0.29,0.8908948769064309,0.7693548387096776,1.6955874315862396,1.3678376286008174,2.066004147421088,0.0,0.032258064516129,,,31,1.0
S010,S027,HQ_Anonymized,HQ_Anonymized,Floor_B,Floor_C,True,False,unknown,False,unknown,unknown,unknown,True,0.14,0.8990511670630464,0.7459677419354839,1.3243444590276554,1.3112935471976428,1.598919226645711,0.0,0.0,,,31,1.0
S010,S028,HQ_Anonymized,HQ_Anonymized,Floor_B,Floor_C,True,False,unknown,False,unknown,unknown,unknown,True,0.0,0.8638914136621428,0.7637096774193549,4.248578057158142,3.682575518860787,2.122427272737028,0.0,0.0,,,31,1.0
S010,S029,HQ_Anonymized,HQ_Anonymized,Floor_B,Floor_C,True,False,unknown,False,unknown,unknown,unknown,True,0.7040596565632773,0.8372876038978544,0.7330645161290323,3.9476772974001006,3.930499477001945,3.3221123850172405,0.0,0.0,,,31,1.0
S010,S030,HQ_Anonymized,HQ_Anonymized,Floor_B,Floor_C,True,False,unknown,False,unknown,unknown,unknown,True,0.7484650960465691,0.9011221677436152,0.8387096774193549,9.24520747089428,8.913642880186494,2.4387290119556013,0.0,0.0,,,31,1.0
S010,S031,HQ_Anonymized,HQ_Anonymized,Floor_B,Floor_C,True,False,unknown,False,unknown,unknown,unknown,True,0.9343446901438462,0.884782855469152,0.8250000000000002,3.007888174773915,2.659139845037913,1.69078040410079,0.0,0.0,,,31,1.0
S010,S032,HQ_Anonymized,HQ_Anonymized,Floor_B,Floor_D,True,False,unknown,False,unknown,unknown,unknown,True,0.3214031735997639,0.8850007674605487,0.8056451612903226,6.831816665628172,6.599152154298466,1.7796561087877607,0.0,0.0,,,31,1.0
S010,S033,HQ_Anonymized,HQ_Anonymized,Floor_B,Floor_D,True,False,unknown,False,unknown,unknown,unknown,True,0.0565685424949238,0.7933970507533394,0.8306451612903227,7.383346868518592,7.258235495780582,2.881114409358056,0.0,0.0,,,31,1.0
S010,S034,HQ_Anonymized,HQ_Anonymized,Floor_B,Floor_D,True,False,unknown,False,unknown,unknown,unknown,True,0.7421590126111789,0.8556960702532145,0.7633064516129033,10.677757892735237,10.267759446347036,2.234388304233748,0.0,0.0,,,31,1.0
S010,S035,HQ_Anonymized,HQ_Anonymized,Floor_B,Floor_D,True,False,unknown,False,unknown,unknown,unknown,True,0.7217340230306453,0.878226385596685,0.7846774193548387,9.753544141109256,9.55994088473316,1.861775916604554,0.0,0.0,,,31,1.0
S010,S036,HQ_Anonymized,HQ_Anonymized,Floor_B,Floor_D,True,False,unknown,False,unknown,unknown,unknown,True,0.3920459156782531,0.8835467935541501,0.8209677419354838,5.225161302416273,5.047747934909516,1.8789169219559647,0.0,0.0,,,31,1.0
S010,S037,HQ_Anonymized,HQ_Anonymized,Floor_B,Floor_D,True,False,unknown,False,unknown,unknown,unknown,True,0.3640054944640258,0.9103751093774052,0.7995967741935484,5.549106320949631,6.039406831936681,1.806841713825736,0.0,0.0,,,31,1.0
S010,S038,HQ_Anonymized,HQ_Anonymized,Floor_B,Floor_D,True,False,unknown,False,unknown,unknown,unknown,True,0.233452350598575,0.8987395881900555,0.7290322580645162,1.8398098082089087,1.8591218549525337,1.620695762822925,0.0,0.0,,,31,1.0
S010,S039,HQ_Anonymized,HQ_Anonymized,Floor_B,Floor_D,True,False,unknown,False,unknown,unknown,unknown,True,0.10770329614269,0.8497088023139224,0.783467741935484,7.834481563533854,8.059584554334556,1.9502225054939208,0.0,0.0,,,31,1.0
S010,S040,HQ_Anonymized,HQ_Anonymized,Floor_B,Floor_D,True,False,unknown,False,unknown,unknown,unknown,True,0.5315072906367324,0.8991729194265938,0.7221774193548387,10.194796037624831,9.99761863749223,1.586747903904168,0.0,0.0,,,31,1.0
S010,S041,HQ_Anonymized,HQ_Anonymized,Floor_B,Floor_D,True,False,unknown,False,unknown,unknown,unknown,True,0.8940357934669059,0.8629951251733388,0.7491935483870967,5.001691728711381,4.880043107769424,1.9462892230005,0.0,0.0,,,31,1.0
S010,S042,HQ_Anonymized,HQ_Anonymized,Floor_B,Floor_D,True,False,unknown,False,unknown,unknown,unknown,True,0.82365041127896,0.1655639846821931,0.2209677419354838,4.999449243059103,5.063826965611263,3.635562982324565,0.0,0.0,,,31,1.0
S010,S043,HQ_Anonymized,HQ_Anonymized,Floor_B,Floor_D,True,False,unknown,False,unknown,unknown,unknown,True,0.758946638440411,0.7828586377478662,0.7108870967741936,6.051464116198793,6.07394852362205,2.437609896388591,0.0,0.0,,,31,1.0
S010,S044,HQ_Anonymized,HQ_Anonymized,Floor_B,Floor_D,True,False,unknown,False,unknown,unknown,unknown,True,0.4243819034784589,0.8518553187192953,0.6850806451612904,9.382161622493877,9.173091524644647,1.9419613840823624,0.0,0.0,,,31,1.0
S010,S045,HQ_Anonymized,HQ_Anonymized,Floor_B,Floor_E,True,False,unknown,False,unknown,unknown,unknown,True,0.3921734310225515,0.9164420584874003,0.7681451612903226,5.806182817809002,5.669674094158417,1.4534905450054023,0.0,0.0,,,31,1.0
S010,S046,HQ_Anonymized,HQ_Anonymized,Floor_B,Floor_E,True,False,unknown,False,unknown,unknown,unknown,True,0.4701063709417263,0.8718925192822485,0.7411290322580646,1.560407979728873,1.3844526063313936,1.8847889171874288,0.0,0.0,,,31,1.0
S010,S047,HQ_Anonymized,HQ_Anonymized,Floor_B,Floor_E,True,False,unknown,False,unknown,unknown,unknown,True,0.7040596565632773,0.8549199922777947,0.7312569521690767,3.655241461013085,4.064734952654273,2.273167745751947,0.0,0.0,,,30,0.967741935483871
S010,S048,HQ_Anonymized,HQ_Anonymized,Floor_B,Floor_E,True,False,unknown,False,unknown,unknown,unknown,True,0.8026207074328445,0.8276612492569304,0.779435483870968,2.456878376161604,2.523014216063636,2.095187368158141,0.0,0.0,,,31,1.0
S010,S049,HQ_Anonymized,HQ_Anonymized,Floor_B,Floor_E,True,False,unknown,False,unknown,unknown,unknown,True,0.7446475676452585,0.8526148445274131,0.7302419354838711,7.327223216734989,7.929584027777778,2.410159195480044,0.0,0.0,,,31,1.0
S010,S050,HQ_Anonymized,HQ_Anonymized,Floor_B,Floor_E,True,False,unknown,False,unknown,unknown,unknown,True,0.4104875150354758,0.8048268812527203,0.7290322580645162,4.065164015592946,3.461379879353963,2.907370541725398,0.0,0.0,,,31,1.0
S010,S051,HQ_Anonymized,HQ_Anonymized,Floor_B,Floor_E,True,False,unknown,False,unknown,unknown,unknown,True,0.7130918594402827,0.8916991097932753,0.7439516129032259,4.906855752661222,5.325831452802355,2.599830119602892,0.0,0.0,,,31,1.0
S010,S052,HQ_Anonymized,HQ_Anonymized,Floor_B,Floor_E,True,False,unknown,False,unknown,unknown,unknown,True,0.69,0.9006625597189947,0.7951612903225806,6.395382780105036,6.894817833669727,2.1918597365503136,0.0,0.0,,,31,1.0
S010,S053,HQ_Anonymized,HQ_Anonymized,Floor_B,Floor_E,True,False,unknown,False,unknown,unknown,unknown,True,0.5403702434442519,0.4868983191417532,0.4130434782608695,10.163328896803556,10.997773297226754,3.40730317754586,0.0,0.0,,,24,0.7741935483870968
S010,S054,HQ_Anonymized,HQ_Anonymized,Floor_B,Floor_E,True,False,unknown,False,unknown,unknown,unknown,True,0.280713376952364,0.8843024626304635,0.8080645161290323,5.582088023877905,5.781031376921952,1.850723065610179,0.0,0.0,,,31,1.0
S010,S055,HQ_Anonymized,HQ_Anonymized,Floor_B,Floor_E,True,False,unknown,False,unknown,unknown,unknown,True,0.0223606797749979,0.9267052874951698,0.833467741935484,6.191521907292906,6.582230063913464,3.003884076270587,0.0,0.0,,,31,1.0
S010,S056,HQ_Anonymized,HQ_Anonymized,Floor_B,Floor_E,True,False,unknown,False,unknown,unknown,unknown,True,0.37,0.9198384824339996,0.7911290322580647,4.130321556952997,4.1584576198138095,1.4455834476036975,0.0,0.0,,,31,1.0
S011,S012,HQ_Anonymized,HQ_Anonymized,Floor_B,Floor_B,True,True,unknown,False,unknown,unknown,unknown,False,0.3992492955535425,0.6280244704281764,0.6153225806451614,2.473738640231077,1.6208006944444406,2.9690564944680284,0.0,0.0,,,31,1.0
S011,S013,HQ_Anonymized,HQ_Anonymized,Floor_B,Floor_B,True,True,unknown,False,unknown,unknown,unknown,False,0.7446475676452585,0.7554749113596181,0.7145161290322581,7.036170182326786,6.80924375,2.595177382115097,0.0,0.0,,,31,1.0
S011,S014,HQ_Anonymized,HQ_Anonymized,Floor_B,Floor_B,True,True,unknown,False,unknown,unknown,unknown,False,0.3956008088970496,0.7961481336229275,0.6995967741935485,4.098619948433556,3.7738986111111146,2.289889250839765,0.0,0.0,,,31,1.0
S011,S015,HQ_Anonymized,HQ_Anonymized,Floor_B,Floor_B,True,True,unknown,False,unknown,unknown,unknown,False,0.69,0.7604971696096026,0.6258064516129033,6.427655575624253,6.223115851449272,2.602443452917741,0.0,0.0,,,31,1.0
S011,S016,HQ_Anonymized,HQ_Anonymized,Floor_B,Floor_B,True,True,unknown,False,unknown,unknown,unknown,False,0.7040596565632773,0.7703109701419967,0.690725806451613,3.3569030630034766,3.629170732323225,2.3615216758267263,0.0,0.0,,,31,1.0
S011,S017,HQ_Anonymized,HQ_Anonymized,Floor_B,Floor_B,True,True,unknown,False,unknown,unknown,unknown,False,0.7061161377563892,0.80699556208462,0.7322580645161291,6.493573620599007,6.519002777777779,2.2963281576041834,0.0,0.0,,,31,1.0
S011,S018,HQ_Anonymized,HQ_Anonymized,Floor_B,Floor_B,True,True,unknown,False,unknown,unknown,unknown,False,0.8462860036654275,0.7833669221660609,0.6919354838709678,7.41630208611129,7.2462812021072835,2.485228808433008,0.0,0.0,,,31,1.0
S011,S019,HQ_Anonymized,HQ_Anonymized,Floor_B,Floor_B,True,True,unknown,False,unknown,unknown,unknown,False,0.1499999999999999,0.8318183082116535,0.8161290322580647,1.5208016112544498,1.2866446085858598,2.1157406929587577,0.0,0.0,,,31,1.0
S011,S020,HQ_Anonymized,HQ_Anonymized,Floor_B,Floor_B,True,True,unknown,False,unknown,unknown,unknown,False,0.26,0.83403449907726,0.8036290322580646,4.823139575428814,4.815160416666672,2.0991181559256678,0.0,0.0,,,31,1.0
S011,S021,HQ_Anonymized,HQ_Anonymized,Floor_B,Floor_C,True,False,unknown,False,unknown,unknown,unknown,True,0.4580392996239514,0.6790237644446023,0.5322580645161291,6.499027532696935,5.785827083333338,2.7264039519122147,0.0,0.0,,,31,1.0
S011,S022,HQ_Anonymized,HQ_Anonymized,Floor_B,Floor_C,True,False,unknown,False,unknown,unknown,unknown,True,0.3956008088970496,0.7101112771048766,0.5120967741935485,4.937906692506715,4.526412499999999,2.608215846220751,0.0,0.0,,,31,1.0
S011,S023,HQ_Anonymized,HQ_Anonymized,Floor_B,Floor_C,True,False,unknown,False,unknown,unknown,unknown,True,0.3992492955535425,0.6363774449310647,0.4838709677419355,2.707602778548633,1.7235145833333334,4.065924139757675,0.0,0.0967741935483871,,,31,1.0
S011,S024,HQ_Anonymized,HQ_Anonymized,Floor_B,Floor_C,True,False,unknown,False,unknown,unknown,unknown,True,0.7409453421137081,0.6252610924885914,0.5096774193548388,4.872910989251471,3.974547222222221,2.88961393322598,0.0,0.0,,,31,1.0
S011,S025,HQ_Anonymized,HQ_Anonymized,Floor_B,Floor_C,True,False,unknown,False,unknown,unknown,unknown,True,0.27,0.7247779383845111,0.4987903225806452,2.9778138005618326,2.078093055555563,2.5635069710865768,0.0,0.0,,,31,1.0
S011,S026,HQ_Anonymized,HQ_Anonymized,Floor_B,Floor_C,True,False,unknown,False,unknown,unknown,unknown,True,0.1499999999999999,0.7556469716011078,0.640725806451613,1.9276733854066572,1.1081256944444462,2.9495415699567498,0.0,0.0967741935483871,,,31,1.0
S011,S027,HQ_Anonymized,HQ_Anonymized,Floor_B,Floor_C,True,False,unknown,False,unknown,unknown,unknown,True,0.0,0.7462351368912219,0.5500000000000002,1.8429997334050827,1.2583444444444325,2.5609074941142804,0.0,0.0,,,31,1.0
S011,S028,HQ_Anonymized,HQ_Anonymized,Floor_B,Floor_C,True,False,unknown,False,unknown,unknown,unknown,True,0.14,0.7025668334377924,0.4915322580645161,5.560670737214474,5.082769444444452,2.692626178070168,0.0,0.0,,,31,1.0
S011,S029,HQ_Anonymized,HQ_Anonymized,Floor_B,Floor_C,True,False,unknown,False,unknown,unknown,unknown,True,0.69,0.7349134372712574,0.6379032258064516,4.698050939543981,4.544813194444437,3.896224110081585,0.0,0.0,,,31,1.0
S011,S030,HQ_Anonymized,HQ_Anonymized,Floor_B,Floor_C,True,False,unknown,False,unknown,unknown,unknown,True,0.7061161377563892,0.7416051039086521,0.6612903225806452,10.557300150950615,10.737195920292107,2.8253406699555863,0.0,0.0,,,31,1.0
S011,S031,HQ_Anonymized,HQ_Anonymized,Floor_B,Floor_C,True,False,unknown,False,unknown,unknown,unknown,True,0.8462860036654275,0.6895883784648773,0.5673387096774194,4.195890020952979,3.704466666666669,2.783097344454832,0.0,0.0,,,31,1.0
S011,S032,HQ_Anonymized,HQ_Anonymized,Floor_B,Floor_D,True,False,unknown,False,unknown,unknown,unknown,True,0.3383784863137725,0.7843654325431347,0.7362903225806453,8.143909345684504,7.556084027777778,2.45575638414526,0.0,0.0,,,31,1.0
S011,S033,HQ_Anonymized,HQ_Anonymized,Floor_B,Floor_D,True,False,unknown,False,unknown,unknown,unknown,True,0.1843908891458578,0.7093885013348054,0.7189516129032258,8.695439548574923,7.366962014076741,3.3508220323000844,0.0,0.0,,,31,1.0
S011,S034,HQ_Anonymized,HQ_Anonymized,Floor_B,Floor_D,True,False,unknown,False,unknown,unknown,unknown,True,0.7879086241436883,0.7435921163327033,0.6697580645161292,11.98985057279157,11.422740972222222,2.6235966657673906,0.0,0.0,,,31,1.0
S011,S035,HQ_Anonymized,HQ_Anonymized,Floor_B,Floor_D,True,False,unknown,False,unknown,unknown,unknown,True,0.7446475676452586,0.7822695034043476,0.7213709677419357,11.065636821165583,10.57487777777778,2.340150269125539,0.0,0.0,,,31,1.0
S011,S036,HQ_Anonymized,HQ_Anonymized,Floor_B,Floor_D,True,False,unknown,False,unknown,unknown,unknown,True,0.2531797780234432,0.7804546057990371,0.7520161290322581,6.537253982472605,6.076781249999996,2.57085267048954,0.0,0.0,,,31,1.0
S011,S037,HQ_Anonymized,HQ_Anonymized,Floor_B,Floor_D,True,False,unknown,False,unknown,unknown,unknown,True,0.3522782990761707,0.7803851125650714,0.7245967741935485,6.861199001005965,6.594513888888884,2.71458222125296,0.0,0.0,,,31,1.0
S011,S038,HQ_Anonymized,HQ_Anonymized,Floor_B,Floor_D,True,False,unknown,False,unknown,unknown,unknown,True,0.098488578017961,0.7470850782232662,0.5419354838709677,2.835128624327944,2.4285069444444503,2.591373117580984,0.0,0.0,,,31,1.0
S011,S039,HQ_Anonymized,HQ_Anonymized,Floor_B,Floor_D,True,False,unknown,False,unknown,unknown,unknown,True,0.0565685424949238,0.8539120330918633,0.7225806451612904,9.146574243590184,8.8654263888889,1.9516258512171496,0.0,0.0,,,31,1.0
S011,S040,HQ_Anonymized,HQ_Anonymized,Floor_B,Floor_D,True,False,unknown,False,unknown,unknown,unknown,True,0.4360045871318327,0.7821458786645761,0.6866935483870968,11.506888717681164,10.95518935185185,2.3467349506050543,0.0,0.0,,,31,1.0
S011,S041,HQ_Anonymized,HQ_Anonymized,Floor_B,Floor_D,True,False,unknown,False,unknown,unknown,unknown,True,0.8188406438373708,0.7127784429311019,0.6028225806451614,6.313784408767712,6.138365972222218,2.602663094932448,0.0,0.0,,,31,1.0
S011,S042,HQ_Anonymized,HQ_Anonymized,Floor_B,Floor_D,True,False,unknown,False,unknown,unknown,unknown,True,0.7655063683601855,-0.0410574467585801,-0.0963709677419355,4.016372931020435,3.408831055900613,3.9642490591382513,0.0,0.032258064516129,,,31,1.0
S011,S043,HQ_Anonymized,HQ_Anonymized,Floor_B,Floor_D,True,False,unknown,False,unknown,unknown,unknown,True,0.72691127381545,0.6244850884399207,0.5225806451612904,7.425543644730541,7.260402777777777,3.235774412579036,0.0,0.0,,,31,1.0
S011,S044,HQ_Anonymized,HQ_Anonymized,Floor_B,Floor_D,True,False,unknown,False,unknown,unknown,unknown,True,0.3640054944640258,0.751255351656586,0.5778225806451613,10.694254302550208,10.116931397630443,2.446016666244319,0.0,0.0,,,31,1.0
S011,S045,HQ_Anonymized,HQ_Anonymized,Floor_B,Floor_E,True,False,unknown,False,unknown,unknown,unknown,True,0.4580392996239514,0.8181382936422412,0.7798387096774194,7.1182754978653335,6.686744800569798,2.1370131944064545,0.0,0.0,,,31,1.0
S011,S046,HQ_Anonymized,HQ_Anonymized,Floor_B,Floor_E,True,False,unknown,False,unknown,unknown,unknown,True,0.3992492955535425,0.7712205242170439,0.6504032258064517,2.1241857690958144,1.8293687500000004,2.537303023130194,0.0,0.0,,,31,1.0
S011,S047,HQ_Anonymized,HQ_Anonymized,Floor_B,Floor_E,True,False,unknown,False,unknown,unknown,unknown,True,0.69,0.7489144320772285,0.6440489432703003,4.65180424830379,4.564761209627566,2.9366364619872822,0.0,0.0,,,30,0.967741935483871
S011,S048,HQ_Anonymized,HQ_Anonymized,Floor_B,Floor_E,True,False,unknown,False,unknown,unknown,unknown,True,0.7409453421137081,0.7376635027504114,0.6887096774193548,3.569666882074503,2.932684027777782,2.6166110478354057,0.0,0.0,,,31,1.0
S011,S049,HQ_Anonymized,HQ_Anonymized,Floor_B,Floor_E,True,False,unknown,False,unknown,unknown,unknown,True,0.7040596565632773,0.7602617781823993,0.656451612903226,8.63931589679132,8.737147222222227,2.9837126504284632,0.0,0.0,,,31,1.0
S011,S050,HQ_Anonymized,HQ_Anonymized,Floor_B,Floor_E,True,False,unknown,False,unknown,unknown,unknown,True,0.2707397274136176,0.7598886075091855,0.6637096774193549,5.259296372524699,4.758018749999998,3.167475238135875,0.0,0.0,,,31,1.0
S011,S051,HQ_Anonymized,HQ_Anonymized,Floor_B,Floor_E,True,False,unknown,False,unknown,unknown,unknown,True,0.7605918747922568,0.7710907465933017,0.665725806451613,6.124598177437318,5.953056944444448,3.3591264493701747,0.0,0.0,,,31,1.0
S011,S052,HQ_Anonymized,HQ_Anonymized,Floor_B,Floor_E,True,False,unknown,False,unknown,unknown,unknown,True,0.7040596565632773,0.7609948739747152,0.6020161290322581,7.707475460161367,7.305060416666663,3.10684179562051,0.0,0.0,,,31,1.0
S011,S053,HQ_Anonymized,HQ_Anonymized,Floor_B,Floor_E,True,False,unknown,False,unknown,unknown,unknown,True,0.4004996878900157,0.4690196975453375,0.3817391304347826,11.336886025188738,12.056787476633223,3.401316707548545,0.0,0.0,,,24,0.7741935483870968
S011,S054,HQ_Anonymized,HQ_Anonymized,Floor_B,Floor_E,True,False,unknown,False,unknown,unknown,unknown,True,0.1414213562373094,0.753269262983842,0.5899193548387097,6.894180703934237,6.966238194444443,2.699729654905052,0.0,0.0,,,31,1.0
S011,S055,HQ_Anonymized,HQ_Anonymized,Floor_B,Floor_E,True,False,unknown,False,unknown,unknown,unknown,True,0.1513274595042155,0.8197992187524373,0.7637096774193549,7.493580563507815,7.40156736111112,3.673273443726776,0.0,0.0,,,31,1.0
S011,S056,HQ_Anonymized,HQ_Anonymized,Floor_B,Floor_E,True,False,unknown,False,unknown,unknown,unknown,True,0.3956008088970496,0.8070890557678495,0.7201612903225807,5.442414237009326,5.345782251082241,2.269155736319255,0.0,0.0,,,31,1.0
S012,S013,HQ_Anonymized,HQ_Anonymized,Floor_B,Floor_B,True,True,unknown,False,unknown,unknown,unknown,False,0.5360037313302958,0.6292592666153968,0.6129032258064516,5.385863818259478,4.702798611111113,2.3647944565006163,0.0,0.0,,,31,1.0
S012,S014,HQ_Anonymized,HQ_Anonymized,Floor_B,Floor_B,True,True,unknown,False,unknown,unknown,unknown,False,0.29,0.7120067326827627,0.6653225806451614,3.0104375480564425,2.969757638888886,2.47781656526703,0.0,0.0,,,31,1.0
S012,S015,HQ_Anonymized,HQ_Anonymized,Floor_B,Floor_B,True,True,unknown,False,unknown,unknown,unknown,False,0.3534119409414458,0.8272638908958289,0.8,4.748162755936825,4.200164914772735,1.846109333519312,0.0,0.0,,,31,1.0
S012,S016,HQ_Anonymized,HQ_Anonymized,Floor_B,Floor_B,True,True,unknown,False,unknown,unknown,unknown,False,0.4318564576337836,0.7605445473357905,0.7584677419354839,2.108208125654958,1.546557611832604,2.033499053106673,0.0,0.0,,,31,1.0
S012,S017,HQ_Anonymized,HQ_Anonymized,Floor_B,Floor_B,True,True,unknown,False,unknown,unknown,unknown,False,0.3199999999999999,0.840716508428694,0.805241935483871,4.814080800911582,4.554009722222226,1.6695910835770085,0.0,0.0,,,31,1.0
S012,S018,HQ_Anonymized,HQ_Anonymized,Floor_B,Floor_B,True,True,unknown,False,unknown,unknown,unknown,False,0.46690470119715,0.7131126255619484,0.6794354838709677,5.736809266423866,6.17977524012224,2.708362894371208,0.0,0.0,,,31,1.0
S012,S019,HQ_Anonymized,HQ_Anonymized,Floor_B,Floor_B,True,True,unknown,False,unknown,unknown,unknown,False,0.37,0.8023138896526035,0.7943548387096776,1.8855484321462344,1.62233802262314,1.8209972280579736,0.0,0.0,,,31,1.0
S012,S020,HQ_Anonymized,HQ_Anonymized,Floor_B,Floor_B,True,True,unknown,False,unknown,unknown,unknown,False,0.552268050859363,0.7137689612749668,0.6383064516129032,3.304868977128774,3.121335416666668,2.1742636946408664,0.0,0.0,,,31,1.0
S012,S021,HQ_Anonymized,HQ_Anonymized,Floor_B,Floor_C,True,False,unknown,False,unknown,unknown,unknown,True,0.42,0.7359846612148196,0.6580645161290324,4.9125676122281,4.489134722222225,2.0605178713817613,0.0,0.0,,,31,1.0
S012,S022,HQ_Anonymized,HQ_Anonymized,Floor_B,Floor_C,True,False,unknown,False,unknown,unknown,unknown,True,0.29,0.7319167255909258,0.6366935483870968,3.468152522388514,3.4777347222222303,2.1298057862854605,0.0,0.0,,,31,1.0
S012,S023,HQ_Anonymized,HQ_Anonymized,Floor_B,Floor_C,True,False,unknown,False,unknown,unknown,unknown,True,0.0,0.5997067234998936,0.585483870967742,3.1314909596139127,2.468036111111111,4.202608893749563,0.0,0.032258064516129,,,31,1.0
S012,S024,HQ_Anonymized,HQ_Anonymized,Floor_B,Floor_C,True,False,unknown,False,unknown,unknown,unknown,True,0.5280151512977633,0.6807462333925985,0.6088709677419356,3.397491822138679,3.0054027777777748,2.246176548929045,0.0,0.0,,,31,1.0
S012,S025,HQ_Anonymized,HQ_Anonymized,Floor_B,Floor_C,True,False,unknown,False,unknown,unknown,unknown,True,0.5597320787662612,0.7805754944493051,0.6713709677419356,1.7889764148221785,1.6162847222222183,1.9832080353900488,0.0,0.0,,,31,1.0
S012,S026,HQ_Anonymized,HQ_Anonymized,Floor_B,Floor_C,True,False,unknown,False,unknown,unknown,unknown,True,0.37,0.7693897129323153,0.753225806451613,2.333945674906995,1.6184701388888882,2.887792765522676,0.0,0.0,,,31,1.0
S012,S027,HQ_Anonymized,HQ_Anonymized,Floor_B,Floor_C,True,False,unknown,False,unknown,unknown,unknown,True,0.3992492955535425,0.7620374174556361,0.7842741935483871,1.7064032220696017,1.0636159722222305,2.2761623066902823,0.0,0.0,,,31,1.0
S012,S028,HQ_Anonymized,HQ_Anonymized,Floor_B,Floor_C,True,False,unknown,False,unknown,unknown,unknown,True,0.4701063709417263,0.7983380849912337,0.7032258064516129,3.9546762946057887,3.5537472222222206,1.871769737670357,0.0,0.0,,,31,1.0
S012,S029,HQ_Anonymized,HQ_Anonymized,Floor_B,Floor_C,True,False,unknown,False,unknown,unknown,unknown,True,0.3534119409414458,0.7296341876082943,0.6866935483870968,4.018705249641519,4.395581250000006,4.0548769482225735,0.0,0.0,,,31,1.0
S012,S030,HQ_Anonymized,HQ_Anonymized,Floor_B,Floor_C,True,False,unknown,False,unknown,unknown,unknown,True,0.3199999999999999,0.6129328961650978,0.5504032258064516,8.877807331263188,7.989066109735972,2.448548622363848,0.0,0.0,,,31,1.0
S012,S031,HQ_Anonymized,HQ_Anonymized,Floor_B,Floor_C,True,False,unknown,False,unknown,unknown,unknown,True,0.46690470119715,0.7184581636802408,0.640725806451613,2.8958062172164887,2.798700694444449,2.391136842624364,0.0,0.0,,,31,1.0
S012,S032,HQ_Anonymized,HQ_Anonymized,Floor_B,Floor_D,True,False,unknown,False,unknown,unknown,unknown,True,0.2647640458974745,0.7363521310005529,0.6931451612903227,6.464416525997077,6.71195763888889,2.566890074813587,0.0,0.0,,,31,1.0
S012,S033,HQ_Anonymized,HQ_Anonymized,Floor_B,Floor_D,True,False,unknown,False,unknown,unknown,unknown,True,0.5263078946776307,0.7109391580199638,0.6758064516129033,7.067372575411238,7.673584722222216,3.3406003973693905,0.0,0.0,,,31,1.0
S012,S034,HQ_Anonymized,HQ_Anonymized,Floor_B,Floor_D,True,False,unknown,False,unknown,unknown,unknown,True,0.5860034129593445,0.7719121846607756,0.7193548387096775,10.310357753104142,9.718904861111106,1.9890236095849467,0.0,0.0,,,31,1.0
S012,S035,HQ_Anonymized,HQ_Anonymized,Floor_B,Floor_D,True,False,unknown,False,unknown,unknown,unknown,True,0.4879549159502341,0.743027544916391,0.6818548387096776,9.386144001478158,9.2017375,2.0501172840742576,0.0,0.0,,,31,1.0
S012,S036,HQ_Anonymized,HQ_Anonymized,Floor_B,Floor_D,True,False,unknown,False,unknown,unknown,unknown,True,0.4220189569201839,0.7639725089296086,0.7254032258064517,4.900083583141821,5.280986111111119,2.586283900634516,0.0,0.0,,,31,1.0
S012,S037,HQ_Anonymized,HQ_Anonymized,Floor_B,Floor_D,True,False,unknown,False,unknown,unknown,unknown,True,0.191049731745428,0.7526976314993885,0.7044354838709678,5.260338679815832,6.1259131944444505,2.842443940089911,0.0,0.0,,,31,1.0
S012,S038,HQ_Anonymized,HQ_Anonymized,Floor_B,Floor_D,True,False,unknown,False,unknown,unknown,unknown,True,0.4143669871020132,0.7598539321085871,0.710483870967742,2.2686205644303614,2.0437020833333435,2.348099239701795,0.0,0.0,,,31,1.0
S012,S039,HQ_Anonymized,HQ_Anonymized,Floor_B,Floor_D,True,False,unknown,False,unknown,unknown,unknown,True,0.4518849411078001,0.6388786324659121,0.5419354838709677,7.467081423902757,7.878783333333317,2.7952621822595214,0.0,0.0,,,31,1.0
S012,S040,HQ_Anonymized,HQ_Anonymized,Floor_B,Floor_D,True,False,unknown,False,unknown,unknown,unknown,True,0.1118033988749894,0.7568741408432167,0.7100806451612903,9.827395897993735,9.961552777777776,2.2363299007201283,0.0,0.0,,,31,1.0
S012,S041,HQ_Anonymized,HQ_Anonymized,Floor_B,Floor_D,True,False,unknown,False,unknown,unknown,unknown,True,0.4243819034784589,0.8235091811546145,0.7584677419354839,4.634291589080287,4.115700000000004,1.7263933323697132,0.0,0.0,,,31,1.0
S012,S042,HQ_Anonymized,HQ_Anonymized,Floor_B,Floor_D,True,False,unknown,False,unknown,unknown,unknown,True,0.3668787265568828,0.086943381918437,0.0310483870967741,5.263155508987243,5.1285284722222215,3.194192037908055,0.0,0.0,,,31,1.0
S012,S043,HQ_Anonymized,HQ_Anonymized,Floor_B,Floor_D,True,False,unknown,False,unknown,unknown,unknown,True,0.3535533905932737,0.63180865429636,0.5770161290322582,5.8010760778157575,6.035561111111107,2.992281150123857,0.0,0.0,,,31,1.0
S012,S044,HQ_Anonymized,HQ_Anonymized,Floor_B,Floor_D,True,False,unknown,False,unknown,unknown,unknown,True,0.053851648071345,0.7466467421008924,0.6278225806451613,9.014761482862784,8.928249120110095,2.063174549553941,0.0,0.0,,,31,1.0
S012,S045,HQ_Anonymized,HQ_Anonymized,Floor_B,Floor_E,True,False,unknown,False,unknown,unknown,unknown,True,0.42,0.8044837636497688,0.8129032258064517,5.448865707630923,5.836475737269339,1.963165617400425,0.0,0.0,,,31,1.0
S012,S046,HQ_Anonymized,HQ_Anonymized,Floor_B,Floor_E,True,False,unknown,False,unknown,unknown,unknown,True,0.0,0.7526289872119423,0.6701612903225808,1.7060035648564338,1.089746527777777,2.505849864154232,0.0,0.032258064516129,,,31,1.0
S012,S047,HQ_Anonymized,HQ_Anonymized,Floor_B,Floor_E,True,False,unknown,False,unknown,unknown,unknown,True,0.3534119409414458,0.7383772380924181,0.7018909899888766,3.5148430956688808,3.833794785196688,2.9632011805584946,0.0,0.0,,,30,0.967741935483871
S012,S048,HQ_Anonymized,HQ_Anonymized,Floor_B,Floor_E,True,False,unknown,False,unknown,unknown,unknown,True,0.3417601498127012,0.7585743682978574,0.7036290322580646,2.5001864043247872,2.1220611111111083,2.315500082479213,0.0,0.0,,,31,1.0
S012,S049,HQ_Anonymized,HQ_Anonymized,Floor_B,Floor_E,True,False,unknown,False,unknown,unknown,unknown,True,0.3201562118716424,0.7915615261529696,0.7358870967741936,7.003878697220104,7.75600972222221,2.859285812389774,0.0,0.0,,,31,1.0
S012,S050,HQ_Anonymized,HQ_Anonymized,Floor_B,Floor_E,True,False,unknown,False,unknown,unknown,unknown,True,0.4080441152620633,0.7678471530446256,0.7572580645161292,3.732578897902835,3.290741666666669,3.198910350667963,0.0,0.0,,,31,1.0
S012,S051,HQ_Anonymized,HQ_Anonymized,Floor_B,Floor_E,True,False,unknown,False,unknown,unknown,unknown,True,0.56859475903318,0.8021780256215031,0.7620967741935485,4.787064097091819,4.945770138888889,3.343825258423253,0.0,0.0,,,31,1.0
S012,S052,HQ_Anonymized,HQ_Anonymized,Floor_B,Floor_E,True,False,unknown,False,unknown,unknown,unknown,True,0.4318564576337836,0.7900753378004247,0.7645161290322581,6.1129941067330416,6.436965277777787,3.027123843271781,0.0,0.0,,,31,1.0
S012,S053,HQ_Anonymized,HQ_Anonymized,Floor_B,Floor_E,True,False,unknown,False,unknown,unknown,unknown,True,0.4632493928760188,0.4595812160955057,0.4269565217391304,9.871284518683192,10.52754375,3.079608153617063,0.0,0.0,,,24,0.7741935483870968
S012,S054,HQ_Anonymized,HQ_Anonymized,Floor_B,Floor_E,True,False,unknown,False,unknown,unknown,unknown,True,0.3901281840626232,0.746195875274628,0.675,5.285077625781573,5.368362500000004,2.634261218846605,0.0,0.0,,,31,1.0
S012,S055,HQ_Anonymized,HQ_Anonymized,Floor_B,Floor_E,True,False,unknown,False,unknown,unknown,unknown,True,0.4920365840057017,0.7580789924581908,0.7354838709677419,6.039832283157862,6.505350694444445,4.223564247551222,0.0,0.0,,,31,1.0
S012,S056,HQ_Anonymized,HQ_Anonymized,Floor_B,Floor_E,True,False,unknown,False,unknown,unknown,unknown,True,0.29,0.7856968216143303,0.8108870967741936,3.9240706758430832,4.385311024569404,2.23554546655315,0.0,0.0,,,31,1.0
S013,S014,HQ_Anonymized,HQ_Anonymized,Floor_B,Floor_B,True,True,unknown,False,unknown,unknown,unknown,False,0.3492849839314595,0.8952720646461054,0.8415322580645161,2.937550233893232,2.427347826086951,1.933046106830174,0.0,0.0,,,31,1.0
S013,S015,HQ_Anonymized,HQ_Anonymized,Floor_B,Floor_B,True,True,unknown,False,unknown,unknown,unknown,False,0.28,0.8939633818522245,0.8629032258064516,0.7831011026315045,0.6262770908543871,0.8522111171043946,0.0,0.0,,,31,1.0
S013,S016,HQ_Anonymized,HQ_Anonymized,Floor_B,Floor_B,True,True,unknown,False,unknown,unknown,unknown,False,0.14,0.9127262108420582,0.9286290322580648,3.6817416026688,3.599753625541126,1.3287125193171634,0.0,0.0,,,31,1.0
S013,S017,HQ_Anonymized,HQ_Anonymized,Floor_B,Floor_B,True,True,unknown,False,unknown,unknown,unknown,False,0.43,0.877455228879437,0.8350806451612903,0.8371516333567096,0.5780340277777753,1.1043146978699154,0.0,0.0,,,31,1.0
S013,S018,HQ_Anonymized,HQ_Anonymized,Floor_B,Floor_B,True,True,unknown,False,unknown,unknown,unknown,False,0.77,0.8817235250917091,0.8245967741935485,2.040087736053421,2.3406894379844942,2.3580059521064176,0.0,0.0,,,31,1.0
S013,S019,HQ_Anonymized,HQ_Anonymized,Floor_B,Floor_B,True,True,unknown,False,unknown,unknown,unknown,False,0.8130190649671137,0.8586780120025065,0.7637096774193549,6.698722533645859,6.557903644043527,1.3628811253955468,0.0,0.0,,,31,1.0
S013,S020,HQ_Anonymized,HQ_Anonymized,Floor_B,Floor_B,True,True,unknown,False,unknown,unknown,unknown,False,0.6902897942168926,0.8924591947914825,0.8524193548387098,2.2130306068979726,1.830350694444448,1.257921284728767,0.0,0.0,,,31,1.0
S013,S021,HQ_Anonymized,HQ_Anonymized,Floor_B,Floor_C,True,False,unknown,False,unknown,unknown,unknown,True,0.3201562118716424,0.7835774940448988,0.6842741935483871,1.215642092794215,0.9896198757763984,1.4305635287052432,0.0,0.0,,,31,1.0
S013,S022,HQ_Anonymized,HQ_Anonymized,Floor_B,Floor_C,True,False,unknown,False,unknown,unknown,unknown,True,0.3492849839314595,0.7976163906849687,0.6931451612903227,2.117551117828262,1.9134611111111115,1.6634641866862965,0.0,0.0,,,31,1.0
S013,S023,HQ_Anonymized,HQ_Anonymized,Floor_B,Floor_C,True,False,unknown,False,unknown,unknown,unknown,True,0.5360037313302958,0.7132605292830162,0.6137096774193549,5.988803664651931,4.374810416666662,4.127766031036706,0.0,0.0,,,31,1.0
S013,S024,HQ_Anonymized,HQ_Anonymized,Floor_B,Floor_C,True,False,unknown,False,unknown,unknown,unknown,True,0.01,0.7333321497595381,0.6588709677419355,2.2635912207250843,2.295044444444443,1.6060229344824508,0.0,0.0,,,31,1.0
S013,S025,HQ_Anonymized,HQ_Anonymized,Floor_B,Floor_C,True,False,unknown,False,unknown,unknown,unknown,True,0.6900724599634447,0.8048373097248492,0.6778225806451613,4.086606381764954,3.6848777777777775,1.8110175366379564,0.0,0.0,,,31,1.0
S013,S026,HQ_Anonymized,HQ_Anonymized,Floor_B,Floor_C,True,False,unknown,False,unknown,unknown,unknown,True,0.8130190649671137,0.809229713039774,0.6838709677419356,6.492607944717157,5.218709027777784,3.1580441286694523,0.0,0.0,,,31,1.0
S013,S027,HQ_Anonymized,HQ_Anonymized,Floor_B,Floor_C,True,False,unknown,False,unknown,unknown,unknown,True,0.7446475676452585,0.8225747184682437,0.6616935483870968,5.571553363398755,4.983218750000006,2.1930699678152297,0.0,0.0,,,31,1.0
S013,S028,HQ_Anonymized,HQ_Anonymized,Floor_B,Floor_C,True,False,unknown,False,unknown,unknown,unknown,True,0.7040596565632773,0.8077825042420494,0.740725806451613,1.532638282797924,1.4886013888888812,1.2260820521285822,0.0,0.0,,,31,1.0
S013,S029,HQ_Anonymized,HQ_Anonymized,Floor_B,Floor_C,True,False,unknown,False,unknown,unknown,unknown,True,0.28,0.7860329239399537,0.7362903225806453,3.756777766507492,2.3591784722222258,4.382748145398916,0.0,0.0,,,31,1.0
S013,S030,HQ_Anonymized,HQ_Anonymized,Floor_B,Floor_C,True,False,unknown,False,unknown,unknown,unknown,True,0.43,0.8288968371263833,0.7528225806451614,3.521129968623828,3.43920537739966,1.0600328716614271,0.0,0.0,,,31,1.0
S013,S031,HQ_Anonymized,HQ_Anonymized,Floor_B,Floor_C,True,False,unknown,False,unknown,unknown,unknown,True,0.77,0.8030460887138863,0.7080645161290323,2.936730750211491,3.104777083333332,2.1131385215825897,0.0,0.0,,,31,1.0
S013,S032,HQ_Anonymized,HQ_Anonymized,Floor_B,Floor_D,True,False,unknown,False,unknown,unknown,unknown,True,0.4071854614300466,0.8121223498788671,0.7221774193548387,2.3610768750651148,2.3159465277777755,2.503024827778747,0.0,0.0,,,31,1.0
S013,S033,HQ_Anonymized,HQ_Anonymized,Floor_B,Floor_D,True,False,unknown,False,unknown,unknown,unknown,True,0.7368174807915457,0.7813235543635155,0.7576612903225807,3.286244106614128,2.782420833333326,3.4671622653827225,0.0,0.0,,,31,1.0
S013,S034,HQ_Anonymized,HQ_Anonymized,Floor_B,Floor_D,True,False,unknown,False,unknown,unknown,unknown,True,0.05,0.7961548629529135,0.8221774193548389,4.953680390464784,4.997704861111117,1.2000056373683112,0.0,0.0,,,31,1.0
S013,S035,HQ_Anonymized,HQ_Anonymized,Floor_B,Floor_D,True,False,unknown,False,unknown,unknown,unknown,True,0.0948683298050513,0.8258217903836648,0.8306451612903227,4.0294666388388,4.398021527777786,1.42251673986299,0.0,0.0,,,31,1.0
S013,S036,HQ_Anonymized,HQ_Anonymized,Floor_B,Floor_D,True,False,unknown,False,unknown,unknown,unknown,True,0.9021086409075127,0.8120564054040491,0.6915322580645161,2.2907762164952463,2.3486291666666617,2.715883579645885,0.0,0.0,,,31,1.0
S013,S037,HQ_Anonymized,HQ_Anonymized,Floor_B,Floor_D,True,False,unknown,False,unknown,unknown,unknown,True,0.4161730409336961,0.8427055356180949,0.7443548387096774,2.589047979835926,2.2954923611111155,2.9078169002498355,0.0,0.0,,,31,1.0
S013,S038,HQ_Anonymized,HQ_Anonymized,Floor_B,Floor_D,True,False,unknown,False,unknown,unknown,unknown,True,0.8184130986244049,0.8374844459439529,0.665725806451613,4.303675115346512,3.908719444444437,2.253716056539804,0.0,0.0,,,31,1.0
S013,S039,HQ_Anonymized,HQ_Anonymized,Floor_B,Floor_D,True,False,unknown,False,unknown,unknown,unknown,True,0.768439978137525,0.7144978159415548,0.6326612903225807,2.6361349062810757,2.5514521739130487,2.5035999860522367,0.0,0.0,,,31,1.0
S013,S040,HQ_Anonymized,HQ_Anonymized,Floor_B,Floor_D,True,False,unknown,False,unknown,unknown,unknown,True,0.6381222453417527,0.8598326585806544,0.7790322580645163,4.492744162594521,5.3625881944444345,1.963472876185471,0.0,0.0,,,31,1.0
S013,S041,HQ_Anonymized,HQ_Anonymized,Floor_B,Floor_D,True,False,unknown,False,unknown,unknown,unknown,True,0.6706713054842885,0.8091715081493581,0.7100806451612903,1.186213208775798,0.7926236111111109,1.4528470667932365,0.0,0.0,,,31,1.0
S013,S042,HQ_Anonymized,HQ_Anonymized,Floor_B,Floor_D,True,False,unknown,False,unknown,unknown,unknown,True,0.5408326913195984,0.1138487372166707,0.0983870967741935,10.46058578381298,10.322381944444444,2.1427643809630004,0.0,0.0,,,31,1.0
S013,S043,HQ_Anonymized,HQ_Anonymized,Floor_B,Floor_D,True,False,unknown,False,unknown,unknown,unknown,True,0.3811823710509183,0.6987578503135051,0.610483870967742,2.2009238634989328,1.7886381944444452,2.796702322100753,0.0,0.0,,,31,1.0
S013,S044,HQ_Anonymized,HQ_Anonymized,Floor_B,Floor_D,True,False,unknown,False,unknown,unknown,unknown,True,0.5099019513592785,0.858964303367967,0.8245967741935485,3.695243259510213,4.037365954715213,1.431843592403372,0.0,0.0,,,31,1.0
S013,S045,HQ_Anonymized,HQ_Anonymized,Floor_B,Floor_E,True,False,unknown,False,unknown,unknown,unknown,True,0.3201562118716424,0.859651977002549,0.7625000000000001,1.5539575393724152,1.4650174901414983,1.8674547095762168,0.0,0.0,,,31,1.0
S013,S046,HQ_Anonymized,HQ_Anonymized,Floor_B,Floor_E,True,False,unknown,False,unknown,unknown,unknown,True,0.5360037313302958,0.8161341931354458,0.7108870967741936,5.496645510755164,4.520909722222221,2.510988674957152,0.0,0.0,,,31,1.0
S013,S047,HQ_Anonymized,HQ_Anonymized,Floor_B,Floor_E,True,False,unknown,False,unknown,unknown,unknown,True,0.28,0.8441428554847418,0.7579532814238041,2.8734661639689163,2.405993076048052,2.9705397318779574,0.0,0.0,,,30,0.967741935483871
S013,S048,HQ_Anonymized,HQ_Anonymized,Floor_B,Floor_E,True,False,unknown,False,unknown,unknown,unknown,True,0.55,0.7389284879123248,0.7185483870967743,3.543430630001386,2.648781944444444,2.467107682963052,0.0,0.0,,,31,1.0
S013,S049,HQ_Anonymized,HQ_Anonymized,Floor_B,Floor_E,True,False,unknown,False,unknown,unknown,unknown,True,0.42,0.7934550360576894,0.7100806451612903,3.199109681828012,3.500801388888881,3.296851104203779,0.0,0.0,,,31,1.0
S013,S050,HQ_Anonymized,HQ_Anonymized,Floor_B,Floor_E,True,False,unknown,False,unknown,unknown,unknown,True,0.8981091247727082,0.7554569453736133,0.7112903225806453,3.377031784712484,3.212377083333344,3.668205410243238,0.0,0.0,,,31,1.0
S013,S051,HQ_Anonymized,HQ_Anonymized,Floor_B,Floor_E,True,False,unknown,False,unknown,unknown,unknown,True,0.04,0.8477076794907809,0.7358870967741936,3.288134841044325,3.1853861111111144,3.791482645358728,0.0,0.0,,,31,1.0
S013,S052,HQ_Anonymized,HQ_Anonymized,Floor_B,Floor_E,True,False,unknown,False,unknown,unknown,unknown,True,0.14,0.8193673178342137,0.6612903225806452,3.020912061500918,3.576142579908677,3.4250376797182818,0.0,0.0,,,31,1.0
S013,S053,HQ_Anonymized,HQ_Anonymized,Floor_B,Floor_E,True,False,unknown,False,unknown,unknown,unknown,True,0.983107318658548,0.5012467422908679,0.3704347826086955,4.404716449579574,4.469366382575757,2.5309174931063763,0.0,0.0,,,24,0.7741935483870968
S013,S054,HQ_Anonymized,HQ_Anonymized,Floor_B,Floor_E,True,False,unknown,False,unknown,unknown,unknown,True,0.8249242389456137,0.8278987281364822,0.7358870967741936,2.132404662107764,2.091298611111114,2.622607609295095,0.0,0.0,,,31,1.0
S013,S055,HQ_Anonymized,HQ_Anonymized,Floor_B,Floor_E,True,False,unknown,False,unknown,unknown,unknown,True,0.7218032973047436,0.8289871047195437,0.6975806451612904,4.17977964896284,4.414530555555551,4.601841374706048,0.0,0.0,,,31,1.0
S013,S056,HQ_Anonymized,HQ_Anonymized,Floor_B,Floor_E,True,False,unknown,False,unknown,unknown,unknown,True,0.3492849839314595,0.8564364813664611,0.7818548387096774,2.057909073846388,1.4294191718054066,2.2140982629483985,0.0,0.0,,,31,1.0
S014,S015,HQ_Anonymized,HQ_Anonymized,Floor_B,Floor_B,True,True,unknown,False,unknown,unknown,unknown,False,0.3492849839314595,0.9552992976224396,0.8822580645161291,2.343928955224458,1.6727665650897166,1.7675884054907305,0.0,0.0,,,31,1.0
S014,S016,HQ_Anonymized,HQ_Anonymized,Floor_B,Floor_B,True,True,unknown,False,unknown,unknown,unknown,False,0.3199999999999999,0.9397825287774332,0.8947580645161293,1.142342117441835,0.9033748869509068,1.2421372738355403,0.0,0.0,,,31,1.0
S014,S017,HQ_Anonymized,HQ_Anonymized,Floor_B,Floor_B,True,True,unknown,False,unknown,unknown,unknown,False,0.4318564576337836,0.9476616709632526,0.8411290322580646,2.4037860646385725,2.301564583333331,1.452017473139279,0.0,0.0,,,31,1.0
S014,S018,HQ_Anonymized,HQ_Anonymized,Floor_B,Floor_B,True,True,unknown,False,unknown,unknown,unknown,False,0.7066116330771804,0.9515305303770438,0.8959677419354839,3.3176821376777363,3.46123041020671,1.2030299628364889,0.0,0.0,,,31,1.0
S014,S019,HQ_Anonymized,HQ_Anonymized,Floor_B,Floor_B,True,True,unknown,False,unknown,unknown,unknown,False,0.4701063709417263,0.9384952137072826,0.8060483870967742,3.761172299752629,3.825763194444441,1.341204060047679,0.0,0.0,,,31,1.0
S014,S020,HQ_Anonymized,HQ_Anonymized,Floor_B,Floor_B,True,True,unknown,False,unknown,unknown,unknown,False,0.3889730067755345,0.9667558694300898,0.8923387096774194,1.040988847425366,0.7634024844720528,1.122731688708809,0.0,0.0,,,31,1.0
S014,S021,HQ_Anonymized,HQ_Anonymized,Floor_B,Floor_C,True,False,unknown,False,unknown,unknown,unknown,True,0.13,0.9019489458002522,0.8072580645161291,2.4198968763780733,2.0424687500000047,1.6738765383186325,0.0,0.0,,,31,1.0
S014,S022,HQ_Anonymized,HQ_Anonymized,Floor_B,Floor_C,True,False,unknown,False,unknown,unknown,unknown,True,0.0,0.9097515939906344,0.7830645161290324,1.2747214624491794,0.8400541666666683,1.47504510781874,0.0,0.0,,,31,1.0
S014,S023,HQ_Anonymized,HQ_Anonymized,Floor_B,Floor_C,True,False,unknown,False,unknown,unknown,unknown,True,0.29,0.8609565712227778,0.767741935483871,3.311796332704424,2.984679861111111,2.8877515591157845,0.0,0.0,,,31,1.0
S014,S024,HQ_Anonymized,HQ_Anonymized,Floor_B,Floor_C,True,False,unknown,False,unknown,unknown,unknown,True,0.3453983207834108,0.8693144451867009,0.7754032258064516,1.4622422669137776,1.1530909722222231,1.8020757380180084,0.0,0.0,,,31,1.0
S014,S025,HQ_Anonymized,HQ_Anonymized,Floor_B,Floor_C,True,False,unknown,False,unknown,unknown,unknown,True,0.3921734310225515,0.9154962548754648,0.7911290322580647,1.5764788757263066,1.672220833333327,1.3902979843475272,0.0,0.0,,,31,1.0
S014,S026,HQ_Anonymized,HQ_Anonymized,Floor_B,Floor_C,True,False,unknown,False,unknown,unknown,unknown,True,0.4701063709417263,0.9193263206065034,0.7963709677419355,3.5690823652018078,3.284824305555553,1.893372039099488,0.0,0.0,,,31,1.0
S014,S027,HQ_Anonymized,HQ_Anonymized,Floor_B,Floor_C,True,False,unknown,False,unknown,unknown,unknown,True,0.3956008088970496,0.9236073596415209,0.7475806451612903,2.648652092639165,2.4587812500000013,1.3451330426341008,0.0,0.0,,,31,1.0
S014,S028,HQ_Anonymized,HQ_Anonymized,Floor_B,Floor_C,True,False,unknown,False,unknown,unknown,unknown,True,0.37,0.9075079258827934,0.8314516129032259,1.6786647672755417,1.0856541666666717,1.785596488785752,0.0,0.0,,,31,1.0
S014,S029,HQ_Anonymized,HQ_Anonymized,Floor_B,Floor_C,True,False,unknown,False,unknown,unknown,unknown,True,0.3492849839314595,0.8997766347338951,0.8060483870967742,2.5812778270331047,2.5165388888888955,3.016923597227907,0.0,0.0,,,31,1.0
S014,S030,HQ_Anonymized,HQ_Anonymized,Floor_B,Floor_C,True,False,unknown,False,unknown,unknown,unknown,True,0.4318564576337836,0.923228316105572,0.8568548387096775,6.458680202517058,6.338971794008216,2.196875955311377,0.0,0.0,,,31,1.0
S014,S031,HQ_Anonymized,HQ_Anonymized,Floor_B,Floor_C,True,False,unknown,False,unknown,unknown,unknown,True,0.7066116330771804,0.9127419634144608,0.8258064516129033,1.114560425432444,0.8850729166666582,1.4088882781180336,0.0,0.0,,,31,1.0
S014,S032,HQ_Anonymized,HQ_Anonymized,Floor_B,Floor_D,True,False,unknown,False,unknown,unknown,unknown,True,0.058309518948453,0.9089090863739115,0.8225806451612904,4.045289397250949,4.008250000000004,1.5736669840960105,0.0,0.0,,,31,1.0
S014,S033,HQ_Anonymized,HQ_Anonymized,Floor_B,Floor_D,True,False,unknown,False,unknown,unknown,unknown,True,0.4119465984809196,0.8245347797995954,0.8520161290322582,4.613651051754269,4.264370833333331,2.717635185853397,0.0,0.0,,,31,1.0
S014,S034,HQ_Anonymized,HQ_Anonymized,Floor_B,Floor_D,True,False,unknown,False,unknown,unknown,unknown,True,0.3935733730830885,0.9139014765011584,0.8459677419354841,7.891230624358013,7.284413178036452,1.863851403064732,0.0,0.0,,,31,1.0
S014,S035,HQ_Anonymized,HQ_Anonymized,Floor_B,Floor_D,True,False,unknown,False,unknown,unknown,unknown,True,0.3535533905932737,0.9243550529298562,0.8439516129032258,6.96701687273203,6.697009027777774,1.4640861315285865,0.0,0.0,,,31,1.0
S014,S036,HQ_Anonymized,HQ_Anonymized,Floor_B,Floor_D,True,False,unknown,False,unknown,unknown,unknown,True,0.5658621740318043,0.9125233315794008,0.8270161290322581,2.605530987444067,2.278975000000002,1.6562860788361065,0.0,0.0,,,31,1.0
S014,S037,HQ_Anonymized,HQ_Anonymized,Floor_B,Floor_D,True,False,unknown,False,unknown,unknown,unknown,True,0.1019803902718556,0.9416511235409838,0.8241935483870968,2.803917135009685,3.035828472222221,1.582162090058711,0.0,0.0,,,31,1.0
S014,S038,HQ_Anonymized,HQ_Anonymized,Floor_B,Floor_D,True,False,unknown,False,unknown,unknown,unknown,True,0.4701063709417263,0.9267775425481896,0.7463709677419356,1.5014031776642387,1.4811111111111188,1.347890655700595,0.0,0.0,,,31,1.0
S014,S039,HQ_Anonymized,HQ_Anonymized,Floor_B,Floor_D,True,False,unknown,False,unknown,unknown,unknown,True,0.4220189569201839,0.8501622322184128,0.7641129032258065,5.136816620018148,5.066233333333322,1.8874777312013111,0.0,0.0,,,31,1.0
S014,S040,HQ_Anonymized,HQ_Anonymized,Floor_B,Floor_D,True,False,unknown,False,unknown,unknown,unknown,True,0.4004996878900157,0.9397577855417164,0.7975806451612905,7.408268769247609,7.7301576388888975,1.174870704781325,0.0,0.0,,,31,1.0
S014,S041,HQ_Anonymized,HQ_Anonymized,Floor_B,Floor_D,True,False,unknown,False,unknown,unknown,unknown,True,0.6351377803280167,0.8997390947379237,0.8245967741935485,2.2821742721621145,1.9574979166666608,1.6146840951144326,0.0,0.0,,,31,1.0
S014,S042,HQ_Anonymized,HQ_Anonymized,Floor_B,Floor_D,True,False,unknown,False,unknown,unknown,unknown,True,0.5315072906367324,0.1145569518154771,0.1479838709677419,7.52303554991975,7.925534027777779,3.5114088214044687,0.0,0.0,,,31,1.0
S014,S043,HQ_Anonymized,HQ_Anonymized,Floor_B,Floor_D,True,False,unknown,False,unknown,unknown,unknown,True,0.4243819034784589,0.8180381387959293,0.7653225806451613,3.4603343728324023,3.574080555555561,2.1918908529380565,0.0,0.0,,,31,1.0
S014,S044,HQ_Anonymized,HQ_Anonymized,Floor_B,Floor_D,True,False,unknown,False,unknown,unknown,unknown,True,0.2408318915758459,0.911079185496364,0.7947580645161292,6.595634354116652,6.277188679299954,1.4789132718697529,0.0,0.0,,,31,1.0
S014,S045,HQ_Anonymized,HQ_Anonymized,Floor_B,Floor_E,True,False,unknown,False,unknown,unknown,unknown,True,0.13,0.947924465778704,0.8145161290322581,3.01965554943178,3.1750611146362147,1.0901364807452372,0.0,0.0,,,31,1.0
S014,S046,HQ_Anonymized,HQ_Anonymized,Floor_B,Floor_E,True,False,unknown,False,unknown,unknown,unknown,True,0.29,0.9295027025169272,0.7991935483870968,2.622683628116414,2.3682395833333345,1.40375039806895,0.0,0.0,,,31,1.0
S014,S047,HQ_Anonymized,HQ_Anonymized,Floor_B,Floor_E,True,False,unknown,False,unknown,unknown,unknown,True,0.3492849839314595,0.9318105522810668,0.8647385984427142,1.4622071060496948,1.403878125000002,1.7065793203406816,0.0,0.0,,,30,0.967741935483871
S014,S048,HQ_Anonymized,HQ_Anonymized,Floor_B,Floor_E,True,False,unknown,False,unknown,unknown,unknown,True,0.5200961449578337,0.8752028291805303,0.8250000000000002,1.2558093195592568,0.8194500000000033,1.731962601842308,0.0,0.0,,,31,1.0
S014,S049,HQ_Anonymized,HQ_Anonymized,Floor_B,Floor_E,True,False,unknown,False,unknown,unknown,unknown,True,0.4252058325093859,0.9121421450447772,0.8108870967741936,4.540695948357766,5.144554166666666,2.0241329712061016,0.0,0.0,,,31,1.0
S014,S050,HQ_Anonymized,HQ_Anonymized,Floor_B,Floor_E,True,False,unknown,False,unknown,unknown,unknown,True,0.5658621740318043,0.8294636440630485,0.728225806451613,1.9852582341269864,1.064342361111116,2.7914109423397835,0.0,0.0,,,31,1.0
S014,S051,HQ_Anonymized,HQ_Anonymized,Floor_B,Floor_E,True,False,unknown,False,unknown,unknown,unknown,True,0.3671511950137163,0.9289776955363476,0.7971774193548389,2.7083835830855545,2.5297833333333277,2.4260723625952987,0.0,0.0,,,31,1.0
S014,S052,HQ_Anonymized,HQ_Anonymized,Floor_B,Floor_E,True,False,unknown,False,unknown,unknown,unknown,True,0.3199999999999999,0.9358425256754828,0.815725806451613,3.6348917531745375,3.9619895833333416,1.9923327212233288,0.0,0.0,,,31,1.0
S014,S053,HQ_Anonymized,HQ_Anonymized,Floor_B,Floor_E,True,False,unknown,False,unknown,unknown,unknown,True,0.6661080993352355,0.5229150096541284,0.377391304347826,7.467048522524998,8.196279419191924,3.101507049853566,0.0,0.0,,,24,0.7741935483870968
S014,S054,HQ_Anonymized,HQ_Anonymized,Floor_B,Floor_E,True,False,unknown,False,unknown,unknown,unknown,True,0.4801041553663121,0.9216934624600251,0.8399193548387098,2.824098748332222,2.8949243055555627,1.550232578839512,0.0,0.0,,,31,1.0
S014,S055,HQ_Anonymized,HQ_Anonymized,Floor_B,Floor_E,True,False,unknown,False,unknown,unknown,unknown,True,0.3901281840626232,0.9383568176849064,0.8431451612903227,3.629903491418344,3.368056249999995,3.0618255235072263,0.0,0.0,,,31,1.0
S014,S056,HQ_Anonymized,HQ_Anonymized,Floor_B,Floor_E,True,False,unknown,False,unknown,unknown,unknown,True,0.0,0.9464995631765576,0.8338709677419357,1.5664931928880448,1.5883775479094029,1.1608525584359008,0.0,0.0,,,31,1.0
S015,S016,HQ_Anonymized,HQ_Anonymized,Floor_B,Floor_B,True,True,unknown,False,unknown,unknown,unknown,False,0.14,0.9675853072086648,0.9580645161290324,3.085596874653885,2.9048729924345977,1.1338343406398612,0.0,0.0,,,31,1.0
S015,S017,HQ_Anonymized,HQ_Anonymized,Floor_B,Floor_B,True,True,unknown,False,unknown,unknown,unknown,False,0.1499999999999999,0.9825063902748624,0.9310483870967744,0.5101182255541168,0.5318788377192973,0.6028690229814428,0.0,0.0,,,31,1.0
S015,S018,HQ_Anonymized,HQ_Anonymized,Floor_B,Floor_B,True,True,unknown,False,unknown,unknown,unknown,False,0.49,0.9218586330459336,0.8512096774193548,2.1920277200925966,2.3580263358114806,2.273822807204472,0.0,0.0,,,31,1.0
S015,S019,HQ_Anonymized,HQ_Anonymized,Floor_B,Floor_B,True,True,unknown,False,unknown,unknown,unknown,False,0.7061161377563892,0.9549313756636484,0.8250000000000002,6.090207926943326,6.045939817592704,0.9978873656046956,0.0,0.0,,,31,1.0
S015,S020,HQ_Anonymized,HQ_Anonymized,Floor_B,Floor_B,True,True,unknown,False,unknown,unknown,unknown,False,0.7373601562330311,0.952126093586785,0.8375000000000001,1.6045160001954382,1.3896853150897144,1.0344038142986811,0.0,0.0,,,31,1.0
S015,S021,HQ_Anonymized,HQ_Anonymized,Floor_B,Floor_C,True,False,unknown,False,unknown,unknown,unknown,True,0.4186884283091663,0.9087101022850276,0.8072580645161291,0.7605147966093536,0.6634699709402767,0.9973046497415368,0.0,0.0,,,31,1.0
S015,S022,HQ_Anonymized,HQ_Anonymized,Floor_B,Floor_C,True,False,unknown,False,unknown,unknown,unknown,True,0.3492849839314595,0.9133724061500502,0.7774193548387097,1.6043472400534329,1.6891787076271214,1.2880033669146265,0.0,0.0,,,31,1.0
S015,S023,HQ_Anonymized,HQ_Anonymized,Floor_B,Floor_C,True,False,unknown,False,unknown,unknown,unknown,True,0.3534119409414458,0.8250375325012812,0.747983870967742,5.420014436098188,4.112120267709081,3.887664117726597,0.0,0.0,,,31,1.0
S015,S024,HQ_Anonymized,HQ_Anonymized,Floor_B,Floor_C,True,False,unknown,False,unknown,unknown,unknown,True,0.27,0.8620512879907168,0.7616935483870969,1.6801106413838336,1.5901775496102744,1.2100935202834215,0.0,0.0,,,31,1.0
S015,S025,HQ_Anonymized,HQ_Anonymized,Floor_B,Floor_C,True,False,unknown,False,unknown,unknown,unknown,True,0.7409453421137081,0.9409548466510428,0.8290322580645162,3.47809177506242,3.348419369016014,1.3719929143617928,0.0,0.0,,,31,1.0
S015,S026,HQ_Anonymized,HQ_Anonymized,Floor_B,Floor_C,True,False,unknown,False,unknown,unknown,unknown,True,0.7061161377563892,0.9300420787362608,0.8016129032258066,5.884093338014623,4.347177906597963,2.864006822018121,0.0,0.0,,,31,1.0
S015,S027,HQ_Anonymized,HQ_Anonymized,Floor_B,Floor_C,True,False,unknown,False,unknown,unknown,unknown,True,0.69,0.9380699412845936,0.8149193548387097,4.963038756696221,4.216049924571571,1.8619908235932063,0.0,0.0,,,31,1.0
S015,S028,HQ_Anonymized,HQ_Anonymized,Floor_B,Floor_C,True,False,unknown,False,unknown,unknown,unknown,True,0.7040596565632773,0.9484109721287852,0.8955645161290322,0.9455956949187424,0.8537397898776931,0.6596622534895815,0.0,0.0,,,31,1.0
S015,S029,HQ_Anonymized,HQ_Anonymized,Floor_B,Floor_C,True,False,unknown,False,unknown,unknown,unknown,True,0.0,0.9065867906336844,0.8225806451612904,3.61316138823805,2.6382238815318573,4.123169968223316,0.0,0.0,,,31,1.0
S015,S030,HQ_Anonymized,HQ_Anonymized,Floor_B,Floor_C,True,False,unknown,False,unknown,unknown,unknown,True,0.1499999999999999,0.8933188239538934,0.8108870967741936,4.129644575326362,3.865049963763212,0.848260228458836,0.0,0.0,,,31,1.0
S015,S031,HQ_Anonymized,HQ_Anonymized,Floor_B,Floor_C,True,False,unknown,False,unknown,unknown,unknown,True,0.49,0.897627203229077,0.7536290322580645,2.4220444299074413,2.2086327677090694,1.849091098928408,0.0,0.0,,,31,1.0
S015,S032,HQ_Anonymized,HQ_Anonymized,Floor_B,Floor_D,True,False,unknown,False,unknown,unknown,unknown,True,0.3860051813123756,0.8987728895037174,0.7467741935483873,2.269840585565925,1.9695056571325156,2.2826634788668407,0.0,0.0,,,31,1.0
S015,S033,HQ_Anonymized,HQ_Anonymized,Floor_B,Floor_D,True,False,unknown,False,unknown,unknown,unknown,True,0.7518643494673756,0.8409940870833722,0.7685483870967742,3.4183042396886503,3.1955902852988345,3.346590587532137,0.0,0.0,,,31,1.0
S015,S034,HQ_Anonymized,HQ_Anonymized,Floor_B,Floor_D,True,False,unknown,False,unknown,unknown,unknown,True,0.321403173599764,0.9042950812564376,0.8298387096774194,5.562194997167317,5.591241214195783,0.8125636487819771,0.0,0.0,,,31,1.0
S015,S035,HQ_Anonymized,HQ_Anonymized,Floor_B,Floor_D,True,False,unknown,False,unknown,unknown,unknown,True,0.1923538406167134,0.911480469163283,0.8008064516129033,4.637981245541334,4.69415950854701,1.126325849110858,0.0,0.0,,,31,1.0
S015,S036,HQ_Anonymized,HQ_Anonymized,Floor_B,Floor_D,True,False,unknown,False,unknown,unknown,unknown,True,0.771621668954417,0.905734773837602,0.7266129032258065,2.271780142050426,2.0870100877193,2.4831789306298644,0.0,0.0,,,31,1.0
S015,S037,HQ_Anonymized,HQ_Anonymized,Floor_B,Floor_D,True,False,unknown,False,unknown,unknown,unknown,True,0.3423448553724738,0.940254228700636,0.8221774193548389,2.537775952960567,2.440446931003578,2.6692056457495448,0.0,0.0,,,31,1.0
S015,S038,HQ_Anonymized,HQ_Anonymized,Floor_B,Floor_D,True,False,unknown,False,unknown,unknown,unknown,True,0.7355270219373317,0.9423582784310912,0.7612903225806452,3.6951605086439785,3.2148432692307694,1.9600401056407195,0.0,0.0,,,31,1.0
S015,S039,HQ_Anonymized,HQ_Anonymized,Floor_B,Floor_D,True,False,unknown,False,unknown,unknown,unknown,True,0.7310950690573695,0.8084200742693466,0.6673387096774194,2.933402946981486,3.0501326004432485,2.269785874854779,0.0,0.0,,,31,1.0
S015,S040,HQ_Anonymized,HQ_Anonymized,Floor_B,Floor_D,True,False,unknown,False,unknown,unknown,unknown,True,0.4280186911806539,0.952593432386756,0.8608870967741937,5.079233142056913,5.619745619658126,1.686735632570482,0.0,0.0,,,31,1.0
S015,S041,HQ_Anonymized,HQ_Anonymized,Floor_B,Floor_D,True,False,unknown,False,unknown,unknown,unknown,True,0.3911521443121589,0.9285821960307876,0.8717741935483871,0.8630952652779997,0.862973775035762,1.027867143262975,0.0,0.0,,,31,1.0
S015,S042,HQ_Anonymized,HQ_Anonymized,Floor_B,Floor_D,True,False,unknown,False,unknown,unknown,unknown,True,0.2617250465660479,0.1716020271700964,0.2080645161290323,9.85207117711045,10.048100908119665,2.033500114169732,0.0,0.0,,,31,1.0
S015,S043,HQ_Anonymized,HQ_Anonymized,Floor_B,Floor_D,True,False,unknown,False,unknown,unknown,unknown,True,0.1044030650891054,0.8110173385795649,0.7221774193548387,2.1271289277206566,2.070094962148524,2.524102086164595,0.0,0.0,,,31,1.0
S015,S044,HQ_Anonymized,HQ_Anonymized,Floor_B,Floor_D,True,False,unknown,False,unknown,unknown,unknown,True,0.354400902933387,0.9364358586383252,0.8625,4.266598726925956,4.489293835676726,1.1604560400284405,0.0,0.0,,,31,1.0
S015,S045,HQ_Anonymized,HQ_Anonymized,Floor_B,Floor_E,True,False,unknown,False,unknown,unknown,unknown,True,0.4186884283091663,0.9670949523057668,0.8487903225806454,1.4848557859394678,1.2943216406890912,1.5272389038929146,0.0,0.0,,,31,1.0
S015,S046,HQ_Anonymized,HQ_Anonymized,Floor_B,Floor_E,True,False,unknown,False,unknown,unknown,unknown,True,0.3534119409414458,0.9392754044159298,0.7899193548387098,4.888130904052629,4.187587398423048,2.177954497955834,0.0,0.0,,,31,1.0
S015,S047,HQ_Anonymized,HQ_Anonymized,Floor_B,Floor_E,True,False,unknown,False,unknown,unknown,unknown,True,0.0,0.920868456310064,0.8371523915461624,2.629904120333335,2.7242246252530258,2.7953863288109364,0.0,0.0,,,30,0.967741935483871
S015,S048,HQ_Anonymized,HQ_Anonymized,Floor_B,Floor_E,True,False,unknown,False,unknown,unknown,unknown,True,0.2699999999999999,0.8897548980999428,0.8193548387096775,2.8976897110740607,2.352044138693728,2.0605781622922894,0.0,0.0,,,31,1.0
S015,S049,HQ_Anonymized,HQ_Anonymized,Floor_B,Floor_E,True,False,unknown,False,unknown,unknown,unknown,True,0.1399999999999999,0.9272078260717472,0.8008064516129033,3.175870452115533,3.495987863005056,2.972970456030611,0.0,0.0,,,31,1.0
S015,S050,HQ_Anonymized,HQ_Anonymized,Floor_B,Floor_E,True,False,unknown,False,unknown,unknown,unknown,True,0.7596051605933177,0.8594772546529779,0.7681451612903226,2.9835690539914954,3.363787450254698,3.437321092110808,0.0,0.0,,,31,1.0
S015,S051,HQ_Anonymized,HQ_Anonymized,Floor_B,Floor_E,True,False,unknown,False,unknown,unknown,unknown,True,0.32,0.9409686420481096,0.8012096774193549,3.1971374360201725,3.6182320722992856,3.589341022232058,0.0,0.0,,,31,1.0
S015,S052,HQ_Anonymized,HQ_Anonymized,Floor_B,Floor_E,True,False,unknown,False,unknown,unknown,unknown,True,0.14,0.9387484691526696,0.7798387096774194,2.9058348051738494,2.6068194212684475,3.1435033465442923,0.0,0.0,,,31,1.0
S015,S053,HQ_Anonymized,HQ_Anonymized,Floor_B,Floor_E,True,False,unknown,False,unknown,unknown,unknown,True,0.8149233092751734,0.5325745268626116,0.4626086956521739,4.975902845652278,4.91022858042373,2.4378578982511008,0.0,0.0,,,24,0.7741935483870968
S015,S054,HQ_Anonymized,HQ_Anonymized,Floor_B,Floor_E,True,False,unknown,False,unknown,unknown,unknown,True,0.723671196055225,0.9403991996645212,0.8403225806451614,2.0345980728796023,1.9378072150072183,2.3276125212302645,0.0,0.0,,,31,1.0
S015,S055,HQ_Anonymized,HQ_Anonymized,Floor_B,Floor_E,True,False,unknown,False,unknown,unknown,unknown,True,0.7256721022610694,0.9288789024454188,0.7745967741935484,4.117648364546325,3.784901247645962,4.397026204842443,0.0,0.0,,,31,1.0
S015,S056,HQ_Anonymized,HQ_Anonymized,Floor_B,Floor_E,True,False,unknown,False,unknown,unknown,unknown,True,0.3492849839314595,0.9569518530700412,0.8653225806451614,1.8273543664580627,1.4838080121769297,1.929696728442424,0.0,0.0,,,31,1.0
S016,S017,HQ_Anonymized,HQ_Anonymized,Floor_B,Floor_B,True,True,unknown,False,unknown,unknown,unknown,False,0.29,0.945450999845628,0.9322580645161292,3.1533046287546416,3.347325309290383,0.9789669098723308,0.0,0.0,,,31,1.0
S016,S018,HQ_Anonymized,HQ_Anonymized,Floor_B,Floor_B,True,True,unknown,False,unknown,unknown,unknown,False,0.63,0.9033605135939824,0.8616935483870969,4.094196451330849,4.243875553338732,1.7778700377913428,0.0,0.0,,,31,1.0
S016,S019,HQ_Anonymized,HQ_Anonymized,Floor_B,Floor_B,True,True,unknown,False,unknown,unknown,unknown,False,0.7484650960465691,0.9120098586256896,0.815725806451613,3.0194554143225503,2.855807960460595,1.1474209288479853,0.0,0.0,,,31,1.0
S016,S020,HQ_Anonymized,HQ_Anonymized,Floor_B,Floor_B,True,True,unknown,False,unknown,unknown,unknown,False,0.700357051795725,0.9274319692921968,0.8572580645161291,1.5571961921986792,1.6729189465408822,1.0460102827401745,0.0,0.0,,,31,1.0
S016,S021,HQ_Anonymized,HQ_Anonymized,Floor_B,Floor_C,True,False,unknown,False,unknown,unknown,unknown,True,0.3453983207834108,0.8355260210668999,0.753225806451613,3.169415440494144,3.0793777505446585,1.537120848759001,0.0,0.0,,,31,1.0
S016,S022,HQ_Anonymized,HQ_Anonymized,Floor_B,Floor_C,True,False,unknown,False,unknown,unknown,unknown,True,0.3199999999999999,0.8351140447841481,0.7197580645161291,1.91222292608401,1.839134515132983,1.584589324368653,0.0,0.0,,,31,1.0
S016,S023,HQ_Anonymized,HQ_Anonymized,Floor_B,Floor_C,True,False,unknown,False,unknown,unknown,unknown,True,0.4318564576337836,0.7745345006073456,0.6947580645161291,3.0294826561659667,2.609593461298374,3.5553213574807496,0.0,0.0,,,31,1.0
S016,S024,HQ_Anonymized,HQ_Anonymized,Floor_B,Floor_C,True,False,unknown,False,unknown,unknown,unknown,True,0.13,0.7832877493738784,0.7096774193548387,1.9181019492829916,1.6414056102166512,1.7460853275400343,0.0,0.0,,,31,1.0
S016,S025,HQ_Anonymized,HQ_Anonymized,Floor_B,Floor_C,True,False,unknown,False,unknown,unknown,unknown,True,0.7021395872616782,0.8704961644025543,0.7633064516129033,1.1653989664593418,0.8200982259570537,1.46556946055184,0.0,0.0,,,31,1.0
S016,S026,HQ_Anonymized,HQ_Anonymized,Floor_B,Floor_C,True,False,unknown,False,unknown,unknown,unknown,True,0.7484650960465691,0.8632491565677358,0.7701612903225807,3.051767501620895,3.137039824879224,2.4993612104511382,0.0,0.0,,,31,1.0
S016,S027,HQ_Anonymized,HQ_Anonymized,Floor_B,Floor_C,True,False,unknown,False,unknown,unknown,unknown,True,0.7040596565632773,0.8686729844842721,0.753225806451613,2.098053794061079,1.9471960662525876,1.7258480513839989,0.0,0.0,,,31,1.0
S016,S028,HQ_Anonymized,HQ_Anonymized,Floor_B,Floor_C,True,False,unknown,False,unknown,unknown,unknown,True,0.69,0.8792382186163736,0.8084677419354839,2.317964761854499,2.2467673881673846,1.3950203808933055,0.0,0.0,,,31,1.0
S016,S029,HQ_Anonymized,HQ_Anonymized,Floor_B,Floor_C,True,False,unknown,False,unknown,unknown,unknown,True,0.14,0.8378951688961793,0.7588709677419356,3.271504174544631,3.297162456140356,3.687679616480868,0.0,0.0,,,31,1.0
S016,S030,HQ_Anonymized,HQ_Anonymized,Floor_B,Floor_C,True,False,unknown,False,unknown,unknown,unknown,True,0.29,0.8559091176731409,0.8032258064516131,7.200397087947139,6.794627546104657,1.7554136968683207,0.0,0.0,,,31,1.0
S016,S031,HQ_Anonymized,HQ_Anonymized,Floor_B,Floor_C,True,False,unknown,False,unknown,unknown,unknown,True,0.63,0.839582869937917,0.755241935483871,1.572792352373087,1.2857776643990917,1.7923783173592842,0.0,0.0,,,31,1.0
S016,S032,HQ_Anonymized,HQ_Anonymized,Floor_B,Floor_D,True,False,unknown,False,unknown,unknown,unknown,True,0.3712142238654117,0.8538156267687627,0.783467741935484,4.787006282681028,5.057658289473693,2.010061090921466,0.0,0.0,,,31,1.0
S016,S033,HQ_Anonymized,HQ_Anonymized,Floor_B,Floor_D,True,False,unknown,False,unknown,unknown,unknown,True,0.7310950690573695,0.7910617205121078,0.7733870967741936,5.338536485571446,4.988422178362583,3.042633970692453,0.0,0.0,,,31,1.0
S016,S034,HQ_Anonymized,HQ_Anonymized,Floor_B,Floor_D,True,False,unknown,False,unknown,unknown,unknown,True,0.1824828759089466,0.8565984633595983,0.847983870967742,8.632947509788092,8.495726698179276,1.5310697452322888,0.0,0.0,,,31,1.0
S016,S035,HQ_Anonymized,HQ_Anonymized,Floor_B,Floor_D,True,False,unknown,False,unknown,unknown,unknown,True,0.058309518948453,0.8727332053518556,0.8326612903225807,7.708733758162109,7.732696963824289,1.366640532419783,0.0,0.0,,,31,1.0
S016,S036,HQ_Anonymized,HQ_Anonymized,Floor_B,Floor_D,True,False,unknown,False,unknown,unknown,unknown,True,0.8276472678623423,0.8517699076481436,0.7322580645161291,3.2212607253954086,2.530625693581783,2.188727873142451,0.0,0.0,,,31,1.0
S016,S037,HQ_Anonymized,HQ_Anonymized,Floor_B,Floor_D,True,False,unknown,False,unknown,unknown,unknown,True,0.354400902933387,0.8928761677360608,0.8338709677419357,3.54014784651226,3.495505149812736,2.204729030567616,0.0,0.0,,,31,1.0
S016,S038,HQ_Anonymized,HQ_Anonymized,Floor_B,Floor_D,True,False,unknown,False,unknown,unknown,unknown,True,0.765375724726098,0.8829369408433588,0.7250000000000001,1.5282615472035797,1.4215555116959138,1.7180943011740455,0.0,0.0,,,31,1.0
S016,S039,HQ_Anonymized,HQ_Anonymized,Floor_B,Floor_D,True,False,unknown,False,unknown,unknown,unknown,True,0.7368174807915457,0.7646659234487463,0.6584677419354839,5.789671180586708,5.399892119565223,2.2419209740387385,0.0,0.0,,,31,1.0
S016,S040,HQ_Anonymized,HQ_Anonymized,Floor_B,Floor_D,True,False,unknown,False,unknown,unknown,unknown,True,0.5249761899362675,0.904697835604731,0.8362903225806452,8.149985654677689,8.036450285947708,1.432991979606256,0.0,0.0,,,31,1.0
S016,S041,HQ_Anonymized,HQ_Anonymized,Floor_B,Floor_D,True,False,unknown,False,unknown,unknown,unknown,True,0.53084837759948,0.8969024090814176,0.8395161290322581,3.008689386457396,3.0005173394941664,1.237585904297533,0.0,0.0,,,31,1.0
S016,S042,HQ_Anonymized,HQ_Anonymized,Floor_B,Floor_D,True,False,unknown,False,unknown,unknown,unknown,True,0.4011234224026315,0.1571501157437723,0.1399193548387096,6.781318664489671,6.732281300121279,2.8850411603990387,0.0,0.0,,,31,1.0
S016,S043,HQ_Anonymized,HQ_Anonymized,Floor_B,Floor_D,True,False,unknown,False,unknown,unknown,unknown,True,0.2418677324489564,0.7705580120659978,0.6842741935483871,4.168556444696327,4.491089637994442,2.4013744538277133,0.0,0.0,,,31,1.0
S016,S044,HQ_Anonymized,HQ_Anonymized,Floor_B,Floor_D,True,False,unknown,False,unknown,unknown,unknown,True,0.4161730409336961,0.8831282458238858,0.8342741935483873,7.337351239546732,7.547933585968067,1.327619712801983,0.0,0.0,,,31,1.0
S016,S045,HQ_Anonymized,HQ_Anonymized,Floor_B,Floor_E,True,False,unknown,False,unknown,unknown,unknown,True,0.3453983207834108,0.9206752801724576,0.8508064516129032,3.761372434861857,4.199194633123689,1.265319088169797,0.0,0.0,,,31,1.0
S016,S046,HQ_Anonymized,HQ_Anonymized,Floor_B,Floor_E,True,False,unknown,False,unknown,unknown,unknown,True,0.4318564576337836,0.8954178257237739,0.767741935483871,2.01538040198736,1.337741470125792,1.793624599830541,0.0,0.0,,,31,1.0
S016,S047,HQ_Anonymized,HQ_Anonymized,Floor_B,Floor_E,True,False,unknown,False,unknown,unknown,unknown,True,0.14,0.8872618188304705,0.8602892102335928,2.0364824937377857,1.328246626390598,2.298801618934092,0.0,0.0,,,30,0.967741935483871
S016,S048,HQ_Anonymized,HQ_Anonymized,Floor_B,Floor_E,True,False,unknown,False,unknown,unknown,unknown,True,0.41,0.8269289979694932,0.8008064516129033,1.5424946666801067,1.0879673202614413,1.973170664503941,0.0,0.0,,,31,1.0
S016,S049,HQ_Anonymized,HQ_Anonymized,Floor_B,Floor_E,True,False,unknown,False,unknown,unknown,unknown,True,0.2799999999999999,0.8730973776728478,0.7733870967741936,5.282412833787845,5.754625983146063,2.536400256747973,0.0,0.0,,,31,1.0
S016,S050,HQ_Anonymized,HQ_Anonymized,Floor_B,Floor_E,True,False,unknown,False,unknown,unknown,unknown,True,0.8198780397107852,0.798919723487155,0.7250000000000001,2.5111705313142387,1.8799526643990987,3.128865883804897,0.0,0.0,,,31,1.0
S016,S051,HQ_Anonymized,HQ_Anonymized,Floor_B,Floor_E,True,False,unknown,False,unknown,unknown,unknown,True,0.18,0.9059308468926466,0.8286290322580646,3.27014226994443,3.013436212121213,2.961293980426322,0.0,0.0,,,31,1.0
S016,S052,HQ_Anonymized,HQ_Anonymized,Floor_B,Floor_E,True,False,unknown,False,unknown,unknown,unknown,True,0.0,0.8879757911476914,0.7661290322580646,4.354959640012498,3.888071377882902,2.639232746170814,0.0,0.0,,,31,1.0
S016,S053,HQ_Anonymized,HQ_Anonymized,Floor_B,Floor_E,True,False,unknown,False,unknown,unknown,unknown,True,0.8920201791439475,0.5061387801988732,0.3982608695652173,8.297818592193186,8.707478520633465,2.7550662654966818,0.0,0.0,,,24,0.7741935483870968
S016,S054,HQ_Anonymized,HQ_Anonymized,Floor_B,Floor_E,True,False,unknown,False,unknown,unknown,unknown,True,0.7632168761236874,0.9030248680865566,0.7959677419354839,3.5410116610666496,3.5006313046610984,1.867002479561199,0.0,0.0,,,31,1.0
S016,S055,HQ_Anonymized,HQ_Anonymized,Floor_B,Floor_E,True,False,unknown,False,unknown,unknown,unknown,True,0.7100704190430692,0.8673125047385023,0.7717741935483872,4.243091773820976,3.8277329275905103,3.868359986421025,0.0,0.0,,,31,1.0
S016,S056,HQ_Anonymized,HQ_Anonymized,Floor_B,Floor_E,True,False,unknown,False,unknown,unknown,unknown,True,0.3199999999999999,0.9240845324394382,0.8862903225806452,2.129999558111331,2.2120298370185054,1.4722557671818464,0.0,0.0,,,31,1.0
S017,S018,HQ_Anonymized,HQ_Anonymized,Floor_B,Floor_B,True,True,unknown,False,unknown,unknown,unknown,False,0.3399999999999999,0.91832660854861,0.8330645161290322,1.927780356273504,2.1119049310551574,1.9607460849527845,0.0,0.0,,,31,1.0
S017,S019,HQ_Anonymized,HQ_Anonymized,Floor_B,Floor_B,True,True,unknown,False,unknown,unknown,unknown,False,0.69,0.9704913125845566,0.8612903225806453,6.156125971918082,6.244005232251254,0.657167101176556,0.0,0.0,,,31,1.0
S017,S020,HQ_Anonymized,HQ_Anonymized,Floor_B,Floor_B,True,True,unknown,False,unknown,unknown,unknown,False,0.8026207074328445,0.9510734623919852,0.8165322580645162,1.6964592243816643,1.4982326388888865,0.8269342561711451,0.0,0.0,,,31,1.0
S017,S021,HQ_Anonymized,HQ_Anonymized,Floor_B,Floor_C,True,False,unknown,False,unknown,unknown,unknown,True,0.5280151512977633,0.9019879178947224,0.7548387096774194,0.7570668072536474,0.5632472222222233,1.0152049722146086,0.0,0.0,,,31,1.0
S017,S022,HQ_Anonymized,HQ_Anonymized,Floor_B,Floor_C,True,False,unknown,False,unknown,unknown,unknown,True,0.4318564576337836,0.9150231567294488,0.7528225806451614,1.6151791400738589,1.578317361111111,1.1132170895110136,0.0,0.0,,,31,1.0
S017,S023,HQ_Anonymized,HQ_Anonymized,Floor_B,Floor_C,True,False,unknown,False,unknown,unknown,unknown,True,0.3199999999999999,0.8198173249346474,0.7108870967741936,5.497458254997885,4.379095833333331,3.620948421655891,0.0,0.0,,,31,1.0
S017,S024,HQ_Anonymized,HQ_Anonymized,Floor_B,Floor_C,True,False,unknown,False,unknown,unknown,unknown,True,0.42,0.8604975476282247,0.7338709677419355,1.805592674870323,1.830918055555557,1.226547411529279,0.0,0.0,,,31,1.0
S017,S025,HQ_Anonymized,HQ_Anonymized,Floor_B,Floor_C,True,False,unknown,False,unknown,unknown,unknown,True,0.8077747210701756,0.9390433559202044,0.7846774193548387,3.544009820037177,3.433600000000005,1.1151189652201128,0.0,0.0,,,31,1.0
S017,S026,HQ_Anonymized,HQ_Anonymized,Floor_B,Floor_C,True,False,unknown,False,unknown,unknown,unknown,True,0.69,0.9398299523998674,0.8044354838709679,5.950011382989381,5.071725000000001,2.4558268171644486,0.0,0.0,,,31,1.0
S017,S027,HQ_Anonymized,HQ_Anonymized,Floor_B,Floor_C,True,False,unknown,False,unknown,unknown,unknown,True,0.7061161377563892,0.941056783955522,0.7931451612903226,5.028956801670978,4.909380555555558,1.5188671164342882,0.0,0.0,,,31,1.0
S017,S028,HQ_Anonymized,HQ_Anonymized,Floor_B,Floor_C,True,False,unknown,False,unknown,unknown,unknown,True,0.7484650960465691,0.931160400145752,0.813709677419355,1.0736646473374285,0.941242361111108,0.8376248358817107,0.0,0.0,,,31,1.0
S017,S029,HQ_Anonymized,HQ_Anonymized,Floor_B,Floor_C,True,False,unknown,False,unknown,unknown,unknown,True,0.1499999999999999,0.9009699788413288,0.780241935483871,3.307747321011154,2.2033222222222197,3.773348007362148,0.0,0.0,,,31,1.0
S017,S030,HQ_Anonymized,HQ_Anonymized,Floor_B,Floor_C,True,False,unknown,False,unknown,unknown,unknown,True,0.0,0.893265145915869,0.822983870967742,4.063726530351605,3.5715484148017254,1.212260113247546,0.0,0.0,,,31,1.0
S017,S031,HQ_Anonymized,HQ_Anonymized,Floor_B,Floor_C,True,False,unknown,False,unknown,unknown,unknown,True,0.3399999999999999,0.9081640652982476,0.7604838709677421,2.427083010808344,2.283465277777779,1.552939720679246,0.0,0.0,,,31,1.0
S017,S032,HQ_Anonymized,HQ_Anonymized,Floor_B,Floor_D,True,False,unknown,False,unknown,unknown,unknown,True,0.4522167621838004,0.9240066124037656,0.8104838709677421,1.9892724455642343,1.935888888888897,1.8774232336616643,0.0,0.0,,,31,1.0
S017,S033,HQ_Anonymized,HQ_Anonymized,Floor_B,Floor_D,True,False,unknown,False,unknown,unknown,unknown,True,0.8011242100947892,0.8431946029290782,0.7637096774193549,3.072134987282666,2.633924999999998,3.0586866600582114,0.0,0.0,,,31,1.0
S017,S034,HQ_Anonymized,HQ_Anonymized,Floor_B,Floor_D,True,False,unknown,False,unknown,unknown,unknown,True,0.4709564735726647,0.9259728202608803,0.8245967741935485,5.496276952192561,5.223354861111112,0.8939645633649727,0.0,0.0,,,31,1.0
S017,S035,HQ_Anonymized,HQ_Anonymized,Floor_B,Floor_D,True,False,unknown,False,unknown,unknown,unknown,True,0.3413209633175202,0.9325260813519048,0.8084677419354839,4.572063200566577,4.619788888888891,0.9038624879914892,0.0,0.0,,,31,1.0
S017,S036,HQ_Anonymized,HQ_Anonymized,Floor_B,Floor_D,True,False,unknown,False,unknown,unknown,unknown,True,0.7368174807915457,0.930393219931801,0.7911290322580647,1.8504856903537483,1.727993055555551,2.0594111101292936,0.0,0.0,,,31,1.0
S017,S037,HQ_Anonymized,HQ_Anonymized,Floor_B,Floor_D,True,False,unknown,False,unknown,unknown,unknown,True,0.3894868418830089,0.9531997213510194,0.8729838709677421,2.099087516418442,1.9482944444444497,2.2372269551625843,0.0,0.0,,,31,1.0
S017,S038,HQ_Anonymized,HQ_Anonymized,Floor_B,Floor_D,True,False,unknown,False,unknown,unknown,unknown,True,0.7324616030891995,0.9475537494277012,0.7580645161290323,3.761078553618735,3.4981180555555653,1.5891955099802122,0.0,0.0,,,31,1.0
S017,S039,HQ_Anonymized,HQ_Anonymized,Floor_B,Floor_D,True,False,unknown,False,unknown,unknown,unknown,True,0.7543208866258444,0.8453228619012828,0.7322580645161291,2.866418100182444,3.083749368686867,1.9651648559812789,0.0,0.0,,,31,1.0
S017,S040,HQ_Anonymized,HQ_Anonymized,Floor_B,Floor_D,True,False,unknown,False,unknown,unknown,unknown,True,0.3573513677041127,0.9566886324427264,0.8766129032258065,5.013315097082155,5.380054166666675,1.319382913216094,0.0,0.0,,,31,1.0
S017,S041,HQ_Anonymized,HQ_Anonymized,Floor_B,Floor_D,True,False,unknown,False,unknown,unknown,unknown,True,0.2418677324489564,0.928999511514072,0.8495967741935485,0.7234808854549305,0.5659805555555621,0.911981091122189,0.0,0.0,,,31,1.0
S017,S042,HQ_Anonymized,HQ_Anonymized,Floor_B,Floor_D,True,False,unknown,False,unknown,unknown,unknown,True,0.1140175425099137,0.1229495093467536,0.114516129032258,9.917989222085204,10.508785361169018,2.476049774864611,0.0,0.0,,,31,1.0
S017,S043,HQ_Anonymized,HQ_Anonymized,Floor_B,Floor_D,True,False,unknown,False,unknown,unknown,unknown,True,0.0583095189484529,0.8089607032401589,0.7064516129032259,1.9909409986477589,1.589471527777775,2.3393502049775847,0.0,0.0,,,31,1.0
S017,S044,HQ_Anonymized,HQ_Anonymized,Floor_B,Floor_D,True,False,unknown,False,unknown,unknown,unknown,True,0.3436568055487916,0.9284856677822914,0.8213709677419356,4.2006806819512,4.320818106368563,1.0116314720023036,0.0,0.0,,,31,1.0
S017,S045,HQ_Anonymized,HQ_Anonymized,Floor_B,Floor_E,True,False,unknown,False,unknown,unknown,unknown,True,0.5280151512977633,0.9787996649650051,0.9044354838709678,1.0923229060602309,1.1057083980001536,1.083552676162746,0.0,0.0,,,31,1.0
S017,S046,HQ_Anonymized,HQ_Anonymized,Floor_B,Floor_E,True,False,unknown,False,unknown,unknown,unknown,True,0.3199999999999999,0.9454828430143772,0.8193548387096775,4.954048949027388,4.221204166666666,1.795491472980662,0.0,0.0,,,31,1.0
S017,S047,HQ_Anonymized,HQ_Anonymized,Floor_B,Floor_E,True,False,unknown,False,unknown,unknown,unknown,True,0.1499999999999999,0.924149351739038,0.8420467185761957,2.2719254972734952,2.137178492714721,2.423800830903457,0.0,0.0,,,30,0.967741935483871
S017,S048,HQ_Anonymized,HQ_Anonymized,Floor_B,Floor_E,True,False,unknown,False,unknown,unknown,unknown,True,0.12,0.9106296298939291,0.8697580645161292,2.9639204033990576,2.358002458786963,1.707802784799936,0.0,0.0,,,31,1.0
S017,S049,HQ_Anonymized,HQ_Anonymized,Floor_B,Floor_E,True,False,unknown,False,unknown,unknown,unknown,True,0.01,0.940763803317187,0.8258064516129033,2.8441411986972644,3.11428055555556,2.550598102385515,0.0,0.0,,,31,1.0
S017,S050,HQ_Anonymized,HQ_Anonymized,Floor_B,Floor_E,True,False,unknown,False,unknown,unknown,unknown,True,0.7200694410957876,0.8835625843073102,0.7939516129032258,2.8171394792571074,2.8103354166666747,3.047091777699319,0.0,0.0,,,31,1.0
S017,S051,HQ_Anonymized,HQ_Anonymized,Floor_B,Floor_E,True,False,unknown,False,unknown,unknown,unknown,True,0.47,0.9573339851374676,0.8322580645161292,2.750391325911532,3.352646527777779,3.1299265796426945,0.0,0.0,,,31,1.0
S017,S052,HQ_Anonymized,HQ_Anonymized,Floor_B,Floor_E,True,False,unknown,False,unknown,unknown,unknown,True,0.29,0.959073376514295,0.8270161290322581,2.460374897250521,2.332310025152708,2.675129972105087,0.0,0.0,,,31,1.0
S017,S053,HQ_Anonymized,HQ_Anonymized,Floor_B,Floor_E,True,False,unknown,False,unknown,unknown,unknown,True,0.7527283706623525,0.5463930199809702,0.4356521739130434,5.03669513926499,5.4565586805555455,2.519662201617912,0.0,0.0,,,24,0.7741935483870968
S017,S054,HQ_Anonymized,HQ_Anonymized,Floor_B,Floor_E,True,False,unknown,False,unknown,unknown,unknown,True,0.7100704190430692,0.9318532474057571,0.8201612903225807,1.6294776152289363,1.1978951388888888,2.004092435330784,0.0,0.0,,,31,1.0
S017,S055,HQ_Anonymized,HQ_Anonymized,Floor_B,Floor_E,True,False,unknown,False,unknown,unknown,unknown,True,0.7707788269017254,0.9471665324765436,0.8495967741935485,3.690095664039979,3.403744444444456,3.9384864857358974,0.0,0.0,,,31,1.0
S017,S056,HQ_Anonymized,HQ_Anonymized,Floor_B,Floor_E,True,False,unknown,False,unknown,unknown,unknown,True,0.4318564576337836,0.9673695354617456,0.9056451612903228,1.4794504509984647,1.0941826491718842,1.5016746767211624,0.0,0.0,,,31,1.0
S018,S019,HQ_Anonymized,HQ_Anonymized,Floor_B,Floor_B,True,True,unknown,False,unknown,unknown,unknown,False,0.7692203845452874,0.8989406196645675,0.7564516129032258,7.078854437430364,7.342003532709747,1.8954348044028344,0.0,0.0,,,31,1.0
S018,S020,HQ_Anonymized,HQ_Anonymized,Floor_B,Floor_B,True,True,unknown,False,unknown,unknown,unknown,False,1.0191172650877818,0.9288700741963286,0.8467741935483871,2.805294459639441,3.0729371678744,1.716455622983047,0.0,0.0,,,31,1.0
S018,S021,HQ_Anonymized,HQ_Anonymized,Floor_B,Floor_C,True,False,unknown,False,unknown,unknown,unknown,True,0.824621125123532,0.8738399706452874,0.7778225806451614,2.05398976802654,2.1798239951489933,2.14392100102762,0.0,0.0,,,31,1.0
S018,S022,HQ_Anonymized,HQ_Anonymized,Floor_B,Floor_C,True,False,unknown,False,unknown,unknown,unknown,True,0.7066116330771804,0.8792858340018436,0.7395161290322582,2.750610052265216,3.0292014254385933,1.943867067020247,0.0,0.0,,,31,1.0
S018,S023,HQ_Anonymized,HQ_Anonymized,Floor_B,Floor_C,True,False,unknown,False,unknown,unknown,unknown,True,0.46690470119715,0.8161892142228329,0.6782258064516129,6.382394166320034,5.991789583333329,3.066113974060396,0.0,0.0,,,31,1.0
S018,S024,HQ_Anonymized,HQ_Anonymized,Floor_B,Floor_C,True,False,unknown,False,unknown,unknown,unknown,True,0.76,0.8462942303272408,0.7508064516129033,2.942493526764125,3.289042921146958,2.2329479889333057,0.0,0.0,,,31,1.0
S018,S025,HQ_Anonymized,HQ_Anonymized,Floor_B,Floor_C,True,False,unknown,False,unknown,unknown,unknown,True,1.026498904042279,0.8850494217612742,0.7459677419354839,4.46673828554946,5.111134722222232,1.8451250010476112,0.0,0.0,,,31,1.0
S018,S026,HQ_Anonymized,HQ_Anonymized,Floor_B,Floor_C,True,False,unknown,False,unknown,unknown,unknown,True,0.7692203845452874,0.88678049945283,0.7540322580645162,6.872739848501663,6.489297676880916,2.0732708317366795,0.0,0.0,,,31,1.0
S018,S027,HQ_Anonymized,HQ_Anonymized,Floor_B,Floor_C,True,False,unknown,False,unknown,unknown,unknown,True,0.8462860036654275,0.8981419624989577,0.7213709677419357,5.951685267183262,6.361082306763294,1.687953981125461,0.0,0.0,,,31,1.0
S018,S028,HQ_Anonymized,HQ_Anonymized,Floor_B,Floor_C,True,False,unknown,False,unknown,unknown,unknown,True,0.9343446901438462,0.8719393130005957,0.7887096774193549,2.69312208834259,2.84329733951445,2.2862495195022303,0.0,0.0,,,31,1.0
S018,S029,HQ_Anonymized,HQ_Anonymized,Floor_B,Floor_C,True,False,unknown,False,unknown,unknown,unknown,True,0.49,0.8662871848385733,0.7866935483870968,3.3830899244417965,2.4930089798850616,3.052370322451487,0.0,0.0,,,31,1.0
S018,S030,HQ_Anonymized,HQ_Anonymized,Floor_B,Floor_C,True,False,unknown,False,unknown,unknown,unknown,True,0.3399999999999999,0.8930417219017328,0.8197580645161291,3.140998064839323,2.390200373068048,2.6649015092560973,0.0,0.0,,,31,1.0
S018,S031,HQ_Anonymized,HQ_Anonymized,Floor_B,Floor_C,True,False,unknown,False,unknown,unknown,unknown,True,0.0,0.9066643756903728,0.8112903225806452,3.3019458038509213,3.5597944102914454,1.629509874679398,0.0,0.0,,,31,1.0
S018,S032,HQ_Anonymized,HQ_Anonymized,Floor_B,Floor_D,True,False,unknown,False,unknown,unknown,unknown,True,0.7049113419430844,0.85851663228712,0.7399193548387097,1.7531014587661362,1.7297304211469535,2.0256959193173367,0.0,0.0,,,31,1.0
S018,S033,HQ_Anonymized,HQ_Anonymized,Floor_B,Floor_D,True,False,unknown,False,unknown,unknown,unknown,True,0.990858213873206,0.7793009940194188,0.7568548387096775,2.3379335168831887,1.7728986111111098,2.967076224130297,0.0,0.0,,,31,1.0
S018,S034,HQ_Anonymized,HQ_Anonymized,Floor_B,Floor_D,True,False,unknown,False,unknown,unknown,unknown,True,0.8105553651663778,0.852086228520008,0.7689516129032259,4.573548486680277,3.844883216041112,2.441362389263195,0.0,0.0,,,31,1.0
S018,S035,HQ_Anonymized,HQ_Anonymized,Floor_B,Floor_D,True,False,unknown,False,unknown,unknown,unknown,True,0.6806614430096655,0.8713409633663721,0.7806451612903227,3.649334735054294,3.2453855235042752,2.064420056301768,0.0,0.0,,,31,1.0
S018,S036,HQ_Anonymized,HQ_Anonymized,Floor_B,Floor_D,True,False,unknown,False,unknown,unknown,unknown,True,0.768439978137525,0.8746427287375429,0.7927419354838711,1.6920542892280566,1.4085562499999895,1.9713369380895656,0.0,0.0,,,31,1.0
S018,S037,HQ_Anonymized,HQ_Anonymized,Floor_B,Floor_D,True,False,unknown,False,unknown,unknown,unknown,True,0.6296824596572467,0.92083272361507,0.8322580645161292,1.2894877804280342,0.8916360769581075,1.6842642674850434,0.0,0.0,,,31,1.0
S018,S038,HQ_Anonymized,HQ_Anonymized,Floor_B,Floor_D,True,False,unknown,False,unknown,unknown,unknown,True,0.8324061508662703,0.8922445299853443,0.6991935483870969,4.6838070191310175,5.042915732436477,1.7400733601090252,0.0,0.0,,,31,1.0
S018,S039,HQ_Anonymized,HQ_Anonymized,Floor_B,Floor_D,True,False,unknown,False,unknown,unknown,unknown,True,0.9021086409075127,0.8174349633054677,0.7318548387096775,2.260625804377588,2.046209599673197,2.236288531563672,0.0,0.0,,,31,1.0
S018,S040,HQ_Anonymized,HQ_Anonymized,Floor_B,Floor_D,True,False,unknown,False,unknown,unknown,unknown,True,0.4104875150354758,0.9225218065361952,0.8012096774193549,4.090586631569873,3.730626628674628,1.4970799502579877,0.0,0.0,,,31,1.0
S018,S041,HQ_Anonymized,HQ_Anonymized,Floor_B,Floor_D,True,False,unknown,False,unknown,unknown,unknown,True,0.1044030650891055,0.8504620785422792,0.7741935483870969,2.1409113782208915,2.086596749084244,2.1721838934221305,0.0,0.0,,,31,1.0
S018,S042,HQ_Anonymized,HQ_Anonymized,Floor_B,Floor_D,True,False,unknown,False,unknown,unknown,unknown,True,0.231948270094864,0.1081927168301794,0.1358870967741935,10.840717687597486,10.660355028896356,3.911428784348957,0.0,0.0,,,31,1.0
S018,S043,HQ_Anonymized,HQ_Anonymized,Floor_B,Floor_D,True,False,unknown,False,unknown,unknown,unknown,True,0.3911521443121589,0.8005225255444143,0.7250000000000001,1.674673795270004,1.2426854452027385,2.4021377765920904,0.0,0.0,,,31,1.0
S018,S044,HQ_Anonymized,HQ_Anonymized,Floor_B,Floor_D,True,False,unknown,False,unknown,unknown,unknown,True,0.5173973328110612,0.894764393203874,0.7637096774193549,3.277952216438916,2.9868999309980424,1.8759268660984127,0.0,0.0,,,31,1.0
S018,S045,HQ_Anonymized,HQ_Anonymized,Floor_B,Floor_E,True,False,unknown,False,unknown,unknown,unknown,True,0.824621125123532,0.9249062068329614,0.822983870967742,1.26966895759436,1.1464969285612057,1.4976076479451317,0.0,0.0,,,31,1.0
S018,S046,HQ_Anonymized,HQ_Anonymized,Floor_B,Floor_E,True,False,unknown,False,unknown,unknown,unknown,True,0.46690470119715,0.9126302415239488,0.8463709677419357,5.876777414539669,5.676168417874408,1.5961384817201134,0.0,0.0,,,31,1.0
S018,S047,HQ_Anonymized,HQ_Anonymized,Floor_B,Floor_E,True,False,unknown,False,unknown,unknown,unknown,True,0.49,0.8991874781198747,0.8358175750834261,2.835111495061364,2.342585416834908,1.9172010361053744,0.0,0.0,,,30,0.967741935483871
S018,S048,HQ_Anonymized,HQ_Anonymized,Floor_B,Floor_E,True,False,unknown,False,unknown,unknown,unknown,True,0.22,0.8317901713536308,0.8133064516129034,4.125473563437245,4.089561805555562,2.153487736839234,0.0,0.0,,,31,1.0
S018,S049,HQ_Anonymized,HQ_Anonymized,Floor_B,Floor_E,True,False,unknown,False,unknown,unknown,unknown,True,0.35,0.8928092571415943,0.8056451612903226,1.9162646766065048,1.905473407281008,2.078421492444631,0.0,0.0,,,31,1.0
S018,S050,HQ_Anonymized,HQ_Anonymized,Floor_B,Floor_E,True,False,unknown,False,unknown,unknown,unknown,True,0.7433034373659253,0.8594302321033438,0.7879032258064517,2.894330502924367,2.6100388888888872,2.515471859056902,0.0,0.0,,,31,1.0
S018,S051,HQ_Anonymized,HQ_Anonymized,Floor_B,Floor_E,True,False,unknown,False,unknown,unknown,unknown,True,0.81,0.922414425197612,0.7927419354838711,2.007801547800633,1.5722401604855634,2.2608720037991272,0.0,0.0,,,31,1.0
S018,S052,HQ_Anonymized,HQ_Anonymized,Floor_B,Floor_E,True,False,unknown,False,unknown,unknown,unknown,True,0.63,0.9026308778447896,0.7770161290322581,1.719720472701765,1.7486690444058937,2.1167180895954782,0.0,0.0,,,31,1.0
S018,S053,HQ_Anonymized,HQ_Anonymized,Floor_B,Floor_E,True,False,unknown,False,unknown,unknown,unknown,True,0.7156814934033155,0.5174039751791771,0.417391304347826,4.827454783179231,4.934302174908417,3.407428901391831,0.0,0.0,,,24,0.7741935483870968
S018,S054,HQ_Anonymized,HQ_Anonymized,Floor_B,Floor_E,True,False,unknown,False,unknown,unknown,unknown,True,0.791580697086532,0.9198335106750232,0.8842741935483872,1.2525841121886825,0.8977277436247846,1.564411217085676,0.0,0.0,,,31,1.0
S018,S055,HQ_Anonymized,HQ_Anonymized,Floor_B,Floor_E,True,False,unknown,False,unknown,unknown,unknown,True,0.9558765610684258,0.9069525318284988,0.8032258064516131,2.5426726333268483,2.4939825909961684,3.0222344697467305,0.0,0.0,,,31,1.0
S018,S056,HQ_Anonymized,HQ_Anonymized,Floor_B,Floor_E,True,False,unknown,False,unknown,unknown,unknown,True,0.7066116330771804,0.9241710288126076,0.8487903225806454,2.067405448751185,1.879819858650059,1.4671464726920056,0.0,0.0,,,31,1.0
S019,S020,HQ_Anonymized,HQ_Anonymized,Floor_B,Floor_B,True,True,unknown,False,unknown,unknown,unknown,False,0.41,0.9622350003283446,0.8314516129032259,4.485691926747887,4.40580943833384,0.7124121346965526,0.0,0.0,,,31,1.0
S019,S021,HQ_Anonymized,HQ_Anonymized,Floor_B,Floor_C,True,False,unknown,False,unknown,unknown,unknown,True,0.5597320787662612,0.8903872376210148,0.7286290322580645,6.161579884016009,6.117748229899767,1.1727585576918491,0.0,0.0,,,31,1.0
S019,S022,HQ_Anonymized,HQ_Anonymized,Floor_B,Floor_C,True,False,unknown,False,unknown,unknown,unknown,True,0.4701063709417263,0.9132415106966368,0.7120967741935484,4.600459043825791,4.800005489965372,1.1104746884021728,0.0,0.0,,,31,1.0
S019,S023,HQ_Anonymized,HQ_Anonymized,Floor_B,Floor_C,True,False,unknown,False,unknown,unknown,unknown,True,0.37,0.8470292710632126,0.6862903225806453,2.8863586154566128,2.3742774324678706,3.359692521630337,0.0,0.0,,,31,1.0
S019,S024,HQ_Anonymized,HQ_Anonymized,Floor_B,Floor_C,True,False,unknown,False,unknown,unknown,unknown,True,0.8077747210701756,0.846443640595702,0.7016129032258065,4.535463340570545,4.406971360405109,1.3824748045296522,0.0,0.0,,,31,1.0
S019,S025,HQ_Anonymized,HQ_Anonymized,Floor_B,Floor_C,True,False,unknown,False,unknown,unknown,unknown,True,0.42,0.9329832466852254,0.742741935483871,2.6121161518809064,2.867763565584589,1.07006966413,0.0,0.0,,,31,1.0
S019,S026,HQ_Anonymized,HQ_Anonymized,Floor_B,Floor_C,True,False,unknown,False,unknown,unknown,unknown,True,0.0,0.9519900186527956,0.7971774193548389,1.9584517367536305,2.1033961819613154,2.1723665676560957,0.0,0.0,,,31,1.0
S019,S027,HQ_Anonymized,HQ_Anonymized,Floor_B,Floor_C,True,False,unknown,False,unknown,unknown,unknown,True,0.1499999999999999,0.9566352050726724,0.7883064516129034,1.375383831277451,1.3295025213284504,1.2454450166929028,0.0,0.0,,,31,1.0
S019,S028,HQ_Anonymized,HQ_Anonymized,Floor_B,Floor_C,True,False,unknown,False,unknown,unknown,unknown,True,0.29,0.9293127116310996,0.7423387096774194,5.223223088533548,5.10257534862798,1.0133116583577924,0.0,0.0,,,31,1.0
S019,S029,HQ_Anonymized,HQ_Anonymized,Floor_B,Floor_C,True,False,unknown,False,unknown,unknown,unknown,True,0.7061161377563892,0.9066605915736492,0.7528225806451614,4.46369751529118,4.871334208937206,3.535609340555524,0.0,0.0,,,31,1.0
S019,S030,HQ_Anonymized,HQ_Anonymized,Floor_B,Floor_C,True,False,unknown,False,unknown,unknown,unknown,True,0.69,0.898483687878436,0.7197580645161291,10.219852502269688,9.96728444831514,1.4553558492306895,0.0,0.0,,,31,1.0
S019,S031,HQ_Anonymized,HQ_Anonymized,Floor_B,Floor_C,True,False,unknown,False,unknown,unknown,unknown,True,0.7692203845452874,0.9143451849630756,0.7540322580645162,3.8502440747810143,3.790163194444446,1.4065845353968218,0.0,0.0,,,31,1.0
S019,S032,HQ_Anonymized,HQ_Anonymized,Floor_B,Floor_D,True,False,unknown,False,unknown,unknown,unknown,True,0.4123105625617659,0.9275661464848362,0.7943548387096776,7.806461697003578,7.8504529682274224,1.6859426468096772,0.0,0.0,,,31,1.0
S019,S033,HQ_Anonymized,HQ_Anonymized,Floor_B,Floor_D,True,False,unknown,False,unknown,unknown,unknown,True,0.3324154027718932,0.8540203010190396,0.7947580645161292,8.357991899893996,8.705034328358202,2.8615324515706178,0.0,0.0,,,31,1.0
S019,S034,HQ_Anonymized,HQ_Anonymized,Floor_B,Floor_D,True,False,unknown,False,unknown,unknown,unknown,True,0.8598255637046389,0.9229985542850104,0.7927419354838711,11.65240292411064,11.539672255053103,1.1075573227838398,0.0,0.0,,,31,1.0
S019,S035,HQ_Anonymized,HQ_Anonymized,Floor_B,Floor_D,True,False,unknown,False,unknown,unknown,unknown,True,0.7962411694957753,0.9377541940464196,0.7774193548387097,10.72818917248466,10.740099326139712,0.8986829230281087,0.0,0.0,,,31,1.0
S019,S036,HQ_Anonymized,HQ_Anonymized,Floor_B,Floor_D,True,False,unknown,False,unknown,unknown,unknown,True,0.10770329614269,0.9449235228801586,0.8298387096774194,6.199806333791677,6.746368426695703,1.7853337582930866,0.0,0.0,,,31,1.0
S019,S037,HQ_Anonymized,HQ_Anonymized,Floor_B,Floor_D,True,False,unknown,False,unknown,unknown,unknown,True,0.3982461550347975,0.94644849443717,0.7830645161290324,6.523751352325037,6.6432858596065785,2.0452181307808024,0.0,0.0,,,31,1.0
S019,S038,HQ_Anonymized,HQ_Anonymized,Floor_B,Floor_D,True,False,unknown,False,unknown,unknown,unknown,True,0.0721110255092798,0.9688906276876876,0.8346774193548387,2.4087535018228023,2.745887176695689,1.2552286179792287,0.0,0.0,,,31,1.0
S019,S039,HQ_Anonymized,HQ_Anonymized,Floor_B,Floor_D,True,False,unknown,False,unknown,unknown,unknown,True,0.194164878389476,0.8623699835701568,0.7423387096774194,8.80912659490926,8.753966319108315,1.8067564160276104,0.0,0.0,,,31,1.0
S019,S040,HQ_Anonymized,HQ_Anonymized,Floor_B,Floor_D,True,False,unknown,False,unknown,unknown,unknown,True,0.3668787265568828,0.957235097905096,0.822983870967742,11.16944106900024,11.223078308080808,1.1381180590398592,0.0,0.0,,,31,1.0
S019,S041,HQ_Anonymized,HQ_Anonymized,Floor_B,Floor_D,True,False,unknown,False,unknown,unknown,unknown,True,0.758946638440411,0.929404976790792,0.8270161290322581,5.976336760086786,5.812773957997209,0.9533761439834942,0.0,0.0,,,31,1.0
S019,S042,HQ_Anonymized,HQ_Anonymized,Floor_B,Floor_D,True,False,unknown,False,unknown,unknown,unknown,True,0.7283543093852057,0.0413119357156503,-0.0375,3.772148983885834,4.077658275647849,2.8261528877972264,0.0,0.0,,,31,1.0
S019,S043,HQ_Anonymized,HQ_Anonymized,Floor_B,Floor_D,True,False,unknown,False,unknown,unknown,unknown,True,0.7217340230306453,0.7998553911700726,0.6592741935483872,6.93278361996667,7.364119971516217,2.3005862409549462,0.0,0.0,,,31,1.0
S019,S044,HQ_Anonymized,HQ_Anonymized,Floor_B,Floor_D,True,False,unknown,False,unknown,unknown,unknown,True,0.3535533905932737,0.9188624432888348,0.7306451612903226,10.356806653869278,10.299756884686404,1.061440075031305,0.0,0.0,,,31,1.0
S019,S045,HQ_Anonymized,HQ_Anonymized,Floor_B,Floor_E,True,False,unknown,False,unknown,unknown,unknown,True,0.5597320787662612,0.9740852657352902,0.8741935483870968,6.780827849184408,6.709009558080808,0.914753160259006,0.0,0.0,,,31,1.0
S019,S046,HQ_Anonymized,HQ_Anonymized,Floor_B,Floor_E,True,False,unknown,False,unknown,unknown,unknown,True,0.37,0.9254417297556724,0.7443548387096774,1.7540114911652205,1.610293037257037,1.7157404429187977,0.0,0.0,,,31,1.0
S019,S047,HQ_Anonymized,HQ_Anonymized,Floor_B,Floor_E,True,False,unknown,False,unknown,unknown,unknown,True,0.7061161377563892,0.8900802293281452,0.7174638487208009,4.462103576650853,4.797553391781573,2.3728196293364805,0.0,0.0,,,30,0.967741935483871
S019,S048,HQ_Anonymized,HQ_Anonymized,Floor_B,Floor_E,True,False,unknown,False,unknown,unknown,unknown,True,0.700357051795725,0.8715183258991253,0.7516129032258065,3.2898010413112986,3.211099011528937,1.7836625738519596,0.0,0.0,,,31,1.0
S019,S049,HQ_Anonymized,HQ_Anonymized,Floor_B,Floor_E,True,False,unknown,False,unknown,unknown,unknown,True,0.6900724599634447,0.9187921177956252,0.7899193548387098,8.301868248110395,8.959494887384352,2.4358963323049267,0.0,0.0,,,31,1.0
S019,S050,HQ_Anonymized,HQ_Anonymized,Floor_B,Floor_E,True,False,unknown,False,unknown,unknown,unknown,True,0.1216552506059644,0.8675895293274791,0.7572580645161292,4.878036537463846,4.166461587335029,2.932157751403276,0.0,0.0,,,31,1.0
S019,S051,HQ_Anonymized,HQ_Anonymized,Floor_B,Floor_E,True,False,unknown,False,unknown,unknown,unknown,True,0.8348652585896721,0.9416732724306895,0.8036290322580646,5.787150528756393,6.377888344275341,2.952007566766569,0.0,0.0,,,31,1.0
S019,S052,HQ_Anonymized,HQ_Anonymized,Floor_B,Floor_E,True,False,unknown,False,unknown,unknown,unknown,True,0.7484650960465691,0.9364547601743418,0.7858870967741937,7.370027811480441,6.867076505840252,2.54156430286252,0.0,0.0,,,31,1.0
S019,S053,HQ_Anonymized,HQ_Anonymized,Floor_B,Floor_E,True,False,unknown,False,unknown,unknown,unknown,True,0.250798724079689,0.5460200961624232,0.3999999999999999,11.156780963981936,11.637366255295484,2.619909439963432,0.0,0.0,,,24,0.7741935483870968
S019,S054,HQ_Anonymized,HQ_Anonymized,Floor_B,Floor_E,True,False,unknown,False,unknown,unknown,unknown,True,0.0223606797749979,0.9064021891880384,0.7229838709677421,6.556733055253311,6.421448998917761,1.9511170598987224,0.0,0.0,,,31,1.0
S019,S055,HQ_Anonymized,HQ_Anonymized,Floor_B,Floor_E,True,False,unknown,False,unknown,unknown,unknown,True,0.3006659275674581,0.9621638425686416,0.8681451612903227,7.156132914826888,6.9586236140724935,3.624627861837312,0.0,0.0,,,31,1.0
S019,S056,HQ_Anonymized,HQ_Anonymized,Floor_B,Floor_E,True,False,unknown,False,unknown,unknown,unknown,True,0.4701063709417263,0.963157639463077,0.8237903225806452,5.104966588328402,4.809064950390052,1.3131420028572398,0.0,0.0,,,31,1.0
S020,S021,HQ_Anonymized,HQ_Anonymized,Floor_B,Floor_C,True,False,unknown,False,unknown,unknown,unknown,True,0.3701351104664349,0.8984861462139443,0.7451612903225808,1.6988725898846062,1.1754041666666666,1.1439680767741889,0.0,0.0,,,31,1.0
S020,S022,HQ_Anonymized,HQ_Anonymized,Floor_B,Floor_C,True,False,unknown,False,unknown,unknown,unknown,True,0.3889730067755345,0.9202755485662324,0.7322580645161291,0.8746236355273866,0.7631124999999983,1.0676357847242983,0.0,0.0,,,31,1.0
S020,S023,HQ_Anonymized,HQ_Anonymized,Floor_B,Floor_C,True,False,unknown,False,unknown,unknown,unknown,True,0.552268050859363,0.8491397884456934,0.7165322580645161,3.962764993237829,2.9712861111111124,3.335589059499529,0.0,0.0,,,31,1.0
S020,S024,HQ_Anonymized,HQ_Anonymized,Floor_B,Floor_C,True,False,unknown,False,unknown,unknown,unknown,True,0.6900724599634447,0.8561736999968299,0.7165322580645161,1.106434180135355,1.0094819444444385,1.3511157029516867,0.0,0.0,,,31,1.0
S020,S025,HQ_Anonymized,HQ_Anonymized,Floor_B,Floor_C,True,False,unknown,False,unknown,unknown,unknown,True,0.01,0.9235515361701896,0.7383064516129033,1.8735757748669812,1.8545270833333305,1.1317933130170628,0.0,0.0,,,31,1.0
S020,S026,HQ_Anonymized,HQ_Anonymized,Floor_B,Floor_C,True,False,unknown,False,unknown,unknown,unknown,True,0.41,0.940546636302654,0.8112903225806452,4.279577337819185,3.453277777777778,2.2119389361803194,0.0,0.0,,,31,1.0
S020,S027,HQ_Anonymized,HQ_Anonymized,Floor_B,Floor_C,True,False,unknown,False,unknown,unknown,unknown,True,0.26,0.9487267023098436,0.7508064516129033,3.358522756500783,3.249306250000004,1.285880918253255,0.0,0.0,,,31,1.0
S020,S028,HQ_Anonymized,HQ_Anonymized,Floor_B,Floor_C,True,False,unknown,False,unknown,unknown,unknown,True,0.12,0.9134222385833424,0.7516129032258065,0.9711260542587784,0.7135965277777814,1.1111179081658602,0.0,0.0,,,31,1.0
S020,S029,HQ_Anonymized,HQ_Anonymized,Floor_B,Floor_C,True,False,unknown,False,unknown,unknown,unknown,True,0.7373601562330311,0.8995918748197381,0.7596774193548388,2.960322697243929,2.42632013888889,3.544921396552664,0.0,0.0,,,31,1.0
S020,S030,HQ_Anonymized,HQ_Anonymized,Floor_B,Floor_C,True,False,unknown,False,unknown,unknown,unknown,True,0.8026207074328445,0.9289177182082736,0.8427419354838711,5.7341605755218,5.452329870208651,1.4038397947049173,0.0,0.0,,,31,1.0
S020,S031,HQ_Anonymized,HQ_Anonymized,Floor_B,Floor_C,True,False,unknown,False,unknown,unknown,unknown,True,1.0191172650877818,0.9053517981406632,0.7786290322580645,1.1690578494067096,0.9212965277777768,1.452314162425542,0.0,0.0,,,31,1.0
S020,S032,HQ_Anonymized,HQ_Anonymized,Floor_B,Floor_D,True,False,unknown,False,unknown,unknown,unknown,True,0.3534119409414458,0.9092907312794284,0.7713709677419355,3.3352565534098115,3.3591909722222297,1.7750489470173638,0.0,0.0,,,31,1.0
S020,S033,HQ_Anonymized,HQ_Anonymized,Floor_B,Floor_D,True,False,unknown,False,unknown,unknown,unknown,True,0.0894427190999915,0.8263071192331036,0.7504032258064517,3.9527553942930624,3.919874305555553,2.964800805503985,0.0,0.0,,,31,1.0
S020,S034,HQ_Anonymized,HQ_Anonymized,Floor_B,Floor_D,True,False,unknown,False,unknown,unknown,unknown,True,0.7224956747275377,0.903819452508203,0.8556451612903226,7.166710997362755,6.683595138888883,1.2093052609207506,0.0,0.0,,,31,1.0
S020,S035,HQ_Anonymized,HQ_Anonymized,Floor_B,Floor_D,True,False,unknown,False,unknown,unknown,unknown,True,0.723394774656273,0.928255546095435,0.8625,6.2424972457367724,5.957211805555559,0.9721328403777748,0.0,0.0,,,31,1.0
S020,S036,HQ_Anonymized,HQ_Anonymized,Floor_B,Floor_D,True,False,unknown,False,unknown,unknown,unknown,True,0.5115662224971465,0.91711486790774,0.7693548387096776,2.088977579086801,2.137624305555562,1.9238272790815605,0.0,0.0,,,31,1.0
S020,S037,HQ_Anonymized,HQ_Anonymized,Floor_B,Floor_D,True,False,unknown,False,unknown,unknown,unknown,True,0.4134005321718877,0.9545856981774816,0.8221774193548389,2.3772196406309134,2.5143673611111126,1.9792488219756972,0.0,0.0,,,31,1.0
S020,S038,HQ_Anonymized,HQ_Anonymized,Floor_B,Floor_D,True,False,unknown,False,unknown,unknown,unknown,True,0.3522782990761707,0.9450359002949263,0.7076612903225807,2.138192357910905,1.872561111111111,1.4039855293771972,0.0,0.0,,,31,1.0
S020,S039,HQ_Anonymized,HQ_Anonymized,Floor_B,Floor_D,True,False,unknown,False,unknown,unknown,unknown,True,0.2236067977499789,0.845653490297688,0.7161290322580646,4.430560299474502,4.673338194444447,1.8825817757246055,0.0,0.0,,,31,1.0
S020,S040,HQ_Anonymized,HQ_Anonymized,Floor_B,Floor_D,True,False,unknown,False,unknown,unknown,unknown,True,0.6268173577685928,0.9572590628162267,0.8286290322580646,6.683749142252349,7.094550000000005,1.12327604446395,0.0,0.0,,,31,1.0
S020,S041,HQ_Anonymized,HQ_Anonymized,Floor_B,Floor_D,True,False,unknown,False,unknown,unknown,unknown,True,0.97,0.8963465481039441,0.7875,1.5336353351310137,1.2902659722222225,1.1618853968285678,0.0,0.0,,,31,1.0
S020,S042,HQ_Anonymized,HQ_Anonymized,Floor_B,Floor_D,True,False,unknown,False,unknown,unknown,unknown,True,0.8881441324469806,0.1229700785067274,0.0891129032258064,8.24755517691501,8.682590277777784,2.75451632672019,0.0,0.0,,,31,1.0
S020,S043,HQ_Anonymized,HQ_Anonymized,Floor_B,Floor_D,True,False,unknown,False,unknown,unknown,unknown,True,0.8049844718999243,0.8078586979862755,0.6762096774193549,2.9011316365181465,2.951640277777777,2.261042719261261,0.0,0.0,,,31,1.0
S020,S044,HQ_Anonymized,HQ_Anonymized,Floor_B,Floor_D,True,False,unknown,False,unknown,unknown,unknown,True,0.5020956084253276,0.9208591960916837,0.7786290322580645,5.871114727121393,5.8567578768453785,1.0518390788589798,0.0,0.0,,,31,1.0
S020,S045,HQ_Anonymized,HQ_Anonymized,Floor_B,Floor_E,True,False,unknown,False,unknown,unknown,unknown,True,0.3701351104664349,0.969790212550078,0.8415322580645161,2.2951359224365198,2.5950130479638744,0.937270579804108,0.0,0.0,,,31,1.0
S020,S046,HQ_Anonymized,HQ_Anonymized,Floor_B,Floor_E,True,False,unknown,False,unknown,unknown,unknown,True,0.552268050859363,0.925700118649366,0.775,3.2836149038571905,2.848234027777778,1.699170556564326,0.0,0.0,,,31,1.0
S020,S047,HQ_Anonymized,HQ_Anonymized,Floor_B,Floor_E,True,False,unknown,False,unknown,unknown,unknown,True,0.7373601562330311,0.9225405162737028,0.8015572858731924,1.850122188865429,1.653139583333331,2.202091332912565,0.0,0.0,,,30,0.967741935483871
S020,S048,HQ_Anonymized,HQ_Anonymized,Floor_B,Floor_E,True,False,unknown,False,unknown,unknown,unknown,True,0.8700574693662482,0.8737085988864708,0.806451612903226,1.6301228035400983,1.13077777777778,1.7650981629084312,0.0,0.0,,,31,1.0
S020,S049,HQ_Anonymized,HQ_Anonymized,Floor_B,Floor_E,True,False,unknown,False,unknown,unknown,unknown,True,0.7975587752636165,0.9108473907878368,0.8104838709677421,4.061883713835625,4.6545111111111055,2.456171549619559,0.0,0.0,,,31,1.0
S020,S050,HQ_Anonymized,HQ_Anonymized,Floor_B,Floor_E,True,False,unknown,False,unknown,unknown,unknown,True,0.5303772242470448,0.8588001489673166,0.7362903225806453,1.979450428688308,1.0231604166666628,2.9545229119289,0.0,0.0,,,31,1.0
S020,S051,HQ_Anonymized,HQ_Anonymized,Floor_B,Floor_E,True,False,unknown,False,unknown,unknown,unknown,True,0.6926037828369117,0.9451013331765414,0.8024193548387096,2.81670551422828,2.8294826388888907,2.9136504218032413,0.0,0.0,,,31,1.0
S020,S052,HQ_Anonymized,HQ_Anonymized,Floor_B,Floor_E,True,False,unknown,False,unknown,unknown,unknown,True,0.700357051795725,0.9398914357974716,0.7584677419354839,3.1127574021389117,2.70719383876358,2.503622127804563,0.0,0.0,,,31,1.0
S020,S053,HQ_Anonymized,HQ_Anonymized,Floor_B,Floor_E,True,False,unknown,False,unknown,unknown,unknown,True,0.660302960768767,0.5441798173393864,0.428695652173913,6.666214808720937,7.288457505910166,2.60835440145019,0.0,0.0,,,24,0.7741935483870968
S020,S054,HQ_Anonymized,HQ_Anonymized,Floor_B,Floor_E,True,False,unknown,False,unknown,unknown,unknown,True,0.4004996878900157,0.9158707470899168,0.7858870967741937,2.371017774181719,1.8695062499999933,1.885821741395708,0.0,0.0,,,31,1.0
S020,S055,HQ_Anonymized,HQ_Anonymized,Floor_B,Floor_E,True,False,unknown,False,unknown,unknown,unknown,True,0.1118033988749894,0.9438044641269172,0.7725806451612904,3.5323331923800776,3.0472798611111074,3.679052990369936,0.0,0.0,,,31,1.0
S020,S056,HQ_Anonymized,HQ_Anonymized,Floor_B,Floor_E,True,False,unknown,False,unknown,unknown,unknown,True,0.3889730067755345,0.9595075051187616,0.8294354838709679,1.1246910533054095,0.8517526383077652,1.3205762878232266,0.0,0.0,,,31,1.0
S021,S022,HQ_Anonymized,HQ_Anonymized,Floor_C,Floor_C,True,True,unknown,False,unknown,unknown,unknown,False,0.13,0.9779909612390044,0.9419354838709678,1.5611208401902164,1.5288055555555573,0.6690902366338679,0.0,0.0,,,31,1.0
S021,S023,HQ_Anonymized,HQ_Anonymized,Floor_C,Floor_C,True,True,unknown,False,unknown,unknown,unknown,False,0.42,0.9261606295871072,0.8818548387096775,5.336214125621154,3.727348611111111,3.2386320789997867,0.0,0.0,,,31,1.0
S021,S024,HQ_Anonymized,HQ_Anonymized,Floor_C,Floor_C,True,True,unknown,False,unknown,unknown,unknown,False,0.3199999999999999,0.9884893727394276,0.9846774193548388,1.6261165434454616,1.721131677018633,0.3567245197405733,0.0,0.0,,,31,1.0
S021,S025,HQ_Anonymized,HQ_Anonymized,Floor_C,Floor_C,True,True,unknown,False,unknown,unknown,unknown,False,0.37,0.985660980831073,0.9701612903225808,3.5494637321351017,3.1967590277777878,0.7752151489536505,0.0,0.0,,,31,1.0
S021,S026,HQ_Anonymized,HQ_Anonymized,Floor_C,Floor_C,True,True,unknown,False,unknown,unknown,unknown,False,0.5597320787662612,0.9557560337435868,0.8826612903225808,5.955465295087303,4.647258333333333,2.377198340161642,0.0,0.0,,,31,1.0
S021,S027,HQ_Anonymized,HQ_Anonymized,Floor_C,Floor_C,True,True,unknown,False,unknown,unknown,unknown,False,0.4580392996239514,0.9626407630187618,0.9112903225806452,5.034410713768902,4.622591666666665,1.3919250599354849,0.0,0.0,,,31,1.0
S021,S028,HQ_Anonymized,HQ_Anonymized,Floor_C,Floor_C,True,True,unknown,False,unknown,unknown,unknown,False,0.3921734310225515,0.96366628696635,0.9278225806451614,0.9952333798887646,1.022211805555557,0.6374803259017594,0.0,0.0,,,31,1.0
S021,S029,HQ_Anonymized,HQ_Anonymized,Floor_C,Floor_C,True,True,unknown,False,unknown,unknown,unknown,False,0.4186884283091663,0.96368790827503,0.9028225806451612,3.1136348544608423,1.7738715277777786,3.537873215944141,0.0,0.0,,,31,1.0
S021,S030,HQ_Anonymized,HQ_Anonymized,Floor_C,Floor_C,True,True,unknown,False,unknown,unknown,unknown,False,0.5280151512977633,0.9261862258213336,0.8520161290322582,4.058272618253682,3.8438908189524663,1.134091005122688,0.0,0.0,,,31,1.0
S021,S031,HQ_Anonymized,HQ_Anonymized,Floor_C,Floor_C,True,True,unknown,False,unknown,unknown,unknown,False,0.824621125123532,0.9513812899763512,0.8887096774193549,2.311335809234992,2.07806875,1.317854628487474,0.0,0.0,,,31,1.0
S021,S032,HQ_Anonymized,HQ_Anonymized,Floor_C,Floor_D,True,False,unknown,False,unknown,unknown,unknown,True,0.1676305461424021,0.8926433559834337,0.7754032258064516,2.1370186863374325,2.041480555555559,2.00912050252366,0.0,0.0,,,31,1.0
S021,S033,HQ_Anonymized,HQ_Anonymized,Floor_C,Floor_D,True,False,unknown,False,unknown,unknown,unknown,True,0.4197618372363071,0.8366520990620023,0.797983870967742,3.1289750611384184,2.870765972222216,3.0743674897652347,0.0,0.0,,,31,1.0
S021,S034,HQ_Anonymized,HQ_Anonymized,Floor_C,Floor_D,True,False,unknown,False,unknown,unknown,unknown,True,0.3535533905932737,0.8608108017181437,0.7927419354838711,5.490823040094634,5.422165277777772,1.1741965784265656,0.0,0.0,,,31,1.0
S021,S035,HQ_Anonymized,HQ_Anonymized,Floor_C,Floor_D,True,False,unknown,False,unknown,unknown,unknown,True,0.3590264614203248,0.8612100613181094,0.747983870967742,4.566609288468652,4.768259027777773,1.2790150616635378,0.0,0.0,,,31,1.0
S021,S036,HQ_Anonymized,HQ_Anonymized,Floor_C,Floor_D,True,False,unknown,False,unknown,unknown,unknown,True,0.6621933252457322,0.8985314642939596,0.7431451612903226,1.852488509373018,1.8396152777777812,2.1884740504181024,0.0,0.0,,,31,1.0
S021,S037,HQ_Anonymized,HQ_Anonymized,Floor_C,Floor_D,True,False,unknown,False,unknown,unknown,unknown,True,0.2308679276123038,0.9471562936015934,0.8145161290322581,2.0351044508454463,1.9622083333333291,2.252901460260649,0.0,0.0,,,31,1.0
S021,S038,HQ_Anonymized,HQ_Anonymized,Floor_C,Floor_D,True,False,unknown,False,unknown,unknown,unknown,True,0.5456189146281496,0.9217715001776048,0.7758064516129032,3.76653246571666,3.404928472222217,1.7087665289547256,0.0,0.0,,,31,1.0
S021,S039,HQ_Anonymized,HQ_Anonymized,Floor_C,Floor_D,True,False,unknown,False,unknown,unknown,unknown,True,0.4701063709417263,0.8219849989236089,0.7354838709677419,2.934859500355373,3.135904861111108,2.0535479209436893,0.0,0.0,,,31,1.0
S021,S040,HQ_Anonymized,HQ_Anonymized,Floor_C,Floor_D,True,False,unknown,False,unknown,unknown,unknown,True,0.5303772242470448,0.9451113596821108,0.8016129032258066,5.007861184984231,4.95982430555555,1.3761083715645044,0.0,0.0,,,31,1.0
S021,S041,HQ_Anonymized,HQ_Anonymized,Floor_C,Floor_D,True,False,unknown,False,unknown,unknown,unknown,True,0.7470609078247903,0.8279356263497746,0.8447580645161291,0.9899850582999772,0.5226979166666652,1.406134426037369,0.0,0.0,,,31,1.0
S021,S042,HQ_Anonymized,HQ_Anonymized,Floor_C,Floor_D,True,False,unknown,False,unknown,unknown,unknown,True,0.6351377803280167,0.3017162056143785,0.4112903225806452,9.923443134183128,9.855178472222228,2.2676523982012307,0.0,0.0,,,31,1.0
S021,S043,HQ_Anonymized,HQ_Anonymized,Floor_C,Floor_D,True,False,unknown,False,unknown,unknown,unknown,True,0.5093132631298737,0.849022233337689,0.7310483870967742,1.7049922469496643,1.282266666666665,2.181410393810977,0.0,0.0,,,31,1.0
S021,S044,HQ_Anonymized,HQ_Anonymized,Floor_C,Floor_D,True,False,unknown,False,unknown,unknown,unknown,True,0.3705401462729781,0.9451153783092324,0.8483870967741935,4.195226769853274,4.174722151664049,0.9021348866726984,0.0,0.0,,,31,1.0
S021,S045,HQ_Anonymized,HQ_Anonymized,Floor_C,Floor_E,True,False,unknown,False,unknown,unknown,unknown,True,0.0,0.9356697635271128,0.7983870967741937,1.2118958241097022,1.1858982142857002,1.3373557335157304,0.0,0.0,,,31,1.0
S021,S046,HQ_Anonymized,HQ_Anonymized,Floor_C,Floor_E,True,False,unknown,False,unknown,unknown,unknown,True,0.42,0.9253599757017834,0.7612903225806452,4.95950286112531,5.185579861111116,1.8814285320610316,0.0,0.0,,,31,1.0
S021,S047,HQ_Anonymized,HQ_Anonymized,Floor_C,Floor_E,True,False,unknown,False,unknown,unknown,unknown,True,0.4186884283091663,0.8915161416636501,0.8015572858731924,2.365506109010945,1.9494261523245733,2.528586704138003,0.0,0.0,,,30,0.967741935483871
S021,S048,HQ_Anonymized,HQ_Anonymized,Floor_C,Floor_E,True,False,unknown,False,unknown,unknown,unknown,True,0.6276941930590086,0.9173031504834492,0.8439516129032258,2.9507841721278063,2.6299715277777835,1.6687054463812123,0.0,0.0,,,31,1.0
S021,S049,HQ_Anonymized,HQ_Anonymized,Floor_C,Floor_E,True,False,unknown,False,unknown,unknown,unknown,True,0.5200961449578337,0.936568141487967,0.8237903225806452,2.749373630351429,2.70995972222223,2.5571591067500576,0.0,0.0,,,31,1.0
S021,S050,HQ_Anonymized,HQ_Anonymized,Floor_C,Floor_E,True,False,unknown,False,unknown,unknown,unknown,True,0.6661080993352355,0.830891045292381,0.7286290322580645,2.8924075042582564,2.940170138888888,3.2265106007127544,0.0,0.0,,,31,1.0
S021,S051,HQ_Anonymized,HQ_Anonymized,Floor_C,Floor_E,True,False,unknown,False,unknown,unknown,unknown,True,0.3238826948140328,0.932768992287874,0.8399193548387098,2.859597298440762,3.190912499999996,3.2116984100278474,0.0,0.0,,,31,1.0
S021,S052,HQ_Anonymized,HQ_Anonymized,Floor_C,Floor_E,True,False,unknown,False,unknown,unknown,unknown,True,0.3453983207834108,0.9300241104398778,0.8737903225806453,2.554967294411636,2.481633333333328,2.780906322798637,0.0,0.0,,,31,1.0
S021,S053,HQ_Anonymized,HQ_Anonymized,Floor_C,Floor_E,True,False,unknown,False,unknown,unknown,unknown,True,0.7752418977325722,0.6085432748961972,0.54,4.960396422944062,5.406904166666656,2.3203559832153364,0.0,0.0,,,24,0.7741935483870968
S021,S054,HQ_Anonymized,HQ_Anonymized,Floor_C,Floor_E,True,False,unknown,False,unknown,unknown,unknown,True,0.5658621740318043,0.9137716872584,0.8383064516129033,1.682528146406687,1.434736111111107,2.0754177105446083,0.0,0.0,,,31,1.0
S021,S055,HQ_Anonymized,HQ_Anonymized,Floor_C,Floor_E,True,False,unknown,False,unknown,unknown,unknown,True,0.4080441152620633,0.919784781204583,0.7862903225806452,3.640815632216817,3.408905555555563,4.022250525071781,0.0,0.0,,,31,1.0
S021,S056,HQ_Anonymized,HQ_Anonymized,Floor_C,Floor_E,True,False,unknown,False,unknown,unknown,unknown,True,0.13,0.9192353451537996,0.770967741935484,1.6740040590732572,1.5765788558663587,1.7375249489997442,0.0,0.0,,,31,1.0
S022,S023,HQ_Anonymized,HQ_Anonymized,Floor_C,Floor_C,True,True,unknown,False,unknown,unknown,unknown,False,0.29,0.9242329429354345,0.8532258064516131,3.973993048615784,2.88690486111112,2.930119034030241,0.0,0.0,,,31,1.0
S022,S024,HQ_Anonymized,HQ_Anonymized,Floor_C,Floor_C,True,True,unknown,False,unknown,unknown,unknown,False,0.3453983207834108,0.9635213877438192,0.9548387096774196,0.5760706915395555,0.3987826388888891,0.7732761768153825,0.0,0.0,,,31,1.0
S022,S025,HQ_Anonymized,HQ_Anonymized,Floor_C,Floor_C,True,True,unknown,False,unknown,unknown,unknown,False,0.3921734310225515,0.9857443228611604,0.9487903225806452,1.988342891944884,1.9334652777777777,0.5262102921297083,0.0,0.0,,,31,1.0
S022,S026,HQ_Anonymized,HQ_Anonymized,Floor_C,Floor_C,True,True,unknown,False,unknown,unknown,unknown,False,0.4701063709417263,0.966117363162102,0.8681451612903227,4.394344454897088,3.489915972222228,1.9815291023932984,0.0,0.0,,,31,1.0
S022,S027,HQ_Anonymized,HQ_Anonymized,Floor_C,Floor_C,True,True,unknown,False,unknown,unknown,unknown,False,0.3956008088970496,0.9817589393154412,0.9286290322580648,3.473289873578685,3.255263354037268,0.946048768566975,0.0,0.0,,,31,1.0
S022,S028,HQ_Anonymized,HQ_Anonymized,Floor_C,Floor_C,True,True,unknown,False,unknown,unknown,unknown,False,0.37,0.9717040738503406,0.914516129032258,0.8178979936776135,0.5739722222222312,0.8735013616772843,0.0,0.0,,,31,1.0
S022,S029,HQ_Anonymized,HQ_Anonymized,Floor_C,Floor_C,True,True,unknown,False,unknown,unknown,unknown,False,0.3492849839314595,0.9693747253601868,0.9129032258064516,2.7446016965367592,1.9297458333333355,3.139733785395972,0.0,0.0,,,31,1.0
S022,S030,HQ_Anonymized,HQ_Anonymized,Floor_C,Floor_C,True,True,unknown,False,unknown,unknown,unknown,False,0.4318564576337836,0.919684181530798,0.8120967741935484,5.619393458443898,5.18449981060607,1.530730669156562,0.0,0.0,,,31,1.0
S022,S031,HQ_Anonymized,HQ_Anonymized,Floor_C,Floor_C,True,True,unknown,False,unknown,unknown,unknown,False,0.7066116330771804,0.9631917093850224,0.875,0.8835030758864914,0.4839209658421666,1.000139358931407,0.0,0.0,,,31,1.0
S022,S032,HQ_Anonymized,HQ_Anonymized,Floor_C,Floor_D,True,False,unknown,False,unknown,unknown,unknown,True,0.058309518948453,0.9151243752719108,0.7774193548387097,3.2169444024141733,3.688914583333329,1.6910930337246075,0.0,0.0,,,31,1.0
S022,S033,HQ_Anonymized,HQ_Anonymized,Floor_C,Floor_D,True,False,unknown,False,unknown,unknown,unknown,True,0.4119465984809196,0.8578002532711266,0.7854838709677421,3.807293115924837,3.973736111111116,2.7756469450355583,0.0,0.0,,,31,1.0
S022,S034,HQ_Anonymized,HQ_Anonymized,Floor_C,Floor_D,True,False,unknown,False,unknown,unknown,unknown,True,0.3935733730830885,0.8962943236834443,0.8358870967741936,7.051943880284851,6.741599999999998,1.3236336919133882,0.0,0.0,,,31,1.0
S022,S035,HQ_Anonymized,HQ_Anonymized,Floor_C,Floor_D,True,False,unknown,False,unknown,unknown,unknown,True,0.3535533905932737,0.9094237956376314,0.7947580645161292,6.12773012865887,6.092916666666667,1.1296303736882471,0.0,0.0,,,31,1.0
S022,S036,HQ_Anonymized,HQ_Anonymized,Floor_C,Floor_D,True,False,unknown,False,unknown,unknown,unknown,True,0.5658621740318043,0.9218581433714684,0.7588709677419356,2.0201247986761657,2.1421416666666677,1.8363329432391504,0.0,0.0,,,31,1.0
S022,S037,HQ_Anonymized,HQ_Anonymized,Floor_C,Floor_D,True,False,unknown,False,unknown,unknown,unknown,True,0.1019803902718556,0.9519851735113046,0.7790322580645163,2.178697595237598,2.035898611111108,1.9120101637227864,0.0,0.0,,,31,1.0
S022,S038,HQ_Anonymized,HQ_Anonymized,Floor_C,Floor_D,True,False,unknown,False,unknown,unknown,unknown,True,0.4701063709417263,0.949116600203039,0.7685483870967742,2.2182389019237223,2.2323916666666648,1.315945947052338,0.0,0.0,,,31,1.0
S022,S039,HQ_Anonymized,HQ_Anonymized,Floor_C,Floor_D,True,False,unknown,False,unknown,unknown,unknown,True,0.4220189569201839,0.8553328116876023,0.7439516129032259,4.382464329350005,4.328343749999995,1.816651277551851,0.0,0.0,,,31,1.0
S022,S040,HQ_Anonymized,HQ_Anonymized,Floor_C,Floor_D,True,False,unknown,False,unknown,unknown,unknown,True,0.4004996878900157,0.9505912877607462,0.7891129032258065,6.568982025174448,6.399061111111109,1.125037520112648,0.0,0.0,,,31,1.0
S022,S041,HQ_Anonymized,HQ_Anonymized,Floor_C,Floor_D,True,False,unknown,False,unknown,unknown,unknown,True,0.6351377803280167,0.8250607870265455,0.7895161290322582,1.553321898288646,1.189425,1.550529098688753,0.0,0.0,,,31,1.0
S022,S042,HQ_Anonymized,HQ_Anonymized,Floor_C,Floor_D,True,False,unknown,False,unknown,unknown,unknown,True,0.5315072906367324,0.2403141475671678,0.3403225806451613,8.36232229399291,8.32637291666667,2.707807033615781,0.0,0.0,,,31,1.0
S022,S043,HQ_Anonymized,HQ_Anonymized,Floor_C,Floor_D,True,False,unknown,False,unknown,unknown,unknown,True,0.4243819034784589,0.8244102961505885,0.6806451612903226,2.7779224495477703,2.5452749999999966,2.1654801554806213,0.0,0.0,,,31,1.0
S022,S044,HQ_Anonymized,HQ_Anonymized,Floor_C,Floor_D,True,False,unknown,False,unknown,unknown,unknown,True,0.2408318915758459,0.9528781816869256,0.8850806451612904,5.756347610043492,5.765511817156536,0.8281045462244052,0.0,0.0,,,31,1.0
S022,S045,HQ_Anonymized,HQ_Anonymized,Floor_C,Floor_E,True,False,unknown,False,unknown,unknown,unknown,True,0.13,0.9538902036154516,0.797983870967742,2.1803688053586168,1.9125826388888925,1.026812400582643,0.0,0.0,,,31,1.0
S022,S046,HQ_Anonymized,HQ_Anonymized,Floor_C,Floor_E,True,False,unknown,False,unknown,unknown,unknown,True,0.29,0.951592403236361,0.7842741935483871,3.398382020935094,3.727847916666676,1.4710245833726523,0.0,0.0,,,31,1.0
S022,S047,HQ_Anonymized,HQ_Anonymized,Floor_C,Floor_E,True,False,unknown,False,unknown,unknown,unknown,True,0.3492849839314595,0.901221695959028,0.7810901001112347,1.799060878346328,1.625288194444444,2.238230688032762,0.0,0.0,,,30,0.967741935483871
S022,S048,HQ_Anonymized,HQ_Anonymized,Floor_C,Floor_E,True,False,unknown,False,unknown,unknown,unknown,True,0.5200961449578337,0.9337849737830736,0.8508064516129032,1.6028569905104733,1.4352972222222178,1.3721891436834528,0.0,0.0,,,31,1.0
S022,S049,HQ_Anonymized,HQ_Anonymized,Floor_C,Floor_E,True,False,unknown,False,unknown,unknown,unknown,True,0.4252058325093859,0.9579774949927152,0.8471774193548388,3.739507008944104,3.9502029576339055,2.127063058663138,0.0,0.0,,,31,1.0
S022,S050,HQ_Anonymized,HQ_Anonymized,Floor_C,Floor_E,True,False,unknown,False,unknown,unknown,unknown,True,0.5658621740318043,0.8664508344448859,0.7883064516129034,2.067330067549628,1.3614701388888832,2.861464311687343,0.0,0.0,,,31,1.0
S022,S051,HQ_Anonymized,HQ_Anonymized,Floor_C,Floor_E,True,False,unknown,False,unknown,unknown,unknown,True,0.3671511950137163,0.9384613913865884,0.8290322580645162,2.735111049619419,2.283977773898201,2.857901192475911,0.0,0.0,,,31,1.0
S022,S052,HQ_Anonymized,HQ_Anonymized,Floor_C,Floor_E,True,False,unknown,False,unknown,unknown,unknown,True,0.3199999999999999,0.9428196084450476,0.8733870967741937,2.80800765812027,1.933271341306913,2.4048040033279463,0.0,0.0,,,31,1.0
S022,S053,HQ_Anonymized,HQ_Anonymized,Floor_C,Floor_E,True,False,unknown,False,unknown,unknown,unknown,True,0.6661080993352355,0.6457110759588092,0.5599999999999999,6.47353902439346,6.88373478974885,2.337480012289132,0.0,0.0,,,24,0.7741935483870968
S022,S054,HQ_Anonymized,HQ_Anonymized,Floor_C,Floor_E,True,False,unknown,False,unknown,unknown,unknown,True,0.4801041553663121,0.9370765700484246,0.8266129032258065,2.0268080613564368,1.7399361111111131,1.6991624987578955,0.0,0.0,,,31,1.0
S022,S055,HQ_Anonymized,HQ_Anonymized,Floor_C,Floor_E,True,False,unknown,False,unknown,unknown,unknown,True,0.3901281840626232,0.9449603706309146,0.8108870967741936,3.4686444800698,2.1875815081121037,3.580928740058669,0.0,0.0,,,31,1.0
S022,S056,HQ_Anonymized,HQ_Anonymized,Floor_C,Floor_E,True,False,unknown,False,unknown,unknown,unknown,True,0.0,0.9365346513233946,0.742741935483871,1.142941141422345,0.8719539065053894,1.420146868090202,0.0,0.0,,,31,1.0
S023,S024,HQ_Anonymized,HQ_Anonymized,Floor_C,Floor_C,True,True,unknown,False,unknown,unknown,unknown,False,0.5280151512977633,0.933317971461448,0.8935483870967742,3.8746447915970967,2.4881222222222306,3.169591003114656,0.0,0.0,,,31,1.0
S023,S025,HQ_Anonymized,HQ_Anonymized,Floor_C,Floor_C,True,True,unknown,False,unknown,unknown,unknown,False,0.5597320787662612,0.9180556246444436,0.8895161290322581,2.4316116326053576,1.65140416666668,2.806244060131483,0.0,0.0,,,31,1.0
S023,S026,HQ_Anonymized,HQ_Anonymized,Floor_C,Floor_C,True,True,unknown,False,unknown,unknown,unknown,False,0.37,0.9369233738723916,0.8620967741935485,1.2394926413377414,0.7083090277777799,1.887636313459492,0.0,0.1935483870967742,,,31,1.0
S023,S027,HQ_Anonymized,HQ_Anonymized,Floor_C,Floor_C,True,True,unknown,False,unknown,unknown,unknown,False,0.3992492955535425,0.9320249854850102,0.8500000000000001,1.8101873863023208,1.766710049899622,2.3829313433568142,0.0,0.0,,,31,1.0
S023,S028,HQ_Anonymized,HQ_Anonymized,Floor_C,Floor_C,True,True,unknown,False,unknown,unknown,unknown,False,0.4701063709417263,0.8998207589418444,0.8689516129032258,4.548665919488416,2.96602708333333,3.524425730073782,0.0,0.0,,,31,1.0
S023,S029,HQ_Anonymized,HQ_Anonymized,Floor_C,Floor_C,True,True,unknown,False,unknown,unknown,unknown,False,0.3534119409414458,0.9401032960436596,0.8528225806451614,3.08028530674659,3.0318208333333345,1.9461950245313648,0.0,0.0,,,31,1.0
S023,S030,HQ_Anonymized,HQ_Anonymized,Floor_C,Floor_C,True,True,unknown,False,unknown,unknown,unknown,False,0.3199999999999999,0.9322483101457072,0.822983870967742,9.172981674750414,7.091479671717174,3.978367576205824,0.0,0.0,,,31,1.0
S023,S031,HQ_Anonymized,HQ_Anonymized,Floor_C,Floor_C,True,True,unknown,False,unknown,unknown,unknown,False,0.46690470119715,0.9377199743565624,0.8584677419354839,3.1844979144404397,2.294182638888884,2.442133623665599,0.0,0.0,,,31,1.0
S023,S032,HQ_Anonymized,HQ_Anonymized,Floor_C,Floor_D,True,False,unknown,False,unknown,unknown,unknown,True,0.2647640458974745,0.8863302566082637,0.7653225806451613,6.873841330313796,7.183288888888889,2.5853212720501,0.0,0.0,,,31,1.0
S023,S033,HQ_Anonymized,HQ_Anonymized,Floor_C,Floor_D,True,False,unknown,False,unknown,unknown,unknown,True,0.5263078946776307,0.8208779559787787,0.7616935483870969,7.460193653019883,7.089760416666664,3.027470729522511,0.0,0.0,,,31,1.0
S023,S034,HQ_Anonymized,HQ_Anonymized,Floor_C,Floor_D,True,False,unknown,False,unknown,unknown,unknown,True,0.5860034129593445,0.8704097662240481,0.7733870967741936,10.605532096591368,9.37251527777778,3.727462481618345,0.0,0.0,,,31,1.0
S023,S035,HQ_Anonymized,HQ_Anonymized,Floor_C,Floor_D,True,False,unknown,False,unknown,unknown,unknown,True,0.4879549159502341,0.8759765112882428,0.7544354838709678,9.681318344965383,8.49114513888889,3.289270144584892,0.0,0.0,,,31,1.0
S023,S036,HQ_Anonymized,HQ_Anonymized,Floor_C,Floor_D,True,False,unknown,False,unknown,unknown,unknown,True,0.4220189569201839,0.8977410515989441,0.7387096774193549,5.345864768945214,5.688191666666668,2.4179283010045225,0.0,0.0,,,31,1.0
S023,S037,HQ_Anonymized,HQ_Anonymized,Floor_C,Floor_D,True,False,unknown,False,unknown,unknown,unknown,True,0.191049731745428,0.916357291226216,0.7548387096774194,5.650967736787328,5.930857638888902,2.1615843789472464,0.0,0.0,,,31,1.0
S023,S038,HQ_Anonymized,HQ_Anonymized,Floor_C,Floor_D,True,False,unknown,False,unknown,unknown,unknown,True,0.4143669871020132,0.8919889487824143,0.7217741935483871,2.3201844184810447,2.184044444444446,2.618277570491208,0.0,0.0,,,31,1.0
S023,S039,HQ_Anonymized,HQ_Anonymized,Floor_C,Floor_D,True,False,unknown,False,unknown,unknown,unknown,True,0.4518849411078001,0.7932783468594482,0.6504032258064517,7.955948199778383,7.924238888888887,3.2708206954033727,0.0,0.0,,,31,1.0
S023,S040,HQ_Anonymized,HQ_Anonymized,Floor_C,Floor_D,True,False,unknown,False,unknown,unknown,unknown,True,0.1118033988749894,0.9039681902642795,0.7576612903225807,10.122570241480965,10.284736111111116,2.656215884040949,0.0,0.0,,,31,1.0
S023,S041,HQ_Anonymized,HQ_Anonymized,Floor_C,Floor_D,True,False,unknown,False,unknown,unknown,unknown,True,0.4243819034784589,0.7373718909829822,0.7286290322580645,5.344375609986866,4.33912777777779,3.815329439736943,0.0,0.0,,,31,1.0
S023,S042,HQ_Anonymized,HQ_Anonymized,Floor_C,Floor_D,True,False,unknown,False,unknown,unknown,unknown,True,0.3668787265568828,0.2026611858610003,0.3608870967741935,5.620610824998225,7.044116666666668,5.145443474703205,0.0,0.1290322580645161,,,31,1.0
S023,S043,HQ_Anonymized,HQ_Anonymized,Floor_C,Floor_D,True,False,unknown,False,unknown,unknown,unknown,True,0.3535533905932737,0.7867500553754135,0.681451612903226,6.320165626171745,6.656131249999994,3.261412767597842,0.0,0.0,,,31,1.0
S023,S044,HQ_Anonymized,HQ_Anonymized,Floor_C,Floor_D,True,False,unknown,False,unknown,unknown,unknown,True,0.053851648071345,0.908220930764376,0.8165322580645162,9.309935826350006,8.665790751086291,3.036277661885095,0.0,0.0,,,31,1.0
S023,S045,HQ_Anonymized,HQ_Anonymized,Floor_C,Floor_E,True,False,unknown,False,unknown,unknown,unknown,True,0.42,0.8835564534431334,0.7842741935483871,6.031971653001538,5.919809579376114,2.841416399081175,0.0,0.0,,,31,1.0
S023,S046,HQ_Anonymized,HQ_Anonymized,Floor_C,Floor_E,True,False,unknown,False,unknown,unknown,unknown,True,0.0,0.8776036829596718,0.7274193548387098,1.882740725581354,1.6666993055555608,2.6446899918111764,0.0,0.032258064516129,,,31,1.0
S023,S047,HQ_Anonymized,HQ_Anonymized,Floor_C,Floor_E,True,False,unknown,False,unknown,unknown,unknown,True,0.3534119409414458,0.914161810446018,0.8763070077864292,3.948101141679985,4.143183680555559,2.0636017876383685,0.0,0.0,,,30,0.967741935483871
S023,S048,HQ_Anonymized,HQ_Anonymized,Floor_C,Floor_E,True,False,unknown,False,unknown,unknown,unknown,True,0.3417601498127012,0.8432815818603898,0.7818548387096774,2.925687774793913,2.2768812500000024,2.9688901281946825,0.0,0.0,,,31,1.0
S023,S049,HQ_Anonymized,HQ_Anonymized,Floor_C,Floor_E,True,False,unknown,False,unknown,unknown,unknown,True,0.3201562118716424,0.8656115073803476,0.7754032258064516,7.499173687872227,7.950947916666678,2.6290756378652915,0.0,0.0,,,31,1.0
S023,S050,HQ_Anonymized,HQ_Anonymized,Floor_C,Floor_E,True,False,unknown,False,unknown,unknown,unknown,True,0.4080441152620633,0.7555409855875148,0.6375000000000001,4.39502308321646,4.552565277777774,3.5566871702219798,0.0,0.0,,,31,1.0
S023,S051,HQ_Anonymized,HQ_Anonymized,Floor_C,Floor_E,True,False,unknown,False,unknown,unknown,unknown,True,0.56859475903318,0.8650364861535202,0.7987903225806452,5.1710964639099295,4.572726388888881,2.7270918367480905,0.0,0.0,,,31,1.0
S023,S052,HQ_Anonymized,HQ_Anonymized,Floor_C,Floor_E,True,False,unknown,False,unknown,unknown,unknown,True,0.4318564576337836,0.8562158031011434,0.8076612903225807,6.685677916254679,6.748525512405614,2.728076680153144,0.0,0.0,,,31,1.0
S023,S053,HQ_Anonymized,HQ_Anonymized,Floor_C,Floor_E,True,False,unknown,False,unknown,unknown,unknown,True,0.4632493928760188,0.5878076434420303,0.4660869565217391,10.244819492446782,10.941373955010636,4.242595832749843,0.0,0.0,,,24,0.7741935483870968
S023,S054,HQ_Anonymized,HQ_Anonymized,Floor_C,Floor_E,True,False,unknown,False,unknown,unknown,unknown,True,0.3901281840626232,0.85663190984444,0.7495967741935485,5.8495668360289645,6.047331250000006,2.7625543360752585,0.0,0.0,,,31,1.0
S023,S055,HQ_Anonymized,HQ_Anonymized,Floor_C,Floor_E,True,False,unknown,False,unknown,unknown,unknown,True,0.4920365840057017,0.8867593281242756,0.7229838709677421,6.371006326938949,6.202230555555566,2.791328585232701,0.0,0.0,,,31,1.0
S023,S056,HQ_Anonymized,HQ_Anonymized,Floor_C,Floor_E,True,False,unknown,False,unknown,unknown,unknown,True,0.29,0.8883845833203871,0.7443548387096774,4.4282029958321685,4.6756528182308585,2.6360617101898463,0.0,0.0,,,31,1.0
S024,S025,HQ_Anonymized,HQ_Anonymized,Floor_C,Floor_C,True,True,unknown,False,unknown,unknown,unknown,False,0.69,0.961617405584518,0.958467741935484,1.9233471886896392,1.603171527777775,0.9346286858412332,0.0,0.0,,,31,1.0
S024,S026,HQ_Anonymized,HQ_Anonymized,Floor_C,Floor_C,True,True,unknown,False,unknown,unknown,unknown,False,0.8077747210701756,0.9312169958466664,0.8705645161290323,4.3293487516418425,3.489559722222225,2.441984385731086,0.0,0.0,,,31,1.0
S024,S027,HQ_Anonymized,HQ_Anonymized,Floor_C,Floor_C,True,True,unknown,False,unknown,unknown,unknown,False,0.7409453421137081,0.93812960172718,0.9116935483870968,3.4082941703234413,2.863839272330395,1.493691064282312,0.0,0.0,,,31,1.0
S024,S028,HQ_Anonymized,HQ_Anonymized,Floor_C,Floor_C,True,True,unknown,False,unknown,unknown,unknown,False,0.7021395872616782,0.9273662413243648,0.9036290322580648,0.918903923590242,0.8377048611111064,0.8903858610198423,0.0,0.0,,,31,1.0
S024,S029,HQ_Anonymized,HQ_Anonymized,Floor_C,Floor_C,True,True,unknown,False,unknown,unknown,unknown,False,0.27,0.9397590419895108,0.8846774193548388,3.1832059902268512,3.2252513888888856,3.5813998326397587,0.0,0.0,,,31,1.0
S024,S030,HQ_Anonymized,HQ_Anonymized,Floor_C,Floor_C,True,True,unknown,False,unknown,unknown,unknown,False,0.42,0.914925826786362,0.8548387096774196,5.684389161699142,5.259431991478529,1.211670653537508,0.0,0.0,,,31,1.0
S024,S031,HQ_Anonymized,HQ_Anonymized,Floor_C,Floor_C,True,True,unknown,False,unknown,unknown,unknown,False,0.76,0.9432799106265104,0.9020161290322584,1.072334140341502,0.6057472222222202,1.3331627390722047,0.0,0.0,,,31,1.0
S024,S032,HQ_Anonymized,HQ_Anonymized,Floor_C,Floor_D,True,False,unknown,False,unknown,unknown,unknown,True,0.4031128874149275,0.8592897184025194,0.7705645161290323,3.363533078655254,3.5478187499999976,2.125892561324849,0.0,0.0,,,31,1.0
S024,S033,HQ_Anonymized,HQ_Anonymized,Floor_C,Floor_D,True,False,unknown,False,unknown,unknown,unknown,True,0.7355270219373317,0.8016816455705403,0.7891129032258065,4.091039984054633,4.54564791666666,3.171562586315536,0.0,0.0,,,31,1.0
S024,S034,HQ_Anonymized,HQ_Anonymized,Floor_C,Floor_D,True,False,unknown,False,unknown,unknown,unknown,True,0.058309518948453,0.8315559676932104,0.7883064516129034,7.116939583540097,6.921915972222223,1.308332093251366,0.0,0.0,,,31,1.0
S024,S035,HQ_Anonymized,HQ_Anonymized,Floor_C,Floor_D,True,False,unknown,False,unknown,unknown,unknown,True,0.0854400374531752,0.8299195551621191,0.7451612903225808,6.192725831914114,6.443140972222217,1.4219472809043647,0.0,0.0,,,31,1.0
S024,S036,HQ_Anonymized,HQ_Anonymized,Floor_C,Floor_D,True,False,unknown,False,unknown,unknown,unknown,True,0.8962700485902672,0.8650822556687106,0.7391129032258066,2.4496639161602003,2.406740972222231,2.2992299909856704,0.0,0.0,,,31,1.0
S024,S037,HQ_Anonymized,HQ_Anonymized,Floor_C,Floor_D,True,False,unknown,False,unknown,unknown,unknown,True,0.4104875150354758,0.9170076599148238,0.7927419354838711,2.4405939257329865,2.103976388888896,2.345782696565472,0.0,0.0,,,31,1.0
S024,S038,HQ_Anonymized,HQ_Anonymized,Floor_C,Floor_D,True,False,unknown,False,unknown,unknown,unknown,True,0.8139410298049853,0.8899091916151193,0.7641129032258065,2.2064273918052484,1.833609027777776,1.831468307932116,0.0,0.0,,,31,1.0
S024,S039,HQ_Anonymized,HQ_Anonymized,Floor_C,Floor_D,True,False,unknown,False,unknown,unknown,unknown,True,0.765375724726098,0.7978621521861177,0.7467741935483873,4.436918545150053,4.678625694444442,2.134412050906448,0.0,0.0,,,31,1.0
S024,S040,HQ_Anonymized,HQ_Anonymized,Floor_C,Floor_D,True,False,unknown,False,unknown,unknown,unknown,True,0.6296824596572467,0.9087622652192427,0.7766129032258066,6.633977728429694,6.618091666666665,1.541668287031593,0.0,0.0,,,31,1.0
S024,S041,HQ_Anonymized,HQ_Anonymized,Floor_C,Floor_D,True,False,unknown,False,unknown,unknown,unknown,True,0.6606814663663572,0.778044034029034,0.8016129032258066,1.7122713201818844,1.460938888888883,1.607930392215989,0.0,0.0,,,31,1.0
S024,S042,HQ_Anonymized,HQ_Anonymized,Floor_C,Floor_D,True,False,unknown,False,unknown,unknown,unknown,True,0.53084837759948,0.3265659752117403,0.4133064516129032,8.297326590737665,8.476928368794319,2.279645817841111,0.0,0.0,,,31,1.0
S024,S043,HQ_Anonymized,HQ_Anonymized,Floor_C,Floor_D,True,False,unknown,False,unknown,unknown,unknown,True,0.3712142238654117,0.8096334455054588,0.6806451612903226,2.77645865459513,2.8496840277777906,2.3162139691741586,0.0,0.0,,,31,1.0
S024,S044,HQ_Anonymized,HQ_Anonymized,Floor_C,Floor_D,True,False,unknown,False,unknown,unknown,unknown,True,0.5024937810560445,0.9153418906436877,0.8306451612903227,5.821343313298736,5.927524814554538,1.0803654450774427,0.0,0.0,,,31,1.0
S024,S045,HQ_Anonymized,HQ_Anonymized,Floor_C,Floor_E,True,False,unknown,False,unknown,unknown,unknown,True,0.3199999999999999,0.8960900584408119,0.7778225806451614,2.390673554316795,2.260891605835866,1.5217051726937416,0.0,0.0,,,31,1.0
S024,S046,HQ_Anonymized,HQ_Anonymized,Floor_C,Floor_E,True,False,unknown,False,unknown,unknown,unknown,True,0.5280151512977633,0.8931251899684173,0.740725806451613,3.362909615170889,3.667532638888893,1.9977509091695071,0.0,0.0,,,31,1.0
S024,S047,HQ_Anonymized,HQ_Anonymized,Floor_C,Floor_E,True,False,unknown,False,unknown,unknown,unknown,True,0.27,0.8547234454606192,0.7802002224694105,2.29663360219646,2.209198958333335,2.651643932109728,0.0,0.0,,,30,0.967741935483871
S024,S048,HQ_Anonymized,HQ_Anonymized,Floor_C,Floor_E,True,False,unknown,False,unknown,unknown,unknown,True,0.54,0.8879018070211856,0.8221774193548389,1.7514596295491358,1.3689125000000075,1.7821763748351642,0.0,0.0,,,31,1.0
S024,S049,HQ_Anonymized,HQ_Anonymized,Floor_C,Floor_E,True,False,unknown,False,unknown,unknown,unknown,True,0.41,0.9067049042430432,0.8016129032258066,3.817173590335548,4.252680555555564,2.641361688534085,0.0,0.0,,,31,1.0
S024,S050,HQ_Anonymized,HQ_Anonymized,Floor_C,Floor_E,True,False,unknown,False,unknown,unknown,unknown,True,0.8920201791439475,0.7989925761028192,0.7342741935483871,2.4957109081068145,1.644709027777786,3.310748781091367,0.0,0.0,,,31,1.0
S024,S051,HQ_Anonymized,HQ_Anonymized,Floor_C,Floor_E,True,False,unknown,False,unknown,unknown,unknown,True,0.05,0.8986221121654169,0.8125000000000001,3.079753694563993,2.803123611111104,3.2998260021715025,0.0,0.0,,,31,1.0
S024,S052,HQ_Anonymized,HQ_Anonymized,Floor_C,Floor_E,True,False,unknown,False,unknown,unknown,unknown,True,0.13,0.8930260808381004,0.8564516129032259,3.171545740815072,1.865580085125444,2.888587785083663,0.0,0.0,,,31,1.0
S024,S053,HQ_Anonymized,HQ_Anonymized,Floor_C,Floor_E,True,False,unknown,False,unknown,unknown,unknown,True,0.9762171889492623,0.6361738887263051,0.5913043478260869,6.540686570496301,6.939411004841798,2.2630107115664937,0.0,0.0,,,24,0.7741935483870968
S024,S054,HQ_Anonymized,HQ_Anonymized,Floor_C,Floor_E,True,False,unknown,False,unknown,unknown,unknown,True,0.8198780397107852,0.8821717386271358,0.8205645161290324,2.4336103956863484,2.022611111111111,2.1818121224510474,0.0,0.0,,,31,1.0
S024,S055,HQ_Anonymized,HQ_Anonymized,Floor_C,Floor_E,True,False,unknown,False,unknown,unknown,unknown,True,0.7200694410957876,0.8930874935463042,0.790725806451613,3.905266124435553,3.2625923611111105,4.07413851199539,0.0,0.0,,,31,1.0
S024,S056,HQ_Anonymized,HQ_Anonymized,Floor_C,Floor_E,True,False,unknown,False,unknown,unknown,unknown,True,0.3453983207834108,0.8824109013674177,0.740725806451613,1.5897419180031935,1.4599553863753556,1.8813122585679656,0.0,0.0,,,31,1.0
S025,S026,HQ_Anonymized,HQ_Anonymized,Floor_C,Floor_C,True,True,unknown,False,unknown,unknown,unknown,False,0.42,0.9751097204291718,0.8770161290322582,2.406001562952204,1.7940701388888982,1.7387736779736944,0.0,0.0,,,31,1.0
S025,S027,HQ_Anonymized,HQ_Anonymized,Floor_C,Floor_C,True,True,unknown,False,unknown,unknown,unknown,False,0.27,0.983856162861664,0.940725806451613,1.4849469816338017,1.237511805555549,0.7741516029559747,0.0,0.0,,,31,1.0
S025,S028,HQ_Anonymized,HQ_Anonymized,Floor_C,Floor_C,True,True,unknown,False,unknown,unknown,unknown,False,0.13,0.9872934412579056,0.954032258064516,2.611106936652642,2.1770402777777704,0.974077676839142,0.0,0.0,,,31,1.0
S025,S029,HQ_Anonymized,HQ_Anonymized,Floor_C,Floor_C,True,True,unknown,False,unknown,unknown,unknown,False,0.7409453421137081,0.9780749840974438,0.8947580645161293,2.877216334819342,2.8303173611111205,2.892384212585973,0.0,0.0,,,31,1.0
S025,S030,HQ_Anonymized,HQ_Anonymized,Floor_C,Floor_C,True,True,unknown,False,unknown,unknown,unknown,False,0.8077747210701756,0.929107398596843,0.822983870967742,7.607736350388783,7.124083155177438,1.7177641327537665,0.0,0.0,,,31,1.0
S025,S031,HQ_Anonymized,HQ_Anonymized,Floor_C,Floor_C,True,True,unknown,False,unknown,unknown,unknown,False,1.026498904042279,0.9561116302448638,0.8649193548387099,1.3306208888499302,1.1829270833333323,0.990613429766248,0.0,0.0,,,31,1.0
S025,S032,HQ_Anonymized,HQ_Anonymized,Floor_C,Floor_D,True,False,unknown,False,unknown,unknown,unknown,True,0.3577708763999663,0.9227994738491048,0.7737903225806453,5.194345545122672,5.436479166666665,1.5526526302852524,0.0,0.0,,,31,1.0
S025,S033,HQ_Anonymized,HQ_Anonymized,Floor_C,Floor_D,True,False,unknown,False,unknown,unknown,unknown,True,0.098488578017961,0.8754370124726959,0.8004032258064517,5.7458757480130895,6.067525000000003,2.5821114710452884,0.0,0.0,,,31,1.0
S025,S034,HQ_Anonymized,HQ_Anonymized,Floor_C,Floor_D,True,False,unknown,False,unknown,unknown,unknown,True,0.7217340230306453,0.8972861820763622,0.7919354838709678,9.040286772229736,8.63709305555556,1.4990501261428042,0.0,0.0,,,31,1.0
S025,S035,HQ_Anonymized,HQ_Anonymized,Floor_C,Floor_D,True,False,unknown,False,unknown,unknown,unknown,True,0.7244308110509933,0.9038101694018448,0.751209677419355,8.116073020603753,8.091646527777776,1.266696010311667,0.0,0.0,,,31,1.0
S025,S036,HQ_Anonymized,HQ_Anonymized,Floor_C,Floor_D,True,False,unknown,False,unknown,unknown,unknown,True,0.521536192416212,0.9303435075958518,0.7443548387096774,3.587690181910772,3.8034388888888913,1.669138699023725,0.0,0.0,,,31,1.0
S025,S037,HQ_Anonymized,HQ_Anonymized,Floor_C,Floor_D,True,False,unknown,False,unknown,unknown,unknown,True,0.4188078318274384,0.9625026941304892,0.7991935483870968,3.9116352004441306,3.8120534161490696,1.680229123580855,0.0,0.0,,,31,1.0
S025,S038,HQ_Anonymized,HQ_Anonymized,Floor_C,Floor_D,True,False,unknown,False,unknown,unknown,unknown,True,0.3622154055254966,0.957362890710896,0.8165322580645162,0.9298104002482258,0.8029284722222272,1.1425197748152618,0.0,0.0,,,31,1.0
S025,S039,HQ_Anonymized,HQ_Anonymized,Floor_C,Floor_D,True,False,unknown,False,unknown,unknown,unknown,True,0.233452350598575,0.854247439284968,0.7455645161290323,6.24349521412643,6.572904861111105,1.805180297005732,0.0,0.0,,,31,1.0
S025,S040,HQ_Anonymized,HQ_Anonymized,Floor_C,Floor_D,True,False,unknown,False,unknown,unknown,unknown,True,0.6351377803280167,0.9693716118954931,0.8185483870967744,8.557324917119331,8.612367361111119,0.8657402736666178,0.0,0.0,,,31,1.0
S025,S041,HQ_Anonymized,HQ_Anonymized,Floor_C,Floor_D,True,False,unknown,False,unknown,unknown,unknown,True,0.9767292357659824,0.8559021945667847,0.8508064516129032,3.3642206082058803,3.0807618055555537,1.5200337902474772,0.0,0.0,,,31,1.0
S025,S042,HQ_Anonymized,HQ_Anonymized,Floor_C,Floor_D,True,False,unknown,False,unknown,unknown,unknown,True,0.8940357934669059,0.2640723146223001,0.4330645161290322,6.373979402048027,7.03044642857143,2.876755231413017,0.0,0.0,,,31,1.0
S025,S043,HQ_Anonymized,HQ_Anonymized,Floor_C,Floor_D,True,False,unknown,False,unknown,unknown,unknown,True,0.8095060222135472,0.8626738720780142,0.7383064516129033,4.505684472317029,4.343061805555557,1.9287322483225315,0.0,0.0,,,31,1.0
S025,S044,HQ_Anonymized,HQ_Anonymized,Floor_C,Floor_D,True,False,unknown,False,unknown,unknown,unknown,True,0.5093132631298737,0.9614040379664364,0.8600806451612903,7.744690501988376,7.83771320469274,0.8223908820103006,0.0,0.0,,,31,1.0
S025,S045,HQ_Anonymized,HQ_Anonymized,Floor_C,Floor_E,True,False,unknown,False,unknown,unknown,unknown,True,0.37,0.9676330218622304,0.8161290322580647,4.168711697303501,4.202253881766389,0.8294839116983198,0.0,0.0,,,31,1.0
S025,S046,HQ_Anonymized,HQ_Anonymized,Floor_C,Floor_E,True,False,unknown,False,unknown,unknown,unknown,True,0.5597320787662612,0.953915520658752,0.7927419354838711,1.566036575226769,1.4968874999999926,1.3277529592673831,0.0,0.0,,,31,1.0
S025,S047,HQ_Anonymized,HQ_Anonymized,Floor_C,Floor_E,True,False,unknown,False,unknown,unknown,unknown,True,0.7409453421137081,0.9047744136015016,0.800222469410456,2.237387408358153,2.1186086805555533,2.1044343364308515,0.0,0.0,,,30,0.967741935483871
S025,S048,HQ_Anonymized,HQ_Anonymized,Floor_C,Floor_E,True,False,unknown,False,unknown,unknown,unknown,True,0.876184911990614,0.9336678592539248,0.870967741935484,1.1109885525828198,0.918460416666676,1.2988350759120164,0.0,0.0,,,31,1.0
S025,S049,HQ_Anonymized,HQ_Anonymized,Floor_C,Floor_E,True,False,unknown,False,unknown,unknown,unknown,True,0.8026207074328445,0.9592377238188656,0.8588709677419356,5.689752096229488,5.853381250000012,1.9482992756741533,0.0,0.0,,,31,1.0
S025,S050,HQ_Anonymized,HQ_Anonymized,Floor_C,Floor_E,True,False,unknown,False,unknown,unknown,unknown,True,0.5403702434442519,0.8613394058614345,0.7294354838709678,2.4620355545537533,1.5862465277777744,2.7773385419523,0.0,0.0,,,31,1.0
S025,S051,HQ_Anonymized,HQ_Anonymized,Floor_C,Floor_E,True,False,unknown,False,unknown,unknown,unknown,True,0.691809222257119,0.9473468830609842,0.8467741935483871,3.256370443183731,3.777940277777773,2.6382208166016867,0.0,0.0,,,31,1.0
S025,S052,HQ_Anonymized,HQ_Anonymized,Floor_C,Floor_E,True,False,unknown,False,unknown,unknown,unknown,True,0.7021395872616782,0.9516946537429596,0.8745967741935484,4.757911659599534,4.152495922096911,2.1869279514244435,0.0,0.0,,,31,1.0
S025,S053,HQ_Anonymized,HQ_Anonymized,Floor_C,Floor_E,True,False,unknown,False,unknown,unknown,unknown,True,0.6702984409947557,0.5999186692081385,0.4947826086956521,8.550646017924121,9.473773843492214,2.5633811599164527,0.0,0.0,,,24,0.7741935483870968
S025,S054,HQ_Anonymized,HQ_Anonymized,Floor_C,Floor_E,True,False,unknown,False,unknown,unknown,unknown,True,0.4104875150354758,0.9361163812160274,0.8233870967741936,3.944616903372405,3.8579354166666633,1.5869328149638775,0.0,0.0,,,31,1.0
S025,S055,HQ_Anonymized,HQ_Anonymized,Floor_C,Floor_E,True,False,unknown,False,unknown,unknown,unknown,True,0.1216552506059644,0.9484729656859516,0.7741935483870969,4.603699200221968,3.471069702556548,3.3792179392653883,0.0,0.0,,,31,1.0
S025,S056,HQ_Anonymized,HQ_Anonymized,Floor_C,Floor_E,True,False,unknown,False,unknown,unknown,unknown,True,0.3921734310225515,0.9469263487651564,0.7572580645161292,2.4928504364474966,2.3337803256871794,1.247429701425178,0.0,0.0,,,31,1.0
S026,S027,HQ_Anonymized,HQ_Anonymized,Floor_C,Floor_C,True,True,unknown,False,unknown,unknown,unknown,False,0.1499999999999999,0.9906489516553736,0.9302419354838712,1.0174639250529802,0.4113486111111086,1.1516626576291498,0.0,0.0,,,31,1.0
S026,S028,HQ_Anonymized,HQ_Anonymized,Floor_C,Floor_C,True,True,unknown,False,unknown,unknown,unknown,False,0.29,0.963674006518131,0.8592741935483872,5.017108499604846,3.372373611111122,2.564464670804092,0.0,0.0,,,31,1.0
S026,S029,HQ_Anonymized,HQ_Anonymized,Floor_C,Floor_C,True,True,unknown,False,unknown,unknown,unknown,False,0.7061161377563892,0.9652738036780604,0.8544354838709678,3.683300210935239,3.9559236111111113,1.8081109016519976,0.0,0.0,,,31,1.0
S026,S030,HQ_Anonymized,HQ_Anonymized,Floor_C,Floor_C,True,True,unknown,False,unknown,unknown,unknown,False,0.69,0.9506158497031728,0.8350806451612903,10.013737913340986,8.572343560606065,3.176777399264931,0.0,0.0,,,31,1.0
S026,S031,HQ_Anonymized,HQ_Anonymized,Floor_C,Floor_C,True,True,unknown,False,unknown,unknown,unknown,False,0.7692203845452874,0.9604127773281134,0.8657258064516129,3.644129485852313,3.1856250000000017,1.5988220754942957,0.0,0.0,,,31,1.0
S026,S032,HQ_Anonymized,HQ_Anonymized,Floor_C,Floor_D,True,False,unknown,False,unknown,unknown,unknown,True,0.4123105625617659,0.9410311034998964,0.8362903225806452,7.600347108074874,7.572599842365378,1.576915539376582,0.0,0.0,,,31,1.0
S026,S033,HQ_Anonymized,HQ_Anonymized,Floor_C,Floor_D,True,False,unknown,False,unknown,unknown,unknown,True,0.3324154027718932,0.8833392388817055,0.7879032258064517,8.151877310965293,8.00112986111111,2.2365901840289357,0.0,0.0,,,31,1.0
S026,S034,HQ_Anonymized,HQ_Anonymized,Floor_C,Floor_D,True,False,unknown,False,unknown,unknown,unknown,True,0.8598255637046389,0.9379394476835006,0.8806451612903227,11.446288335181942,9.654344444444448,2.7872593603129454,0.0,0.0,,,31,1.0
S026,S035,HQ_Anonymized,HQ_Anonymized,Floor_C,Floor_D,True,False,unknown,False,unknown,unknown,unknown,True,0.7962411694957753,0.9457889480673852,0.8564516129032259,10.522074583555955,9.35385486111111,2.26303110197766,0.0,0.0,,,31,1.0
S026,S036,HQ_Anonymized,HQ_Anonymized,Floor_C,Floor_D,True,False,unknown,False,unknown,unknown,unknown,True,0.10770329614269,0.9687884239983084,0.8366935483870969,5.993691744862978,5.900382638888885,1.1574693831266762,0.0,0.0,,,31,1.0
S026,S037,HQ_Anonymized,HQ_Anonymized,Floor_C,Floor_D,True,False,unknown,False,unknown,unknown,unknown,True,0.3982461550347975,0.9763454438415412,0.8463709677419357,6.317636763396336,6.341190062111807,0.9700687848415448,0.0,0.0,,,31,1.0
S026,S038,HQ_Anonymized,HQ_Anonymized,Floor_C,Floor_D,True,False,unknown,False,unknown,unknown,unknown,True,0.0721110255092798,0.9660794397732796,0.8008064516129033,2.20768478789599,1.877365277777784,1.3767196071806544,0.0,0.0,,,31,1.0
S026,S039,HQ_Anonymized,HQ_Anonymized,Floor_C,Floor_D,True,False,unknown,False,unknown,unknown,unknown,True,0.194164878389476,0.8477158439851903,0.710483870967742,8.604694492132397,8.335240277777771,2.396574450972052,0.0,0.0,,,31,1.0
S026,S040,HQ_Anonymized,HQ_Anonymized,Floor_C,Floor_D,True,False,unknown,False,unknown,unknown,unknown,True,0.3668787265568828,0.977188346638994,0.8508064516129032,10.963326480071537,10.797811805555554,1.4153093853803618,0.0,0.0,,,31,1.0
S026,S041,HQ_Anonymized,HQ_Anonymized,Floor_C,Floor_D,True,False,unknown,False,unknown,unknown,unknown,True,0.758946638440411,0.8603993923248332,0.8169354838709678,5.770222171158084,4.996909722222227,2.670260204478651,0.0,0.0,,,31,1.0
S026,S042,HQ_Anonymized,HQ_Anonymized,Floor_C,Floor_D,True,False,unknown,False,unknown,unknown,unknown,True,0.7283543093852057,0.1632638310402699,0.1983870967741935,4.85399450576249,5.563252777777777,4.44985147839298,0.0,0.064516129032258,,,31,1.0
S026,S043,HQ_Anonymized,HQ_Anonymized,Floor_C,Floor_D,True,False,unknown,False,unknown,unknown,unknown,True,0.7217340230306453,0.848587183976427,0.7108870967741936,6.841067352473533,6.516074305555549,2.368711516230519,0.0,0.0,,,31,1.0
S026,S044,HQ_Anonymized,HQ_Anonymized,Floor_C,Floor_D,True,False,unknown,False,unknown,unknown,unknown,True,0.3535533905932737,0.9581026108467652,0.8274193548387099,10.15069206494058,9.783514095744684,2.0633271471712304,0.0,0.0,,,31,1.0
S026,S045,HQ_Anonymized,HQ_Anonymized,Floor_C,Floor_E,True,False,unknown,False,unknown,unknown,unknown,True,0.5597320787662612,0.9744731872080818,0.8899193548387098,6.574713260255704,6.291448326210833,1.5256406324015592,0.0,0.0,,,31,1.0
S026,S046,HQ_Anonymized,HQ_Anonymized,Floor_C,Floor_E,True,False,unknown,False,unknown,unknown,unknown,True,0.37,0.9377461192138906,0.779435483870968,1.47023715234397,1.0924388888888856,1.6062132839326415,0.0,0.0,,,31,1.0
S026,S047,HQ_Anonymized,HQ_Anonymized,Floor_C,Floor_E,True,False,unknown,False,unknown,unknown,unknown,True,0.7061161377563892,0.9240297931544078,0.8380422691879867,4.439558097482836,4.434948263888892,1.7457607834635227,0.0,0.0,,,30,0.967741935483871
S026,S048,HQ_Anonymized,HQ_Anonymized,Floor_C,Floor_E,True,False,unknown,False,unknown,unknown,unknown,True,0.700357051795725,0.9086231753705916,0.8435483870967743,3.025672104782335,2.4884923611111134,1.952571997778869,0.0,0.0,,,31,1.0
S026,S049,HQ_Anonymized,HQ_Anonymized,Floor_C,Floor_E,True,False,unknown,False,unknown,unknown,unknown,True,0.6900724599634447,0.9376687062121318,0.8548387096774196,8.09575365918169,8.18600555555556,1.6022165478371466,0.0,0.0,,,31,1.0
S026,S050,HQ_Anonymized,HQ_Anonymized,Floor_C,Floor_E,True,False,unknown,False,unknown,unknown,unknown,True,0.1216552506059644,0.8716889026485124,0.7814516129032258,4.671921948535142,4.394554861111111,2.398871474240052,0.0,0.0,,,31,1.0
S026,S051,HQ_Anonymized,HQ_Anonymized,Floor_C,Floor_E,True,False,unknown,False,unknown,unknown,unknown,True,0.8348652585896721,0.9430887237971316,0.8625,5.58103593982769,5.463485416666664,1.807945896502222,0.0,0.0,,,31,1.0
S026,S052,HQ_Anonymized,HQ_Anonymized,Floor_C,Floor_E,True,False,unknown,False,unknown,unknown,unknown,True,0.7484650960465691,0.9437869889608596,0.8669354838709679,7.163913222551738,7.45103125,1.5832725364783018,0.0,0.0,,,31,1.0
S026,S053,HQ_Anonymized,HQ_Anonymized,Floor_C,Floor_E,True,False,unknown,False,unknown,unknown,unknown,True,0.250798724079689,0.5710947952502962,0.388695652173913,11.198330559885534,12.243604703282829,3.6278631299349344,0.0,0.0,,,24,0.7741935483870968
S026,S054,HQ_Anonymized,HQ_Anonymized,Floor_C,Floor_E,True,False,unknown,False,unknown,unknown,unknown,True,0.0223606797749979,0.9157152383483416,0.7782258064516129,6.350618466324607,6.405077083333339,1.804709772548327,0.0,0.0,,,31,1.0
S026,S055,HQ_Anonymized,HQ_Anonymized,Floor_C,Floor_E,True,False,unknown,False,unknown,unknown,unknown,True,0.3006659275674581,0.9542595945779558,0.7971774193548389,6.950018325898185,6.503334722222228,2.21338637939546,0.0,0.0,,,31,1.0
S026,S056,HQ_Anonymized,HQ_Anonymized,Floor_C,Floor_E,True,False,unknown,False,unknown,unknown,unknown,True,0.4701063709417263,0.9600595087126114,0.8245967741935485,4.898851999399699,5.014913092320271,1.4354408031756811,0.0,0.0,,,31,1.0
S027,S028,HQ_Anonymized,HQ_Anonymized,Floor_C,Floor_C,True,True,unknown,False,unknown,unknown,unknown,False,0.14,0.9748348940385136,0.9060483870967744,4.096053918286445,3.1751517857142844,1.533901114553588,0.0,0.0,,,31,1.0
S027,S029,HQ_Anonymized,HQ_Anonymized,Floor_C,Floor_C,True,True,unknown,False,unknown,unknown,unknown,False,0.69,0.9683943027540528,0.8612903225806453,3.158445637130362,3.4726888888888965,2.5042829848758053,0.0,0.0,,,31,1.0
S027,S030,HQ_Anonymized,HQ_Anonymized,Floor_C,Floor_C,True,True,unknown,False,unknown,unknown,unknown,False,0.7061161377563892,0.9439115783345094,0.7850806451612905,9.092683332022585,8.547676893939396,2.187457208828784,0.0,0.0,,,31,1.0
S027,S031,HQ_Anonymized,HQ_Anonymized,Floor_C,Floor_C,True,True,unknown,False,unknown,unknown,unknown,False,0.8462860036654275,0.9682969312069206,0.8645161290322582,2.7230749045339104,2.6626243055555605,0.8653861482451938,0.0,0.0,,,31,1.0
S027,S032,HQ_Anonymized,HQ_Anonymized,Floor_C,Floor_D,True,False,unknown,False,unknown,unknown,unknown,True,0.3383784863137725,0.935270329289138,0.7983870967741937,6.679292526756473,6.826356250000011,1.3375527361426185,0.0,0.0,,,31,1.0
S027,S033,HQ_Anonymized,HQ_Anonymized,Floor_C,Floor_D,True,False,unknown,False,unknown,unknown,unknown,True,0.1843908891458578,0.8746986772333916,0.7806451612903227,7.23082272964689,6.572570138888892,2.3897512883208494,0.0,0.0,,,31,1.0
S027,S034,HQ_Anonymized,HQ_Anonymized,Floor_C,Floor_D,True,False,unknown,False,unknown,unknown,unknown,True,0.7879086241436883,0.9225736786203524,0.8548387096774196,10.525233753863535,9.73570902777778,1.8676034478138872,0.0,0.0,,,31,1.0
S027,S035,HQ_Anonymized,HQ_Anonymized,Floor_C,Floor_D,True,False,unknown,False,unknown,unknown,unknown,True,0.7446475676452586,0.9363023253552064,0.8072580645161291,9.601020002237554,9.266146527777778,1.421420540309956,0.0,0.0,,,31,1.0
S027,S036,HQ_Anonymized,HQ_Anonymized,Floor_C,Floor_D,True,False,unknown,False,unknown,unknown,unknown,True,0.2531797780234432,0.9548341471679366,0.7887096774193549,5.072637163544574,4.841211111111107,1.2466657299676385,0.0,0.0,,,31,1.0
S027,S037,HQ_Anonymized,HQ_Anonymized,Floor_C,Floor_D,True,False,unknown,False,unknown,unknown,unknown,True,0.3522782990761707,0.9718170065622816,0.7951612903225806,5.396582182077934,5.287408695652175,1.248633627755356,0.0,0.0,,,31,1.0
S027,S038,HQ_Anonymized,HQ_Anonymized,Floor_C,Floor_D,True,False,unknown,False,unknown,unknown,unknown,True,0.098488578017961,0.978745819414914,0.8520161290322582,1.2737279024301231,1.1803715277777798,0.7348880859278871,0.0,0.0,,,31,1.0
S027,S039,HQ_Anonymized,HQ_Anonymized,Floor_C,Floor_D,True,False,unknown,False,unknown,unknown,unknown,True,0.0565685424949238,0.8537497774476539,0.7286290322580645,7.696782787158082,7.66391180555555,1.874170475959593,0.0,0.0,,,31,1.0
S027,S040,HQ_Anonymized,HQ_Anonymized,Floor_C,Floor_D,True,False,unknown,False,unknown,unknown,unknown,True,0.4360045871318327,0.9751612133698868,0.8024193548387096,10.042271898753134,10.151220138888888,0.7674604085907677,0.0,0.0,,,31,1.0
S027,S041,HQ_Anonymized,HQ_Anonymized,Floor_C,Floor_D,True,False,unknown,False,unknown,unknown,unknown,True,0.8188406438373708,0.8601686361361881,0.8447580645161291,4.8491675898396815,4.874868055555552,1.8363298979362983,0.0,0.0,,,31,1.0
S027,S042,HQ_Anonymized,HQ_Anonymized,Floor_C,Floor_D,True,False,unknown,False,unknown,unknown,unknown,True,0.7655063683601855,0.1782512996090451,0.2600806451612903,4.8890324204142255,5.704425591016545,3.465923248283905,0.0,0.0,,,31,1.0
S027,S043,HQ_Anonymized,HQ_Anonymized,Floor_C,Floor_D,True,False,unknown,False,unknown,unknown,unknown,True,0.72691127381545,0.8371288597193107,0.65,5.9357064539508295,5.758200694444447,2.08182711554062,0.0,0.0,,,31,1.0
S027,S044,HQ_Anonymized,HQ_Anonymized,Floor_C,Floor_D,True,False,unknown,False,unknown,unknown,unknown,True,0.3640054944640258,0.9589808197502526,0.8379032258064517,9.229637483622176,9.019531447858476,1.1729959401964636,0.0,0.0,,,31,1.0
S027,S045,HQ_Anonymized,HQ_Anonymized,Floor_C,Floor_E,True,False,unknown,False,unknown,unknown,unknown,True,0.4580392996239514,0.977661087854997,0.8697580645161292,5.653658678937303,5.801909031302884,0.7457912307705995,0.0,0.0,,,31,1.0
S027,S046,HQ_Anonymized,HQ_Anonymized,Floor_C,Floor_E,True,False,unknown,False,unknown,unknown,unknown,True,0.3992492955535425,0.951096336810629,0.783467741935484,0.9019080640897926,0.6505951388888889,1.1820171958833725,0.0,0.0,,,31,1.0
S027,S047,HQ_Anonymized,HQ_Anonymized,Floor_C,Floor_E,True,False,unknown,False,unknown,unknown,unknown,True,0.69,0.91374892620692,0.7810901001112347,3.53592805260726,3.3771628472222237,1.8449516446744407,0.0,0.0,,,30,0.967741935483871
S027,S048,HQ_Anonymized,HQ_Anonymized,Floor_C,Floor_E,True,False,unknown,False,unknown,unknown,unknown,True,0.7409453421137081,0.9159355165609327,0.8439516129032258,2.105241832219693,2.12801982788595,1.4282441564164707,0.0,0.0,,,31,1.0
S027,S049,HQ_Anonymized,HQ_Anonymized,Floor_C,Floor_E,True,False,unknown,False,unknown,unknown,unknown,True,0.7040596565632773,0.9503856134778604,0.8483870967741935,7.17469907786329,7.503479861111103,1.6825119270006177,0.0,0.0,,,31,1.0
S027,S050,HQ_Anonymized,HQ_Anonymized,Floor_C,Floor_E,True,False,unknown,False,unknown,unknown,unknown,True,0.2707397274136176,0.8853493762917647,0.8048387096774194,3.750867367216741,3.200497222222218,2.4215487478362525,0.0,0.0,,,31,1.0
S027,S051,HQ_Anonymized,HQ_Anonymized,Floor_C,Floor_E,True,False,unknown,False,unknown,unknown,unknown,True,0.7605918747922568,0.9480228853439422,0.8512096774193548,4.659981358509288,5.051369133441504,2.255747413394909,0.0,0.0,,,31,1.0
S027,S052,HQ_Anonymized,HQ_Anonymized,Floor_C,Floor_E,True,False,unknown,False,unknown,unknown,unknown,True,0.7040596565632773,0.949269452115671,0.863709677419355,6.242858641233338,6.54923265800204,1.8568128440929388,0.0,0.0,,,31,1.0
S027,S053,HQ_Anonymized,HQ_Anonymized,Floor_C,Floor_E,True,False,unknown,False,unknown,unknown,unknown,True,0.4004996878900157,0.6091402633521663,0.5313043478260869,10.1207280856363,10.978063221153846,2.7870997732902825,0.0,0.0,,,24,0.7741935483870968
S027,S054,HQ_Anonymized,HQ_Anonymized,Floor_C,Floor_E,True,False,unknown,False,unknown,unknown,unknown,True,0.1414213562373094,0.9324500978870814,0.7995967741935484,5.429563885006205,5.136540277777783,1.4470095840198345,0.0,0.0,,,31,1.0
S027,S055,HQ_Anonymized,HQ_Anonymized,Floor_C,Floor_E,True,False,unknown,False,unknown,unknown,unknown,True,0.1513274595042155,0.96227537103276,0.8169354838709678,6.028963744579783,4.87643819444444,2.8656601016335284,0.0,0.0,,,31,1.0
S027,S056,HQ_Anonymized,HQ_Anonymized,Floor_C,Floor_E,True,False,unknown,False,unknown,unknown,unknown,True,0.3956008088970496,0.965541522199931,0.797983870967742,3.977797418081298,4.058451041666672,0.9361903429861028,0.0,0.0,,,31,1.0
S028,S029,HQ_Anonymized,HQ_Anonymized,Floor_C,Floor_C,True,True,unknown,False,unknown,unknown,unknown,False,0.7040596565632773,0.9717909826862704,0.9040322580645164,3.342043829587703,2.796902777777774,3.743699868396733,0.0,0.0,,,31,1.0
S028,S030,HQ_Anonymized,HQ_Anonymized,Floor_C,Floor_C,True,True,unknown,False,unknown,unknown,unknown,False,0.7484650960465691,0.9079867025897804,0.8233870967741936,4.99662941373614,4.708030623306236,0.9719279888130326,0.0,0.0,,,31,1.0
S028,S031,HQ_Anonymized,HQ_Anonymized,Floor_C,Floor_C,True,True,unknown,False,unknown,unknown,unknown,False,0.9343446901438462,0.9421753747380974,0.840725806451613,1.6054419745820256,0.8643895833333346,1.533632844180458,0.0,0.0,,,31,1.0
S028,S032,HQ_Anonymized,HQ_Anonymized,Floor_C,Floor_D,True,False,unknown,False,unknown,unknown,unknown,True,0.3214031735997639,0.9150846441897392,0.7754032258064516,2.748797165817701,2.5566180555555604,2.0731647272742006,0.0,0.0,,,31,1.0
S028,S033,HQ_Anonymized,HQ_Anonymized,Floor_C,Floor_D,True,False,unknown,False,unknown,unknown,unknown,True,0.0565685424949238,0.8778719912711305,0.8233870967741936,3.499553802399875,3.911993055555562,3.0920606111370628,0.0,0.0,,,31,1.0
S028,S034,HQ_Anonymized,HQ_Anonymized,Floor_C,Floor_D,True,False,unknown,False,unknown,unknown,unknown,True,0.7421590126111789,0.8946849718626849,0.8088709677419356,6.429179835577095,6.35622801328082,0.9153022124476142,0.0,0.0,,,31,1.0
S028,S035,HQ_Anonymized,HQ_Anonymized,Floor_C,Floor_D,True,False,unknown,False,unknown,unknown,unknown,True,0.7217340230306453,0.9005272583558445,0.7766129032258066,5.504966083951111,5.71522638888888,1.1062722639549183,0.0,0.0,,,31,1.0
S028,S036,HQ_Anonymized,HQ_Anonymized,Floor_C,Floor_D,True,False,unknown,False,unknown,unknown,unknown,True,0.3920459156782531,0.9290904347384098,0.7536290322580645,2.1546702524265897,1.994355357142858,2.239316944384877,0.0,0.0,,,31,1.0
S028,S037,HQ_Anonymized,HQ_Anonymized,Floor_C,Floor_D,True,False,unknown,False,unknown,unknown,unknown,True,0.3640054944640258,0.9495608667866408,0.7903225806451613,2.367116507073844,2.2864071428571435,2.44994437270878,0.0,0.0,,,31,1.0
S028,S038,HQ_Anonymized,HQ_Anonymized,Floor_C,Floor_D,True,False,unknown,False,unknown,unknown,unknown,True,0.233452350598575,0.9581848724507732,0.8153225806451615,2.831774684571118,2.1867680555555538,1.7200996836537727,0.0,0.0,,,31,1.0
S028,S039,HQ_Anonymized,HQ_Anonymized,Floor_C,Floor_D,True,False,unknown,False,unknown,unknown,unknown,True,0.10770329614269,0.8365051171745709,0.7189516129032258,3.7462814674379454,3.89569652777778,2.0873715556793018,0.0,0.0,,,31,1.0
S028,S040,HQ_Anonymized,HQ_Anonymized,Floor_C,Floor_D,True,False,unknown,False,unknown,unknown,unknown,True,0.5315072906367324,0.962163360183592,0.8197580645161291,5.94621798046669,6.044519642857146,1.4680593641752049,0.0,0.0,,,31,1.0
S028,S041,HQ_Anonymized,HQ_Anonymized,Floor_C,Floor_D,True,False,unknown,False,unknown,unknown,unknown,True,0.8940357934669059,0.8705757680832071,0.847983870967742,1.0739967872726457,0.729273611111104,1.216604841609273,0.0,0.0,,,31,1.0
S028,S042,HQ_Anonymized,HQ_Anonymized,Floor_C,Floor_D,True,False,unknown,False,unknown,unknown,unknown,True,0.82365041127896,0.2344467729526126,0.3939516129032258,8.98508633870067,9.249741666666672,2.1409518256714635,0.0,0.0,,,31,1.0
S028,S043,HQ_Anonymized,HQ_Anonymized,Floor_C,Floor_D,True,False,unknown,False,unknown,unknown,unknown,True,0.758946638440411,0.8547061982429284,0.7475806451612903,2.294490464213554,1.98167361111112,2.278397191810417,0.0,0.0,,,31,1.0
S028,S044,HQ_Anonymized,HQ_Anonymized,Floor_C,Floor_D,True,False,unknown,False,unknown,unknown,unknown,True,0.4243819034784589,0.9628819265307852,0.8895161290322581,5.133583565335734,5.141888305516915,0.8939990219591404,0.0,0.0,,,31,1.0
S028,S045,HQ_Anonymized,HQ_Anonymized,Floor_C,Floor_E,True,False,unknown,False,unknown,unknown,unknown,True,0.3921734310225515,0.9582354254713192,0.8165322580645162,1.65590718833024,1.8591029093160003,1.3843090394371198,0.0,0.0,,,31,1.0
S028,S046,HQ_Anonymized,HQ_Anonymized,Floor_C,Floor_E,True,False,unknown,False,unknown,unknown,unknown,True,0.4701063709417263,0.9480197228781796,0.8060483870967742,4.021146065642851,3.7039194444444448,1.966899389605552,0.0,0.0,,,31,1.0
S028,S047,HQ_Anonymized,HQ_Anonymized,Floor_C,Floor_E,True,False,unknown,False,unknown,unknown,unknown,True,0.7040596565632773,0.8958987433402321,0.8015572858731924,2.4284648787952654,1.997567708333332,2.6800349431480344,0.0,0.0,,,30,0.967741935483871
S028,S048,HQ_Anonymized,HQ_Anonymized,Floor_C,Floor_E,True,False,unknown,False,unknown,unknown,unknown,True,0.8026207074328445,0.9125059588905556,0.8447580645161291,2.114219132917748,1.810685416666665,1.8392902963725253,0.0,0.0,,,31,1.0
S028,S049,HQ_Anonymized,HQ_Anonymized,Floor_C,Floor_E,True,False,unknown,False,unknown,unknown,unknown,True,0.7446475676452585,0.9439772286941384,0.8193548387096775,3.3836086900427977,4.133193750000004,2.734297731464288,0.0,0.0,,,31,1.0
S028,S050,HQ_Anonymized,HQ_Anonymized,Floor_C,Floor_E,True,False,unknown,False,unknown,unknown,unknown,True,0.4104875150354758,0.8677604090359897,0.7673387096774195,2.5198098485607443,2.8091916666666705,3.260203189936072,0.0,0.0,,,31,1.0
S028,S051,HQ_Anonymized,HQ_Anonymized,Floor_C,Floor_E,True,False,unknown,False,unknown,unknown,unknown,True,0.7130918594402827,0.9254996028407196,0.8016129032258066,3.2148756289069227,3.245143055555559,3.4430704502067964,0.0,0.0,,,31,1.0
S028,S052,HQ_Anonymized,HQ_Anonymized,Floor_C,Floor_E,True,False,unknown,False,unknown,unknown,unknown,True,0.69,0.9331167282832143,0.8350806451612903,2.896265782147316,1.6918732860520151,2.971846590870055,0.0,0.0,,,31,1.0
S028,S053,HQ_Anonymized,HQ_Anonymized,Floor_C,Floor_E,True,False,unknown,False,unknown,unknown,unknown,True,0.5403702434442519,0.6033480730609243,0.4869565217391304,5.801860235164459,6.419726255910163,2.296468472508832,0.0,0.0,,,24,0.7741935483870968
S028,S054,HQ_Anonymized,HQ_Anonymized,Floor_C,Floor_E,True,False,unknown,False,unknown,unknown,unknown,True,0.280713376952364,0.9428603959070732,0.8705645161290323,1.967834820281364,1.6472888888888946,2.137558677011205,0.0,0.0,,,31,1.0
S028,S055,HQ_Anonymized,HQ_Anonymized,Floor_C,Floor_E,True,False,unknown,False,unknown,unknown,unknown,True,0.0223606797749979,0.9344568615095914,0.7612903225806452,3.912644295003688,3.394266666666674,4.187265000850336,0.0,0.0,,,31,1.0
S028,S056,HQ_Anonymized,HQ_Anonymized,Floor_C,Floor_E,True,False,unknown,False,unknown,unknown,unknown,True,0.37,0.9431605670279748,0.776209677419355,1.5451353708091604,1.5653491660855463,1.800887565501637,0.0,0.0,,,31,1.0
S029,S030,HQ_Anonymized,HQ_Anonymized,Floor_C,Floor_C,True,True,unknown,False,unknown,unknown,unknown,False,0.1499999999999999,0.924492736698372,0.7935483870967742,6.332431262191767,4.274052599621875,4.439147998813957,0.0,0.0,,,31,1.0
S029,S031,HQ_Anonymized,HQ_Anonymized,Floor_C,Floor_C,True,True,unknown,False,unknown,unknown,unknown,False,0.49,0.9374554282295812,0.8072580645161291,2.4171487188049605,2.455095138888886,2.849195846958812,0.0,0.0,,,31,1.0
S029,S032,HQ_Anonymized,HQ_Anonymized,Floor_C,Floor_D,True,False,unknown,False,unknown,unknown,unknown,True,0.3860051813123756,0.9173558316057164,0.7754032258064516,4.132501830663295,3.619713509054627,2.6957195822633317,0.0,0.0,,,31,1.0
S029,S033,HQ_Anonymized,HQ_Anonymized,Floor_C,Floor_D,True,False,unknown,False,unknown,unknown,unknown,True,0.7518643494673756,0.8896893982983866,0.8294354838709679,4.469511341664997,4.031150000000004,2.6250491905458317,0.0,0.0,,,31,1.0
S029,S034,HQ_Anonymized,HQ_Anonymized,Floor_C,Floor_D,True,False,unknown,False,unknown,unknown,unknown,True,0.321403173599764,0.90115519147071,0.8415322580645161,7.763922365881643,5.578797916666673,4.084872424546706,0.0,0.0,,,31,1.0
S029,S035,HQ_Anonymized,HQ_Anonymized,Floor_C,Floor_D,True,False,unknown,False,unknown,unknown,unknown,True,0.1923538406167134,0.91068021075382,0.8403225806451614,6.839708614255662,5.156671527777782,3.575999534654697,0.0,0.0,,,31,1.0
S029,S036,HQ_Anonymized,HQ_Anonymized,Floor_C,Floor_D,True,False,unknown,False,unknown,unknown,unknown,True,0.771621668954417,0.9303426746878865,0.7717741935483872,2.5639863938422485,1.9280937500000024,2.4589397233275254,0.0,0.0,,,31,1.0
S029,S037,HQ_Anonymized,HQ_Anonymized,Floor_C,Floor_D,True,False,unknown,False,unknown,unknown,unknown,True,0.3423448553724738,0.94799706131749,0.772983870967742,2.757382039615752,2.3168256944444465,2.1201603704542684,0.0,0.0,,,31,1.0
S029,S038,HQ_Anonymized,HQ_Anonymized,Floor_C,Floor_D,True,False,unknown,False,unknown,unknown,unknown,True,0.7355270219373317,0.9414204387940596,0.7225806451612904,2.599507489870656,2.3751677018633544,2.6259607088046577,0.0,0.0,,,31,1.0
S029,S039,HQ_Anonymized,HQ_Anonymized,Floor_C,Floor_D,True,False,unknown,False,unknown,unknown,unknown,True,0.7310950690573695,0.8576409018575628,0.7737903225806453,5.130913289857191,4.627420138888887,3.2557861050417958,0.0,0.0,,,31,1.0
S029,S040,HQ_Anonymized,HQ_Anonymized,Floor_C,Floor_D,True,False,unknown,False,unknown,unknown,unknown,True,0.4280186911806539,0.9564982463862816,0.8032258064516131,7.280960510771241,6.747823611111116,2.6991906179019702,0.0,0.0,,,31,1.0
S029,S041,HQ_Anonymized,HQ_Anonymized,Floor_C,Floor_D,True,False,unknown,False,unknown,unknown,unknown,True,0.3911521443121589,0.795384808217029,0.7669354838709678,3.327985374924865,2.25803333333333,4.027416269483395,0.0,0.0,,,31,1.0
S029,S042,HQ_Anonymized,HQ_Anonymized,Floor_C,Floor_D,True,False,unknown,False,unknown,unknown,unknown,True,0.2617250465660479,0.2135702335613577,0.2818548387096775,7.753480412338773,10.7533375,5.56901408505614,0.0,0.0,,,31,1.0
S029,S043,HQ_Anonymized,HQ_Anonymized,Floor_C,Floor_D,True,False,unknown,False,unknown,unknown,unknown,True,0.1044030650891054,0.8460307141930117,0.7165322580645161,3.604689420807644,3.379029166666662,3.218056793268524,0.0,0.0,,,31,1.0
S029,S044,HQ_Anonymized,HQ_Anonymized,Floor_C,Floor_D,True,False,unknown,False,unknown,unknown,unknown,True,0.354400902933387,0.9655179139073028,0.8887096774193549,6.468326095640283,4.9882798002203685,3.196385430283699,0.0,0.0,,,31,1.0
S029,S045,HQ_Anonymized,HQ_Anonymized,Floor_C,Floor_E,True,False,unknown,False,unknown,unknown,unknown,True,0.4186884283091663,0.9479324983335934,0.835483870967742,3.093258280608704,2.317577083333333,2.8436407000756967,0.0,0.0,,,31,1.0
S029,S046,HQ_Anonymized,HQ_Anonymized,Floor_C,Floor_E,True,False,unknown,False,unknown,unknown,unknown,True,0.3534119409414458,0.9434563068731868,0.8306451612903227,3.0385800898030064,2.74157847222223,2.464882493919438,0.0,0.0,,,31,1.0
S029,S047,HQ_Anonymized,HQ_Anonymized,Floor_C,Floor_E,True,False,unknown,False,unknown,unknown,unknown,True,0.0,0.908781499815312,0.8206896551724139,1.8946262056608896,1.1823187500000003,2.56328833738008,0.0,0.0,,,30,0.967741935483871
S029,S048,HQ_Anonymized,HQ_Anonymized,Floor_C,Floor_E,True,False,unknown,False,unknown,unknown,unknown,True,0.2699999999999999,0.9108611162754308,0.8693548387096774,2.607624311266553,2.466641666666675,2.895319691782612,0.0,0.0,,,31,1.0
S029,S049,HQ_Anonymized,HQ_Anonymized,Floor_C,Floor_E,True,False,unknown,False,unknown,unknown,unknown,True,0.1399999999999999,0.937373916197805,0.8657258064516129,4.418888381125636,4.485211111111113,2.1269990741853597,0.0,0.0,,,31,1.0
S029,S050,HQ_Anonymized,HQ_Anonymized,Floor_C,Floor_E,True,False,unknown,False,unknown,unknown,unknown,True,0.7596051605933177,0.8405761633830368,0.7693548387096776,2.712807803351587,2.2264604166666686,3.08885550151751,0.0,0.0,,,31,1.0
S029,S051,HQ_Anonymized,HQ_Anonymized,Floor_C,Floor_E,True,False,unknown,False,unknown,unknown,unknown,True,0.32,0.9134774455182516,0.8088709677419356,2.467914472074935,2.3867993055555488,2.319731432354024,0.0,0.0,,,31,1.0
S029,S052,HQ_Anonymized,HQ_Anonymized,Floor_C,Floor_E,True,False,unknown,False,unknown,unknown,unknown,True,0.14,0.9211594124965438,0.8338709677419357,3.6961352691407217,4.043520010436737,2.266212577006553,0.0,0.0,,,31,1.0
S029,S053,HQ_Anonymized,HQ_Anonymized,Floor_C,Floor_E,True,False,unknown,False,unknown,unknown,unknown,True,0.8149233092751734,0.6233092056608524,0.5321739130434783,7.613545812502281,7.205648260566189,4.404109937819789,0.0,0.0,,,24,0.7741935483870968
S029,S054,HQ_Anonymized,HQ_Anonymized,Floor_C,Floor_E,True,False,unknown,False,unknown,unknown,unknown,True,0.723671196055225,0.9215219311706302,0.8403225806451614,2.9917643249813013,2.295741666666672,2.5662175004430656,0.0,0.0,,,31,1.0
S029,S055,HQ_Anonymized,HQ_Anonymized,Floor_C,Floor_E,True,False,unknown,False,unknown,unknown,unknown,True,0.7256721022610694,0.9304909636729614,0.7911290322580647,3.395936477181607,3.682937500000001,2.212278568207232,0.0,0.0,,,31,1.0
S029,S056,HQ_Anonymized,HQ_Anonymized,Floor_C,Floor_E,True,False,unknown,False,unknown,unknown,unknown,True,0.3492849839314595,0.9298032677815564,0.7822580645161292,2.2984056504064103,1.5386751833992776,2.7023592040944515,0.0,0.0,,,31,1.0
S030,S031,HQ_Anonymized,HQ_Anonymized,Floor_C,Floor_C,True,True,unknown,False,unknown,unknown,unknown,False,0.3399999999999999,0.9358533797480568,0.835483870967742,6.369608427488676,5.748050516288544,2.0501076004555743,0.0,0.0,,,31,1.0
S030,S032,HQ_Anonymized,HQ_Anonymized,Floor_C,Floor_D,True,False,unknown,False,unknown,unknown,unknown,True,0.4522167621838004,0.9007456535412444,0.7737903225806453,2.7717219191264166,1.8987570121951196,2.58613664627861,0.0,0.0,,,31,1.0
S030,S033,HQ_Anonymized,HQ_Anonymized,Floor_C,Floor_D,True,False,unknown,False,unknown,unknown,unknown,True,0.8011242100947892,0.8184366904101449,0.7435483870967743,3.218100748968115,2.221606402737038,3.672600713125897,0.0,0.0,,,31,1.0
S030,S034,HQ_Anonymized,HQ_Anonymized,Floor_C,Floor_D,True,False,unknown,False,unknown,unknown,unknown,True,0.4709564735726647,0.876510305289943,0.7862903225806452,1.4626638560344087,1.5782744588253053,0.941481395523516,0.0,0.0,,,31,1.0
S030,S035,HQ_Anonymized,HQ_Anonymized,Floor_C,Floor_D,True,False,unknown,False,unknown,unknown,unknown,True,0.3413209633175202,0.8867516886312317,0.7721774193548389,1.3373116746560494,1.2221145742358033,1.4157608380030604,0.0,0.0,,,31,1.0
S030,S036,HQ_Anonymized,HQ_Anonymized,Floor_C,Floor_D,True,False,unknown,False,unknown,unknown,unknown,True,0.7368174807915457,0.9081528400384354,0.7314516129032259,4.030107379048858,2.857226192579496,2.7996220099017166,0.0,0.0,,,31,1.0
S030,S037,HQ_Anonymized,HQ_Anonymized,Floor_C,Floor_D,True,False,unknown,False,unknown,unknown,unknown,True,0.3894868418830089,0.9466590171581178,0.8169354838709678,3.79342035601986,2.607341238452662,3.0163960504712293,0.0,0.0,,,31,1.0
S030,S038,HQ_Anonymized,HQ_Anonymized,Floor_C,Floor_D,True,False,unknown,False,unknown,unknown,unknown,True,0.7324616030891995,0.9100857094705336,0.6725806451612905,7.824805083970341,6.933588897986418,2.3760967828811386,0.0,0.0,,,31,1.0
S030,S039,HQ_Anonymized,HQ_Anonymized,Floor_C,Floor_D,True,False,unknown,False,unknown,unknown,unknown,True,0.7543208866258444,0.8074308097015632,0.7076612903225807,2.25456238973749,1.8306650115473249,2.4836002666527404,0.0,0.0,,,31,1.0
S030,S040,HQ_Anonymized,HQ_Anonymized,Floor_C,Floor_D,True,False,unknown,False,unknown,unknown,unknown,True,0.3573513677041127,0.9427665479173444,0.775,1.9549998458029607,2.1494588335119644,2.060894073223798,0.0,0.0,,,31,1.0
S030,S041,HQ_Anonymized,HQ_Anonymized,Floor_C,Floor_D,True,False,unknown,False,unknown,unknown,unknown,True,0.2418677324489564,0.8051988931763973,0.7451612903225808,4.243515742182901,3.798493102589646,1.5741898580351097,0.0,0.0,,,31,1.0
S030,S042,HQ_Anonymized,HQ_Anonymized,Floor_C,Floor_D,True,False,unknown,False,unknown,unknown,unknown,True,0.1140175425099137,0.2574569825867794,0.3689516129032258,13.98171575243681,14.13559633838384,1.6311405021308905,0.0,0.0,,,31,1.0
S030,S043,HQ_Anonymized,HQ_Anonymized,Floor_C,Floor_D,True,False,unknown,False,unknown,unknown,unknown,True,0.0583095189484529,0.8071443126266229,0.6653225806451614,3.477225569449072,3.380133537510844,2.761399901292875,0.0,0.0,,,31,1.0
S030,S044,HQ_Anonymized,HQ_Anonymized,Floor_C,Floor_D,True,False,unknown,False,unknown,unknown,unknown,True,0.3436568055487916,0.9373448158822753,0.8016129032258066,1.2321051902229592,1.1005133092826895,1.4460552437895828,0.0,0.0,,,31,1.0
S030,S045,HQ_Anonymized,HQ_Anonymized,Floor_C,Floor_E,True,False,unknown,False,unknown,unknown,unknown,True,0.5280151512977633,0.9281825271436918,0.8048387096774194,3.439024653085281,2.731318125483888,1.985715783218254,0.0,0.0,,,31,1.0
S030,S046,HQ_Anonymized,HQ_Anonymized,Floor_C,Floor_E,True,False,unknown,False,unknown,unknown,unknown,True,0.3199999999999999,0.8864592497733407,0.7637096774193549,9.017775479378992,7.792752581468392,2.6359180452198148,0.0,0.0,,,31,1.0
S030,S047,HQ_Anonymized,HQ_Anonymized,Floor_C,Floor_E,True,False,unknown,False,unknown,unknown,unknown,True,0.1499999999999999,0.905016433602917,0.8166852057842046,5.870028623163736,5.820439689970851,3.1573803498552557,0.0,0.0,,,30,0.967741935483871
S030,S048,HQ_Anonymized,HQ_Anonymized,Floor_C,Floor_E,True,False,unknown,False,unknown,unknown,unknown,True,0.12,0.8435493191760868,0.8399193548387098,6.989417767083997,5.999499509733063,2.442821203110735,0.0,0.0,,,31,1.0
S030,S049,HQ_Anonymized,HQ_Anonymized,Floor_C,Floor_E,True,False,unknown,False,unknown,unknown,unknown,True,0.01,0.8621367321943664,0.751209677419355,3.049595956353556,2.1391283347084737,3.4481479343217565,0.0,0.0,,,31,1.0
S030,S050,HQ_Anonymized,HQ_Anonymized,Floor_C,Floor_E,True,False,unknown,False,unknown,unknown,unknown,True,0.7200694410957876,0.8005372461602169,0.6943548387096774,5.716170768032399,4.956947720357277,3.845282436792763,0.0,0.0,,,31,1.0
S030,S051,HQ_Anonymized,HQ_Anonymized,Floor_C,Floor_E,True,False,unknown,False,unknown,unknown,unknown,True,0.47,0.8892320536845019,0.7322580645161291,4.621129982689319,2.8306523495637776,4.054747927336206,0.0,0.0,,,31,1.0
S030,S052,HQ_Anonymized,HQ_Anonymized,Floor_C,Floor_E,True,False,unknown,False,unknown,unknown,unknown,True,0.29,0.8951925080776676,0.7774193548387097,3.649090893943991,2.858798387096776,3.5903355278600646,0.0,0.0,,,31,1.0
S030,S053,HQ_Anonymized,HQ_Anonymized,Floor_C,Floor_E,True,False,unknown,False,unknown,unknown,unknown,True,0.7527283706623525,0.5522456677189321,0.4617391304347825,1.97913129992551,1.78821468589463,2.394482874448693,0.0,0.0,,,24,0.7741935483870968
S030,S054,HQ_Anonymized,HQ_Anonymized,Floor_C,Floor_E,True,False,unknown,False,unknown,unknown,unknown,True,0.7100704190430692,0.8907149500382648,0.8080645161290323,3.7904793178513327,2.878659722222217,2.782229712254233,0.0,0.0,,,31,1.0
S030,S055,HQ_Anonymized,HQ_Anonymized,Floor_C,Floor_E,True,False,unknown,False,unknown,unknown,unknown,True,0.7707788269017254,0.9244321767482984,0.7971774193548389,4.692993721884812,3.5508609534321494,4.771581531262153,0.0,0.0,,,31,1.0
S030,S056,HQ_Anonymized,HQ_Anonymized,Floor_C,Floor_E,True,False,unknown,False,unknown,unknown,unknown,True,0.4318564576337836,0.921795814333916,0.7741935483870969,5.114885913941285,4.4276536067196375,2.3702584509485933,0.0,0.0,,,31,1.0
S031,S032,HQ_Anonymized,HQ_Anonymized,Floor_C,Floor_D,True,False,unknown,False,unknown,unknown,unknown,True,0.7049113419430844,0.9193002658466424,0.7870967741935484,3.956217622222564,4.400399147920936,1.4949094651016437,0.0,0.0,,,31,1.0
S031,S033,HQ_Anonymized,HQ_Anonymized,Floor_C,Floor_D,True,False,unknown,False,unknown,unknown,unknown,True,0.990858213873206,0.8286217060634742,0.7681451612903226,4.507747825112981,4.481735416666673,2.7184420006384014,0.0,0.0,,,31,1.0
S031,S034,HQ_Anonymized,HQ_Anonymized,Floor_C,Floor_D,True,False,unknown,False,unknown,unknown,unknown,True,0.8105553651663778,0.8962028033732847,0.8092741935483873,7.802158849329627,7.454165972222228,1.814553794591272,0.0,0.0,,,31,1.0
S031,S035,HQ_Anonymized,HQ_Anonymized,Floor_C,Floor_D,True,False,unknown,False,unknown,unknown,unknown,True,0.6806614430096655,0.90285198977619,0.7826612903225808,6.877945097703644,6.484527083333333,1.4970459369881517,0.0,0.0,,,31,1.0
S031,S036,HQ_Anonymized,HQ_Anonymized,Floor_C,Floor_D,True,False,unknown,False,unknown,unknown,unknown,True,0.768439978137525,0.9375208575232392,0.8358870967741936,2.36221781456622,2.380675000000004,1.4679848627445706,0.0,0.0,,,31,1.0
S031,S037,HQ_Anonymized,HQ_Anonymized,Floor_C,Floor_D,True,False,unknown,False,unknown,unknown,unknown,True,0.6296824596572467,0.9561048876563186,0.8245967741935485,2.7306699567554924,2.4691722222222268,1.5042564645591818,0.0,0.0,,,31,1.0
S031,S038,HQ_Anonymized,HQ_Anonymized,Floor_C,Floor_D,True,False,unknown,False,unknown,unknown,unknown,True,0.8324061508662703,0.9447480664245216,0.7846774193548387,1.5299183858723484,1.460952777777777,1.1754267191351235,0.0,0.0,,,31,1.0
S031,S039,HQ_Anonymized,HQ_Anonymized,Floor_C,Floor_D,True,False,unknown,False,unknown,unknown,unknown,True,0.9021086409075127,0.8223330121504664,0.6923387096774195,5.145490095885821,5.148788888888888,2.024848543433004,0.0,0.0,,,31,1.0
S031,S040,HQ_Anonymized,HQ_Anonymized,Floor_C,Floor_D,True,False,unknown,False,unknown,unknown,unknown,True,0.4104875150354758,0.9473326430701292,0.7830645161290324,7.319196994219223,7.432004968944092,1.075468176236389,0.0,0.0,,,31,1.0
S031,S041,HQ_Anonymized,HQ_Anonymized,Floor_C,Floor_D,True,False,unknown,False,unknown,unknown,unknown,True,0.1044030650891055,0.8386858973454112,0.7838709677419355,2.3322113424998325,1.8636607142857144,1.822054076004569,0.0,0.0,,,31,1.0
S031,S042,HQ_Anonymized,HQ_Anonymized,Floor_C,Floor_D,True,False,unknown,False,unknown,unknown,unknown,True,0.231948270094864,0.166116999363589,0.2391129032258064,7.612107324948135,8.12915069444444,3.3330838845197643,0.0,0.0,,,31,1.0
S031,S043,HQ_Anonymized,HQ_Anonymized,Floor_C,Floor_D,True,False,unknown,False,unknown,unknown,unknown,True,0.3911521443121589,0.8243891199110251,0.6935483870967744,3.401595975940217,3.490193750000003,2.139574246306628,0.0,0.0,,,31,1.0
S031,S044,HQ_Anonymized,HQ_Anonymized,Floor_C,Floor_D,True,False,unknown,False,unknown,unknown,unknown,True,0.5173973328110612,0.939588505588394,0.7939516129032258,6.506562579088266,6.402863766570874,1.207376224807243,0.0,0.0,,,31,1.0
S031,S045,HQ_Anonymized,HQ_Anonymized,Floor_C,Floor_E,True,False,unknown,False,unknown,unknown,unknown,True,0.824621125123532,0.9401982384220632,0.7955645161290323,2.951523290532424,3.116267361111113,1.1294200410495558,0.0,0.0,,,31,1.0
S031,S046,HQ_Anonymized,HQ_Anonymized,Floor_C,Floor_E,True,False,unknown,False,unknown,unknown,unknown,True,0.46690470119715,0.9247649040786594,0.7431451612903226,2.695114901352684,3.082271527777785,1.459501994956693,0.0,0.0,,,31,1.0
S031,S047,HQ_Anonymized,HQ_Anonymized,Floor_C,Floor_E,True,False,unknown,False,unknown,unknown,unknown,True,0.49,0.9132333324583086,0.8171301446051168,1.482231261158934,1.3037017361111047,1.9043938779314824,0.0,0.0,,,30,0.967741935483871
S031,S048,HQ_Anonymized,HQ_Anonymized,Floor_C,Floor_E,True,False,unknown,False,unknown,unknown,unknown,True,0.22,0.8854628875217742,0.7810483870967743,1.2620193960176689,0.8499347222222227,1.6403103120079894,0.0,0.0,,,31,1.0
S031,S049,HQ_Anonymized,HQ_Anonymized,Floor_C,Floor_E,True,False,unknown,False,unknown,unknown,unknown,True,0.35,0.9268413103517442,0.7798387096774194,4.451624173329379,4.111510416666661,1.962950944964197,0.0,0.0,,,31,1.0
S031,S050,HQ_Anonymized,HQ_Anonymized,Floor_C,Floor_E,True,False,unknown,False,unknown,unknown,unknown,True,0.7433034373659253,0.840701062380466,0.7294354838709678,1.9508745863387449,1.0896881944444416,2.756371787985639,0.0,0.0,,,31,1.0
S031,S051,HQ_Anonymized,HQ_Anonymized,Floor_C,Floor_E,True,False,unknown,False,unknown,unknown,unknown,True,0.81,0.9373736296193912,0.8370967741935486,2.554375162372716,2.3861777777777817,2.442575315295738,0.0,0.0,,,31,1.0
S031,S052,HQ_Anonymized,HQ_Anonymized,Floor_C,Floor_E,True,False,unknown,False,unknown,unknown,unknown,True,0.63,0.9384089835299766,0.8778225806451613,3.605229553785565,3.3575240079364974,2.040292597278269,0.0,0.0,,,31,1.0
S031,S053,HQ_Anonymized,HQ_Anonymized,Floor_C,Floor_E,True,False,unknown,False,unknown,unknown,unknown,True,0.7156814934033155,0.6069941651308474,0.4747826086956521,7.349162699687407,7.800255422576829,2.781461920910912,0.0,0.0,,,24,0.7741935483870968
S031,S054,HQ_Anonymized,HQ_Anonymized,Floor_C,Floor_E,True,False,unknown,False,unknown,unknown,unknown,True,0.791580697086532,0.9229207501095232,0.828225806451613,2.769118473559854,2.401200694444448,1.5623404410538848,0.0,0.0,,,31,1.0
S031,S055,HQ_Anonymized,HQ_Anonymized,Floor_C,Floor_E,True,False,unknown,False,unknown,unknown,unknown,True,0.9558765610684258,0.943733931404649,0.8169354838709678,3.468212271945516,2.2881426192232155,3.1184427252816604,0.0,0.0,,,31,1.0
S031,S056,HQ_Anonymized,HQ_Anonymized,Floor_C,Floor_E,True,False,unknown,False,unknown,unknown,unknown,True,0.7066116330771804,0.9465242254520944,0.8169354838709678,1.372637150890331,1.2911563909774415,1.1652435929062823,0.0,0.0,,,31,1.0
S032,S033,HQ_Anonymized,HQ_Anonymized,Floor_D,Floor_D,True,True,unknown,False,unknown,unknown,unknown,False,0.366742416417845,0.9188296424722948,0.9120967741935486,1.443072129992646,1.0367006944444483,1.951469508152092,0.0,0.0,,,31,1.0
S032,S034,HQ_Anonymized,HQ_Anonymized,Floor_D,Floor_D,True,True,unknown,False,unknown,unknown,unknown,False,0.4517742799230607,0.928774965452196,0.8604838709677419,3.845941227107065,3.4949142857142945,2.1409648684125218,0.0,0.0,,,31,1.0
S032,S035,HQ_Anonymized,HQ_Anonymized,Floor_D,Floor_D,True,True,unknown,False,unknown,unknown,unknown,False,0.4079215610874228,0.9427331513329904,0.8774193548387097,2.9339171260187165,2.5232821428571484,1.644153521161768,0.0,0.0,,,31,1.0
S032,S036,HQ_Anonymized,HQ_Anonymized,Floor_D,Floor_D,True,True,unknown,False,unknown,unknown,unknown,False,0.5091168824543142,0.953368213518514,0.8653225806451614,1.757371440405275,1.5382130853862035,1.2106051014601356,0.0,0.0,,,31,1.0
S032,S037,HQ_Anonymized,HQ_Anonymized,Floor_D,Floor_D,True,True,unknown,False,unknown,unknown,unknown,False,0.076157731058639,0.9455698473663748,0.8423387096774193,1.5580398179292625,1.5108027777777835,1.432962825927018,0.0,0.0,,,31,1.0
S032,S038,HQ_Anonymized,HQ_Anonymized,Floor_D,Floor_D,True,True,unknown,False,unknown,unknown,unknown,False,0.41182520563948,0.9450766539552236,0.815725806451613,5.41141427870423,5.466888194444444,1.2335029131265336,0.0,0.0,,,31,1.0
S032,S039,HQ_Anonymized,HQ_Anonymized,Floor_D,Floor_D,True,True,unknown,False,unknown,unknown,unknown,False,0.3667424164178449,0.879843038313574,0.8524193548387098,1.5985622133826254,1.5279201323168508,1.7999411544578283,0.0,0.0,,,31,1.0
S032,S040,HQ_Anonymized,HQ_Anonymized,Floor_D,Floor_D,True,True,unknown,False,unknown,unknown,unknown,False,0.3712142238654117,0.9347841774285384,0.755241935483871,3.3629793719966603,3.312438888888906,1.3555588567661905,0.0,0.0,,,31,1.0
S032,S041,HQ_Anonymized,HQ_Anonymized,Floor_D,Floor_D,True,True,unknown,False,unknown,unknown,unknown,False,0.6403124237432849,0.8371435905093407,0.7653225806451613,2.351798146193489,2.442712500000006,2.1780338964622263,0.0,0.0,,,31,1.0
S032,S042,HQ_Anonymized,HQ_Anonymized,Floor_D,Floor_D,True,True,unknown,False,unknown,unknown,unknown,False,0.5448853090330111,0.1054022339016887,0.0596774193548387,11.568324947170698,12.243129970169356,3.853491845549758,0.0,0.0,,,31,1.0
S032,S043,HQ_Anonymized,HQ_Anonymized,Floor_D,Floor_D,True,True,unknown,False,unknown,unknown,unknown,False,0.4517742799230607,0.8051317216615274,0.672983870967742,1.7536164659450282,1.527144387150301,2.35292921903252,0.0,0.0,,,31,1.0
S032,S044,HQ_Anonymized,HQ_Anonymized,Floor_D,Floor_D,True,True,unknown,False,unknown,unknown,unknown,False,0.2121320343559642,0.9109711721281964,0.7419354838709679,2.622917463944705,2.3379159404839243,1.7344537569781049,0.0,0.0,,,31,1.0
S032,S045,HQ_Anonymized,HQ_Anonymized,Floor_D,Floor_E,True,False,unknown,False,unknown,unknown,unknown,True,0.1676305461424021,0.9455901572441134,0.8717741935483871,1.3209947900311088,0.9513125000000002,1.2777855292966094,0.0,0.0,,,31,1.0
S032,S046,HQ_Anonymized,HQ_Anonymized,Floor_D,Floor_E,True,False,unknown,False,unknown,unknown,unknown,True,0.2647640458974745,0.9263580592844308,0.8205645161290324,6.604384674112881,6.647988194444437,1.4525522623739149,0.0,0.0,,,31,1.0
S032,S047,HQ_Anonymized,HQ_Anonymized,Floor_D,Floor_E,True,False,unknown,False,unknown,unknown,unknown,True,0.3860051813123756,0.8915460309267683,0.7748609566184649,3.4761397455226395,2.9817103181502027,1.984745059304154,0.0,0.0,,,30,0.967741935483871
S032,S048,HQ_Anonymized,HQ_Anonymized,Floor_D,Floor_E,True,False,unknown,False,unknown,unknown,unknown,True,0.5303772242470447,0.8932588876770635,0.8258064516129033,4.589201155366273,4.601376388888888,1.7017180638612837,0.0,0.0,,,31,1.0
S032,S049,HQ_Anonymized,HQ_Anonymized,Floor_D,Floor_E,True,False,unknown,False,unknown,unknown,unknown,True,0.4465422712353221,0.911130444600422,0.7870967741935484,1.5101581225465193,1.1363041666666618,1.9295719618306264,0.0,0.0,,,31,1.0
S032,S050,HQ_Anonymized,HQ_Anonymized,Floor_D,Floor_E,True,False,unknown,False,unknown,unknown,unknown,True,0.5099019513592784,0.8624796847043947,0.8104838709677421,3.4561196214535985,3.587324305555548,2.503000890645271,0.0,0.0,,,31,1.0
S032,S051,HQ_Anonymized,HQ_Anonymized,Floor_D,Floor_E,True,False,unknown,False,unknown,unknown,unknown,True,0.425440947723653,0.9184134924194248,0.8387096774193549,2.480521801524935,2.1809262798306364,2.3247425702515634,0.0,0.0,,,31,1.0
S032,S052,HQ_Anonymized,HQ_Anonymized,Floor_D,Floor_E,True,False,unknown,False,unknown,unknown,unknown,True,0.3712142238654117,0.9330574275150918,0.8258064516129033,1.507488769906288,1.2065008764832754,1.856860840612898,0.0,0.0,,,31,1.0
S032,S053,HQ_Anonymized,HQ_Anonymized,Floor_D,Floor_E,True,False,unknown,False,unknown,unknown,unknown,True,0.6129437168288782,0.4913715884208152,0.3965217391304347,4.273397701962685,5.041964842132508,3.4559453101231905,0.0,0.0,,,24,0.7741935483870968
S032,S054,HQ_Anonymized,HQ_Anonymized,Floor_D,Floor_E,True,False,unknown,False,unknown,unknown,unknown,True,0.4220189569201838,0.9033522475824448,0.7858870967741937,1.6600615249179609,1.5278142034990765,1.7080357225823466,0.0,0.0,,,31,1.0
S032,S055,HQ_Anonymized,HQ_Anonymized,Floor_D,Floor_E,True,False,unknown,False,unknown,unknown,unknown,True,0.3423448553724738,0.9461311058161852,0.8536290322580645,2.5329236210659425,2.377272049689438,2.7506365947924163,0.0,0.0,,,31,1.0
S032,S056,HQ_Anonymized,HQ_Anonymized,Floor_D,Floor_E,True,False,unknown,False,unknown,unknown,unknown,True,0.058309518948453,0.9504490468514796,0.8620967741935485,2.701495108675175,2.43423412698413,1.1732370576233673,0.0,0.0,,,31,1.0
S033,S034,HQ_Anonymized,HQ_Anonymized,Floor_D,Floor_D,True,True,unknown,False,unknown,unknown,unknown,False,0.7727871634544663,0.8728388090615162,0.8116935483870968,3.624198452357704,3.37986875,3.2180851536275465,0.0,0.0,,,31,1.0
S033,S035,HQ_Anonymized,HQ_Anonymized,Floor_D,Floor_D,True,True,unknown,False,unknown,unknown,unknown,False,0.7600657866263946,0.8891240246093677,0.835483870967742,2.885761699113961,2.754895833333336,2.754565526424169,0.0,0.0,,,31,1.0
S033,S036,HQ_Anonymized,HQ_Anonymized,Floor_D,Floor_D,True,True,unknown,False,unknown,unknown,unknown,False,0.43,0.9055925984484005,0.8673387096774194,2.1672889922694187,1.693622222222224,2.02419359229619,0.0,0.0,,,31,1.0
S033,S037,HQ_Anonymized,HQ_Anonymized,Floor_D,Floor_D,True,True,unknown,False,unknown,unknown,unknown,False,0.4143669871020132,0.8508652654388275,0.753225806451613,1.995281676601216,1.1440229166666782,2.5003781406742984,0.0,0.0,,,31,1.0
S033,S038,HQ_Anonymized,HQ_Anonymized,Floor_D,Floor_D,True,True,unknown,False,unknown,unknown,unknown,False,0.27,0.8971340085018279,0.815725806451613,5.96294448159465,5.667499305555552,2.1920340675158405,0.0,0.0,,,31,1.0
S033,S039,HQ_Anonymized,HQ_Anonymized,Floor_D,Floor_D,True,True,unknown,False,unknown,unknown,unknown,False,0.14,0.834602986969615,0.8814516129032259,2.140459653861384,1.814148611111108,2.6475297709930024,0.0,0.0,,,31,1.0
S033,S040,HQ_Anonymized,HQ_Anonymized,Floor_D,Floor_D,True,True,unknown,False,unknown,unknown,unknown,False,0.587962583843564,0.8691211822002131,0.7463709677419356,3.3241714809342,3.6193819444444486,2.4664029098148235,0.0,0.0,,,31,1.0
S033,S041,HQ_Anonymized,HQ_Anonymized,Floor_D,Floor_D,True,True,unknown,False,unknown,unknown,unknown,False,0.95,0.7394408422146467,0.7245967741935485,3.3197409623433307,3.1593104166666706,3.3464484554823795,0.0,0.0,,,31,1.0
S033,S042,HQ_Anonymized,HQ_Anonymized,Floor_D,Floor_D,True,True,unknown,False,unknown,unknown,unknown,False,0.8781799360040059,0.2358711723107824,0.1903225806451613,12.119855150061117,13.91636597222223,4.597745293120533,0.0,0.0,,,31,1.0
S033,S043,HQ_Anonymized,HQ_Anonymized,Floor_D,Floor_D,True,True,unknown,False,unknown,unknown,unknown,False,0.8099382692526635,0.7761964135540586,0.7169354838709678,2.388469659742429,1.6965305555555543,2.9827266702266324,0.0,0.0,,,31,1.0
S033,S044,HQ_Anonymized,HQ_Anonymized,Floor_D,Floor_D,True,True,unknown,False,unknown,unknown,unknown,False,0.4801041553663122,0.8620915564145343,0.7439516129032259,2.8674486892904243,2.58048889913718,2.777028122463572,0.0,0.0,,,31,1.0
S033,S045,HQ_Anonymized,HQ_Anonymized,Floor_D,Floor_E,True,False,unknown,False,unknown,unknown,unknown,True,0.4197618372363071,0.8643353286821117,0.7879032258064517,2.138381122441072,1.5752611111111108,2.53295081314212,0.0,0.0,,,31,1.0
S033,S046,HQ_Anonymized,HQ_Anonymized,Floor_D,Floor_E,True,False,unknown,False,unknown,unknown,unknown,True,0.5263078946776307,0.843663691521661,0.7455645161290323,7.1559148770033,6.615571527777775,2.545976480378925,0.0,0.0,,,31,1.0
S033,S047,HQ_Anonymized,HQ_Anonymized,Floor_D,Floor_E,True,False,unknown,False,unknown,unknown,unknown,True,0.7518643494673756,0.7552738233634428,0.7174638487208009,4.052862252129161,3.135327460748787,3.238930535950599,0.0,0.0,,,30,0.967741935483871
S033,S048,HQ_Anonymized,HQ_Anonymized,Floor_D,Floor_E,True,False,unknown,False,unknown,unknown,unknown,True,0.8575546629807338,0.8141893319478946,0.7725806451612904,5.244216035676046,4.857909722222239,2.7669808772417395,0.0,0.0,,,31,1.0
S033,S049,HQ_Anonymized,HQ_Anonymized,Floor_D,Floor_E,True,False,unknown,False,unknown,unknown,unknown,True,0.797057087039567,0.8349023115436898,0.7528225806451614,1.929869236614072,1.3843791666666618,2.678345485505484,0.0,0.0,,,31,1.0
S033,S050,HQ_Anonymized,HQ_Anonymized,Floor_D,Floor_E,True,False,unknown,False,unknown,unknown,unknown,True,0.4504442251822083,0.782265662433891,0.783467741935484,3.995051733397895,4.152167361111111,3.1708056000147486,0.0,0.0,,,31,1.0
S033,S051,HQ_Anonymized,HQ_Anonymized,Floor_D,Floor_E,True,False,unknown,False,unknown,unknown,unknown,True,0.7433034373659252,0.8257459073742782,0.7536290322580645,2.9451355019619747,2.067358333333331,2.9862601670263014,0.0,0.0,,,31,1.0
S033,S052,HQ_Anonymized,HQ_Anonymized,Floor_D,Floor_E,True,False,unknown,False,unknown,unknown,unknown,True,0.7310950690573695,0.818716086998096,0.7725806451612904,1.8547816807318664,0.9951735392720308,2.8656796873167414,0.0,0.0,,,31,1.0
S033,S053,HQ_Anonymized,HQ_Anonymized,Floor_D,Floor_E,True,False,unknown,False,unknown,unknown,unknown,True,0.5803447251418764,0.4718748012071384,0.3765217391304347,4.477907656207841,4.727867310934862,4.34876206347421,0.0,0.0,,,24,0.7741935483870968
S033,S054,HQ_Anonymized,HQ_Anonymized,Floor_D,Floor_E,True,False,unknown,False,unknown,unknown,unknown,True,0.3206243908376279,0.818869522443849,0.7540322580645162,2.314785766707152,1.5399673611111098,2.71529298033979,0.0,0.0,,,31,1.0
S033,S055,HQ_Anonymized,HQ_Anonymized,Floor_D,Floor_E,True,False,unknown,False,unknown,unknown,unknown,True,0.0360555127546399,0.8772074879030386,0.8447580645161291,2.156175928933452,1.366718055555566,2.9520336266623097,0.0,0.0,,,31,1.0
S033,S056,HQ_Anonymized,HQ_Anonymized,Floor_D,Floor_E,True,False,unknown,False,unknown,unknown,unknown,True,0.4119465984809196,0.8424289227418461,0.7641129032258065,3.2530253115655934,2.985618994122099,2.5768795612180297,0.0,0.0,,,31,1.0
S034,S035,HQ_Anonymized,HQ_Anonymized,Floor_D,Floor_D,True,True,unknown,False,unknown,unknown,unknown,False,0.13,0.9904539097668352,0.9806451612903228,0.9273937706057104,0.8543930555555477,0.6849539440544113,0.0,0.0,,,31,1.0
S034,S036,HQ_Anonymized,HQ_Anonymized,Floor_D,Floor_D,True,True,unknown,False,unknown,unknown,unknown,False,0.95,0.9410612334381464,0.769758064516129,5.452596590318965,4.714435714285727,2.3241029191158864,0.0,0.0,,,31,1.0
S034,S037,HQ_Anonymized,HQ_Anonymized,Floor_D,Floor_D,True,True,unknown,False,unknown,unknown,unknown,False,0.4640043103248072,0.9294860831273062,0.8258064516129033,5.128651571785605,3.917211805555553,2.648347977845628,0.0,0.0,,,31,1.0
S034,S038,HQ_Anonymized,HQ_Anonymized,Floor_D,Floor_D,True,True,unknown,False,unknown,unknown,unknown,False,0.8635392289873113,0.9220857325626474,0.7818548387096774,9.257355505811294,8.833320833333332,1.9792755507556072,0.0,0.0,,,31,1.0
S034,S039,HQ_Anonymized,HQ_Anonymized,Floor_D,Floor_D,True,True,unknown,False,unknown,unknown,unknown,False,0.8099382692526635,0.8343938531862983,0.7483870967741937,3.0144451419885,2.964432142857156,2.165169601488072,0.0,0.0,,,31,1.0
S034,S040,HQ_Anonymized,HQ_Anonymized,Floor_D,Floor_D,True,True,unknown,False,unknown,unknown,unknown,False,0.6879680225126746,0.9161548259033124,0.7915322580645163,1.510635758853727,1.354990972222211,1.769357685382946,0.0,0.0,,,31,1.0
S034,S041,HQ_Anonymized,HQ_Anonymized,Floor_D,Floor_D,True,True,unknown,False,unknown,unknown,unknown,False,0.71,0.8696748409965577,0.805241935483871,5.676066164023856,5.693651388888881,1.243687777107137,0.0,0.0,,,31,1.0
S034,S042,HQ_Anonymized,HQ_Anonymized,Floor_D,Floor_D,True,True,unknown,False,unknown,unknown,unknown,False,0.5800000000000001,0.027375235757567,0.0403225806451612,15.414266174277762,15.388633333333338,2.2448356532064166,0.0,0.0,,,31,1.0
S034,S043,HQ_Anonymized,HQ_Anonymized,Floor_D,Floor_D,True,True,unknown,False,unknown,unknown,unknown,False,0.42,0.7688512426478729,0.644758064516129,4.820908461736852,4.044199983592009,2.610182582872307,0.0,0.0,,,31,1.0
S034,S044,HQ_Anonymized,HQ_Anonymized,Floor_D,Floor_D,True,True,unknown,False,unknown,unknown,unknown,False,0.5597320787662612,0.9011025293524072,0.8649193548387099,1.400185661378891,0.9969939595889344,1.2719549397824024,0.0,0.0,,,31,1.0
S034,S045,HQ_Anonymized,HQ_Anonymized,Floor_D,Floor_E,True,False,unknown,False,unknown,unknown,unknown,True,0.3535533905932737,0.9270825288069852,0.8500000000000001,4.871575074926234,4.365746674258347,1.6290289848836124,0.0,0.0,,,31,1.0
S034,S046,HQ_Anonymized,HQ_Anonymized,Floor_D,Floor_E,True,False,unknown,False,unknown,unknown,unknown,True,0.5860034129593445,0.8983574434290766,0.7883064516129034,10.450325901219946,9.77256111111111,2.2596446712638096,0.0,0.0,,,31,1.0
S034,S047,HQ_Anonymized,HQ_Anonymized,Floor_D,Floor_E,True,False,unknown,False,unknown,unknown,unknown,True,0.321403173599764,0.8922764758793001,0.825139043381535,7.322598405724457,7.153280894573783,2.806614213553352,0.0,0.0,,,30,0.967741935483871
S034,S048,HQ_Anonymized,HQ_Anonymized,Floor_D,Floor_E,True,False,unknown,False,unknown,unknown,unknown,True,0.5907622195096772,0.884613285126846,0.833467741935484,8.42196818892495,7.814372916666663,2.036975178482201,0.0,0.0,,,31,1.0
S034,S049,HQ_Anonymized,HQ_Anonymized,Floor_D,Floor_E,True,False,unknown,False,unknown,unknown,unknown,True,0.4609772228646444,0.89452997150455,0.8165322580645162,3.44631384521996,1.77706805555556,3.015166900993656,0.0,0.0,,,31,1.0
S034,S050,HQ_Anonymized,HQ_Anonymized,Floor_D,Floor_E,True,False,unknown,False,unknown,unknown,unknown,True,0.9464142856064676,0.8327112294960954,0.7822580645161292,6.974851272886745,7.190997916666667,3.4645300030087696,0.0,0.0,,,31,1.0
S034,S051,HQ_Anonymized,HQ_Anonymized,Floor_D,Floor_E,True,False,unknown,False,unknown,unknown,unknown,True,0.03,0.8955214219254555,0.8250000000000002,5.86525239535425,4.313005555555563,3.6579947496967296,0.0,0.0,,,31,1.0
S034,S052,HQ_Anonymized,HQ_Anonymized,Floor_D,Floor_E,True,False,unknown,False,unknown,unknown,unknown,True,0.1824828759089466,0.8978155182658478,0.8225806451612904,4.284991488238224,4.925725308651103,3.205712881310473,0.0,0.0,,,31,1.0
S034,S053,HQ_Anonymized,HQ_Anonymized,Floor_D,Floor_E,True,False,unknown,False,unknown,unknown,unknown,True,1.0324727599312244,0.5447839789841273,0.477391304347826,1.8755621058133785,1.1380348787984218,2.430631854038368,0.0,0.0,,,24,0.7741935483870968
S034,S054,HQ_Anonymized,HQ_Anonymized,Floor_D,Floor_E,True,False,unknown,False,unknown,unknown,unknown,True,0.8713208364316786,0.875269006437942,0.8020161290322582,5.106471705774896,5.07619722222222,2.4790381854905617,0.0,0.0,,,31,1.0
S034,S055,HQ_Anonymized,HQ_Anonymized,Floor_D,Floor_E,True,False,unknown,False,unknown,unknown,unknown,True,0.7592759709091287,0.9020418047362108,0.7887096774193549,4.9390334137235765,5.166023352999012,4.410918330810642,0.0,0.0,,,31,1.0
S034,S056,HQ_Anonymized,HQ_Anonymized,Floor_D,Floor_E,True,False,unknown,False,unknown,unknown,unknown,True,0.3935733730830885,0.916008066053425,0.835483870967742,6.54743633578224,6.652336145851997,2.017908719277237,0.0,0.0,,,31,1.0
S035,S036,HQ_Anonymized,HQ_Anonymized,Floor_D,Floor_D,True,True,unknown,False,unknown,unknown,unknown,False,0.8781799360040059,0.9494524568020356,0.7915322580645163,4.528382838692981,4.213041666666662,1.8131468432652371,0.0,0.0,,,31,1.0
S035,S037,HQ_Anonymized,HQ_Anonymized,Floor_D,Floor_D,True,True,unknown,False,unknown,unknown,unknown,False,0.3992492955535425,0.9390438065339506,0.8185483870967744,4.2044378201596215,3.462526388888889,2.139469770073073,0.0,0.0,,,31,1.0
S035,S038,HQ_Anonymized,HQ_Anonymized,Floor_D,Floor_D,True,True,unknown,False,unknown,unknown,unknown,False,0.8099382692526635,0.9414696149148234,0.7544354838709678,8.333141754185311,8.238250694444446,1.48587694848514,0.0,0.0,,,31,1.0
S035,S039,HQ_Anonymized,HQ_Anonymized,Floor_D,Floor_D,True,True,unknown,False,unknown,unknown,unknown,False,0.7746612162745725,0.8638110499607409,0.7806451612903227,2.1427929943051693,2.087543750000009,1.81907047161768,0.0,0.0,,,31,1.0
S035,S040,HQ_Anonymized,HQ_Anonymized,Floor_D,Floor_D,True,True,unknown,False,unknown,unknown,unknown,False,0.5825804665451804,0.930638974440353,0.780241935483871,1.2421595324825416,1.217841666666665,1.3550983058112716,0.0,0.0,,,31,1.0
S035,S041,HQ_Anonymized,HQ_Anonymized,Floor_D,Floor_D,True,True,unknown,False,unknown,unknown,unknown,False,0.5800000000000001,0.8579086185049762,0.7491935483870967,4.751852412397874,4.9425375,1.323618569650587,0.0,0.0,,,31,1.0
S035,S042,HQ_Anonymized,HQ_Anonymized,Floor_D,Floor_D,True,True,unknown,False,unknown,unknown,unknown,False,0.45,0.0138232820867144,0.0040322580645161,14.49005242265178,14.860332638888885,2.789695028457853,0.0,0.0,,,31,1.0
S035,S043,HQ_Anonymized,HQ_Anonymized,Floor_D,Floor_D,True,True,unknown,False,unknown,unknown,unknown,False,0.29,0.7772518758212702,0.6536290322580646,3.910343186813378,3.377737499999995,2.406304086725845,0.0,0.0,,,31,1.0
S035,S044,HQ_Anonymized,HQ_Anonymized,Floor_D,Floor_D,True,True,unknown,False,unknown,unknown,unknown,False,0.4701063709417263,0.9102054864481932,0.8350806451612903,0.885175916680544,0.5724590452847877,1.1089481586704155,0.0,0.0,,,31,1.0
S035,S045,HQ_Anonymized,HQ_Anonymized,Floor_D,Floor_E,True,False,unknown,False,unknown,unknown,unknown,True,0.3590264614203248,0.9433788772565744,0.8403225806451614,3.947361323300252,3.698764583333329,1.1920347218054077,0.0,0.0,,,31,1.0
S035,S046,HQ_Anonymized,HQ_Anonymized,Floor_D,Floor_E,True,False,unknown,False,unknown,unknown,unknown,True,0.4879549159502341,0.920353643087094,0.8104838709677421,9.526112149593963,9.068286805555566,1.7858149527789695,0.0,0.0,,,31,1.0
S035,S047,HQ_Anonymized,HQ_Anonymized,Floor_D,Floor_E,True,False,unknown,False,unknown,unknown,unknown,True,0.1923538406167134,0.8982029862680049,0.796662958843159,6.399965267139512,6.133171180555561,2.3751970869277965,0.0,0.0,,,30,0.967741935483871
S035,S048,HQ_Anonymized,HQ_Anonymized,Floor_D,Floor_E,True,False,unknown,False,unknown,unknown,unknown,True,0.4609772228646444,0.8859758483396085,0.8266129032258065,7.497754437298967,6.970734027777773,1.734062730038258,0.0,0.0,,,31,1.0
S035,S049,HQ_Anonymized,HQ_Anonymized,Floor_D,Floor_E,True,False,unknown,False,unknown,unknown,unknown,True,0.3313608305156178,0.9086302209933936,0.8145161290322581,2.61488230430258,1.5055847222222098,2.5340707015306285,0.0,0.0,,,31,1.0
S035,S050,HQ_Anonymized,HQ_Anonymized,Floor_D,Floor_E,True,False,unknown,False,unknown,unknown,unknown,True,0.8713208364316786,0.8550058655356163,0.8004032258064517,6.065876828569203,6.33234097222222,3.0269124881754474,0.0,0.0,,,31,1.0
S035,S051,HQ_Anonymized,HQ_Anonymized,Floor_D,Floor_E,True,False,unknown,False,unknown,unknown,unknown,True,0.1334166406412633,0.906697249023496,0.8024193548387096,4.941038643728268,4.026794444444448,3.162162874628534,0.0,0.0,,,31,1.0
S035,S052,HQ_Anonymized,HQ_Anonymized,Floor_D,Floor_E,True,False,unknown,False,unknown,unknown,unknown,True,0.058309518948453,0.908066811127924,0.7935483870967742,3.4209438208791405,3.7761388001253096,2.726973865906511,0.0,0.0,,,31,1.0
S035,S053,HQ_Anonymized,HQ_Anonymized,Floor_D,Floor_E,True,False,unknown,False,unknown,unknown,unknown,True,0.9464142856064676,0.5497902880711942,0.4460869565217391,2.093115054988606,1.7590680331541186,2.5911000113652536,0.0,0.0,,,24,0.7741935483870968
S035,S054,HQ_Anonymized,HQ_Anonymized,Floor_D,Floor_E,True,False,unknown,False,unknown,unknown,unknown,True,0.8102468759581859,0.8959818758316661,0.8008064516129033,4.196766153073642,3.9360249999999937,2.042728855549808,0.0,0.0,,,31,1.0
S035,S055,HQ_Anonymized,HQ_Anonymized,Floor_D,Floor_E,True,False,unknown,False,unknown,unknown,unknown,True,0.7410802925459562,0.9196031372961851,0.7790322580645163,4.20296540582519,4.809435714285719,3.862827285236462,0.0,0.0,,,31,1.0
S035,S056,HQ_Anonymized,HQ_Anonymized,Floor_D,Floor_E,True,False,unknown,False,unknown,unknown,unknown,True,0.3535533905932737,0.9358847844205056,0.840725806451613,5.623222584156259,5.499702638307767,1.5350280876489044,0.0,0.0,,,31,1.0
S036,S037,HQ_Anonymized,HQ_Anonymized,Floor_D,Floor_D,True,True,unknown,False,unknown,unknown,unknown,False,0.4860041152089147,0.9546783383806824,0.8346774193548387,0.9873004819786712,0.8024486111111102,1.286041149281263,0.0,0.0,,,31,1.0
S036,S038,HQ_Anonymized,HQ_Anonymized,Floor_D,Floor_D,True,True,unknown,False,unknown,unknown,unknown,False,0.1599999999999999,0.965876077726102,0.8471774193548388,3.804758915492331,3.740154166666663,1.078917900440042,0.0,0.0,,,31,1.0
S036,S039,HQ_Anonymized,HQ_Anonymized,Floor_D,Floor_D,True,True,unknown,False,unknown,unknown,unknown,False,0.29,0.8707254779216573,0.8116935483870968,2.9185327203877014,2.8227006944444426,1.9711326869100496,0.0,0.0,,,31,1.0
S036,S040,HQ_Anonymized,HQ_Anonymized,Floor_D,Floor_D,True,True,unknown,False,unknown,unknown,unknown,False,0.3901281840626232,0.9572387437612396,0.8274193548387099,4.969634735208561,4.876444444444445,1.2669226935958184,0.0,0.0,,,31,1.0
S036,S041,HQ_Anonymized,HQ_Anonymized,Floor_D,Floor_D,True,True,unknown,False,unknown,unknown,unknown,False,0.7727871634544663,0.8520004017272969,0.7584677419354839,2.0012098105757032,1.95627430555556,2.303681970614881,0.0,0.0,,,31,1.0
S036,S042,HQ_Anonymized,HQ_Anonymized,Floor_D,Floor_D,True,True,unknown,False,unknown,unknown,unknown,False,0.7600657866263946,0.0592385536281336,-0.0314516129032258,9.961669583958798,11.438892229729738,4.1329081731623925,0.0,0.0,,,31,1.0
S036,S043,HQ_Anonymized,HQ_Anonymized,Floor_D,Floor_D,True,True,unknown,False,unknown,unknown,unknown,False,0.7746612162745725,0.8427363363213263,0.7810483870967743,1.6125252007671291,1.0252743055555626,2.1919743562567278,0.0,0.0,,,31,1.0
S036,S044,HQ_Anonymized,HQ_Anonymized,Floor_D,Floor_D,True,True,unknown,False,unknown,unknown,unknown,False,0.4178516483155235,0.9292572597506842,0.7258064516129034,4.157000320077603,3.9577395018621857,1.8162965095961343,0.0,0.0,,,31,1.0
S036,S045,HQ_Anonymized,HQ_Anonymized,Floor_D,Floor_E,True,False,unknown,False,unknown,unknown,unknown,True,0.6621933252457322,0.9568932754312588,0.8504032258064517,1.159570343842492,0.9691319444444416,1.3192100685496122,0.0,0.0,,,31,1.0
S036,S046,HQ_Anonymized,HQ_Anonymized,Floor_D,Floor_E,True,False,unknown,False,unknown,unknown,unknown,True,0.4220189569201839,0.9333275096458996,0.7943548387096776,4.997729310900981,5.027795138888884,1.440032032829184,0.0,0.0,,,31,1.0
S036,S047,HQ_Anonymized,HQ_Anonymized,Floor_D,Floor_E,True,False,unknown,False,unknown,unknown,unknown,True,0.771621668954417,0.9046578603163676,0.7846496106785317,1.864930279162132,1.551971527777784,1.8695336422386963,0.0,0.0,,,30,0.967741935483871
S036,S048,HQ_Anonymized,HQ_Anonymized,Floor_D,Floor_E,True,False,unknown,False,unknown,unknown,unknown,True,0.7302739212103907,0.8992378629368619,0.772983870967742,3.1960388925127954,3.4039055555555464,1.7562105466220814,0.0,0.0,,,31,1.0
S036,S049,HQ_Anonymized,HQ_Anonymized,Floor_D,Floor_E,True,False,unknown,False,unknown,unknown,unknown,True,0.7382411530116699,0.9274523153881996,0.8145161290322581,2.305839116894465,1.909493749999996,1.7296063972266382,0.0,0.0,,,31,1.0
S036,S050,HQ_Anonymized,HQ_Anonymized,Floor_D,Floor_E,True,False,unknown,False,unknown,unknown,unknown,True,0.0282842712474619,0.8733577381852928,0.8181451612903226,2.3357809970446803,2.099721527777781,2.386229519937165,0.0,0.0,,,31,1.0
S036,S051,HQ_Anonymized,HQ_Anonymized,Floor_D,Floor_E,True,False,unknown,False,unknown,unknown,unknown,True,0.9261749294814668,0.9229309852498592,0.8197580645161291,1.857494626352635,1.7164583333333354,2.186129694163551,0.0,0.0,,,31,1.0
S036,S052,HQ_Anonymized,HQ_Anonymized,Floor_D,Floor_E,True,False,unknown,False,unknown,unknown,unknown,True,0.8276472678623423,0.9265545864610896,0.8459677419354841,1.8564662222589985,1.8192902968909197,1.851304248080535,0.0,0.0,,,31,1.0
S036,S053,HQ_Anonymized,HQ_Anonymized,Floor_D,Floor_E,True,False,unknown,False,unknown,unknown,unknown,True,0.1513274595042155,0.5181914661668777,0.3339130434782608,5.402741148366093,6.229590903209111,3.5788112742358438,0.0,0.0,,,24,0.7741935483870968
S036,S054,HQ_Anonymized,HQ_Anonymized,Floor_D,Floor_E,True,False,unknown,False,unknown,unknown,unknown,True,0.1118033988749894,0.8938938458846349,0.7423387096774194,1.4563782023969507,1.2094749999999976,1.8348002819655815,0.0,0.0,,,31,1.0
S036,S055,HQ_Anonymized,HQ_Anonymized,Floor_D,Floor_E,True,False,unknown,False,unknown,unknown,unknown,True,0.4004996878900157,0.9522849665387676,0.8745967741935484,2.074512271433287,1.326478260869571,2.5329829893476523,0.0,0.0,,,31,1.0
S036,S056,HQ_Anonymized,HQ_Anonymized,Floor_D,Floor_E,True,False,unknown,False,unknown,unknown,unknown,True,0.5658621740318043,0.9489839572705984,0.8245967741935485,1.2407360289947835,0.8678678113553104,1.2806428031145147,0.0,0.0,,,31,1.0
S037,S038,HQ_Anonymized,HQ_Anonymized,Floor_D,Floor_D,True,True,unknown,False,unknown,unknown,unknown,False,0.4110960958218893,0.9558173160978264,0.7471774193548388,4.1287039340256895,4.479465972222222,1.3760321640500817,0.0,0.0,,,31,1.0
S037,S039,HQ_Anonymized,HQ_Anonymized,Floor_D,Floor_D,True,True,unknown,False,unknown,unknown,unknown,False,0.39,0.8585153655962274,0.7500000000000001,2.753503561645392,2.1868631944444417,2.219945465921409,0.0,0.0,,,31,1.0
S037,S040,HQ_Anonymized,HQ_Anonymized,Floor_D,Floor_D,True,True,unknown,False,unknown,unknown,unknown,False,0.3,0.98587225062953,0.9116935483870968,4.6456897166752,4.58171944444446,1.1688729007137086,0.0,0.0,,,31,1.0
S037,S041,HQ_Anonymized,HQ_Anonymized,Floor_D,Floor_D,True,True,unknown,False,unknown,unknown,unknown,False,0.5672741841473133,0.8815960129401432,0.8681451612903227,2.173921269256885,2.1212819444444406,2.43066739252019,0.0,0.0,,,31,1.0
S037,S042,HQ_Anonymized,HQ_Anonymized,Floor_D,Floor_D,True,True,unknown,False,unknown,unknown,unknown,False,0.4763402145525821,0.1112345823349027,0.0620967741935483,10.28561460249216,11.312723611111116,4.35308696312749,0.0,0.0,,,31,1.0
S037,S043,HQ_Anonymized,HQ_Anonymized,Floor_D,Floor_D,True,True,unknown,False,unknown,unknown,unknown,False,0.3956008088970496,0.8728070991683983,0.8330645161290322,1.3814512447899587,0.8220354166666652,2.1019974376291093,0.0,0.0,,,31,1.0
S037,S044,HQ_Anonymized,HQ_Anonymized,Floor_D,Floor_D,True,True,unknown,False,unknown,unknown,unknown,False,0.14,0.9630539359611592,0.8536290322580645,3.833055301544244,3.3462895221872917,1.8763911888169271,0.0,0.0,,,31,1.0
S037,S045,HQ_Anonymized,HQ_Anonymized,Floor_D,Floor_E,True,False,unknown,False,unknown,unknown,unknown,True,0.2308679276123038,0.9801386834357814,0.8665322580645162,1.1152988896506029,1.0625167701863347,1.3200919871220436,0.0,0.0,,,31,1.0
S037,S046,HQ_Anonymized,HQ_Anonymized,Floor_D,Floor_E,True,False,unknown,False,unknown,unknown,unknown,True,0.191049731745428,0.9486267125596995,0.8008064516129033,5.321674329434342,5.6072923611111065,1.393236071937201,0.0,0.0,,,31,1.0
S037,S047,HQ_Anonymized,HQ_Anonymized,Floor_D,Floor_E,True,False,unknown,False,unknown,unknown,unknown,True,0.3423448553724738,0.9506251530865262,0.8625139043381533,2.1704045791650466,1.936983333333334,1.3758198666395,0.0,0.0,,,30,0.967741935483871
S037,S048,HQ_Anonymized,HQ_Anonymized,Floor_D,Floor_E,True,False,unknown,False,unknown,unknown,unknown,True,0.4601086828130936,0.9120063175061018,0.8604838709677419,3.5385184092540403,3.656298611111112,1.8165621431013648,0.0,0.0,,,31,1.0
S037,S049,HQ_Anonymized,HQ_Anonymized,Floor_D,Floor_E,True,False,unknown,False,unknown,unknown,unknown,True,0.3847076812334268,0.9360592082001782,0.806451612903226,1.9829566679307735,1.955314583333326,1.6117416001825018,0.0,0.0,,,31,1.0
S037,S050,HQ_Anonymized,HQ_Anonymized,Floor_D,Floor_E,True,False,unknown,False,unknown,unknown,unknown,True,0.4827007354458867,0.8831242535711978,0.7846774193548387,2.3921257019579696,1.9521826388888923,2.285948752859203,0.0,0.0,,,31,1.0
S037,S051,HQ_Anonymized,HQ_Anonymized,Floor_D,Floor_E,True,False,unknown,False,unknown,unknown,unknown,True,0.4404543109109048,0.961947018693758,0.8681451612903227,1.5371680947067858,1.556750694444446,1.6142249689632044,0.0,0.0,,,31,1.0
S037,S052,HQ_Anonymized,HQ_Anonymized,Floor_D,Floor_E,True,False,unknown,False,unknown,unknown,unknown,True,0.354400902933387,0.957650519353772,0.8580645161290325,1.2527130166221738,0.9188694635575844,1.4064880017410937,0.0,0.0,,,31,1.0
S037,S053,HQ_Anonymized,HQ_Anonymized,Floor_D,Floor_E,True,False,unknown,False,unknown,unknown,unknown,True,0.5748912940721924,0.5723446146098327,0.4069565217391303,5.430359214704947,6.19114220328283,3.578440388100827,0.0,0.0,,,24,0.7741935483870968
S037,S054,HQ_Anonymized,HQ_Anonymized,Floor_D,Floor_E,True,False,unknown,False,unknown,unknown,unknown,True,0.4114608122288197,0.930977001670406,0.8205645161290324,1.1811876341644156,1.0366548611111028,1.573269845469594,0.0,0.0,,,31,1.0
S037,S055,HQ_Anonymized,HQ_Anonymized,Floor_D,Floor_E,True,False,unknown,False,unknown,unknown,unknown,True,0.3860051813123756,0.9468140828695676,0.7959677419354839,1.999118714697828,1.4997354166666668,2.398090884543892,0.0,0.0,,,31,1.0
S037,S056,HQ_Anonymized,HQ_Anonymized,Floor_D,Floor_E,True,False,unknown,False,unknown,unknown,unknown,True,0.1019803902718556,0.976007604869234,0.8842741935483872,1.5715800858751232,1.334200703518647,1.1168322573455205,0.0,0.0,,,31,1.0
S038,S039,HQ_Anonymized,HQ_Anonymized,Floor_D,Floor_D,True,True,unknown,False,unknown,unknown,unknown,False,0.13,0.8668672847551748,0.7858870967741937,6.503339530145264,6.609741666666665,1.8216154730096656,0.0,0.0,,,31,1.0
S038,S040,HQ_Anonymized,HQ_Anonymized,Floor_D,Floor_D,True,True,unknown,False,unknown,unknown,unknown,False,0.4254409477236529,0.9657428791216148,0.7701612903225807,8.774393650700892,8.834588888888895,0.937201902509059,0.0,0.0,,,31,1.0
S038,S041,HQ_Anonymized,HQ_Anonymized,Floor_D,Floor_D,True,True,unknown,False,unknown,unknown,unknown,False,0.8170679286326199,0.8790624468077053,0.8362903225806452,3.5812893417874387,3.3672791666666697,1.8361190608940527,0.0,0.0,,,31,1.0
S038,S042,HQ_Anonymized,HQ_Anonymized,Floor_D,Floor_D,True,True,unknown,False,unknown,unknown,unknown,False,0.7787810988975015,0.0843174684173577,-0.0036290322580645,6.156910668466469,6.833257638888895,3.6946526648147073,0.0,0.0,,,31,1.0
S038,S043,HQ_Anonymized,HQ_Anonymized,Floor_D,Floor_D,True,True,unknown,False,unknown,unknown,unknown,False,0.7600657866263946,0.8340507863096088,0.7000000000000001,4.714890213067044,4.431349999999995,2.122288967687118,0.0,0.0,,,31,1.0
S038,S044,HQ_Anonymized,HQ_Anonymized,Floor_D,Floor_D,True,True,unknown,False,unknown,unknown,unknown,False,0.3901281840626232,0.9380396405417408,0.7270161290322581,7.961759235569934,7.700608796135441,1.4153909565096194,0.0,0.0,,,31,1.0
S038,S045,HQ_Anonymized,HQ_Anonymized,Floor_D,Floor_E,True,False,unknown,False,unknown,unknown,unknown,True,0.5456189146281496,0.9712060258349956,0.7854838709677421,4.38578043088506,4.407252634931673,0.8909696345011483,0.0,0.0,,,31,1.0
S038,S046,HQ_Anonymized,HQ_Anonymized,Floor_D,Floor_E,True,False,unknown,False,unknown,unknown,unknown,True,0.4143669871020132,0.9530423665434392,0.7866935483870968,1.401099248455247,1.2876409722222206,1.1500164089575546,0.0,0.0,,,31,1.0
S038,S047,HQ_Anonymized,HQ_Anonymized,Floor_D,Floor_E,True,False,unknown,False,unknown,unknown,unknown,True,0.7355270219373317,0.8865644698561681,0.6698553948832036,2.4146363563395186,2.5071448901831204,2.040758845512093,0.0,0.0,,,30,0.967741935483871
S038,S048,HQ_Anonymized,HQ_Anonymized,Floor_D,Floor_E,True,False,unknown,False,unknown,unknown,unknown,True,0.7518643494673756,0.8938997431703367,0.733467741935484,1.425543186061972,1.3387229166666683,1.6326757439511024,0.0,0.0,,,31,1.0
S038,S049,HQ_Anonymized,HQ_Anonymized,Floor_D,Floor_E,True,False,unknown,False,unknown,unknown,unknown,True,0.7317103251970686,0.93985020291764,0.7822580645161292,5.906820829811047,6.037303472222227,1.7255675544801283,0.0,0.0,,,31,1.0
S038,S050,HQ_Anonymized,HQ_Anonymized,Floor_D,Floor_E,True,False,unknown,False,unknown,unknown,unknown,True,0.1811077027627483,0.8902961412671135,0.7721774193548389,2.505961341386719,1.6123499999999993,2.345685898038425,0.0,0.0,,,31,1.0
S038,S051,HQ_Anonymized,HQ_Anonymized,Floor_D,Floor_E,True,False,unknown,False,unknown,unknown,unknown,True,0.8372574275573791,0.9334343968961604,0.7705645161290323,3.4707135943280134,3.58612013888888,2.2999617879372902,0.0,0.0,,,31,1.0
S038,S052,HQ_Anonymized,HQ_Anonymized,Floor_D,Floor_E,True,False,unknown,False,unknown,unknown,unknown,True,0.765375724726098,0.938454350582632,0.7862903225806452,4.9749803931810925,5.655370575068872,1.8905315409352392,0.0,0.0,,,31,1.0
S038,S053,HQ_Anonymized,HQ_Anonymized,Floor_D,Floor_E,True,False,unknown,False,unknown,unknown,unknown,True,0.3106444913401813,0.5719684469893356,0.3469565217391303,8.844687489772523,9.37564338584011,3.0450160861256887,0.0,0.0,,,24,0.7741935483870968
S038,S054,HQ_Anonymized,HQ_Anonymized,Floor_D,Floor_E,True,False,unknown,False,unknown,unknown,unknown,True,0.053851648071345,0.9261313232956008,0.753225806451613,4.161685636953963,3.8270770833333287,1.494100690298162,0.0,0.0,,,31,1.0
S038,S055,HQ_Anonymized,HQ_Anonymized,Floor_D,Floor_E,True,False,unknown,False,unknown,unknown,unknown,True,0.2408318915758459,0.9606386156962816,0.780241935483871,4.76108549652754,4.193544642857148,2.781830297754364,0.0,0.0,,,31,1.0
S038,S056,HQ_Anonymized,HQ_Anonymized,Floor_D,Floor_E,True,False,unknown,False,unknown,unknown,unknown,True,0.4701063709417263,0.9650813870598088,0.7612903225806452,2.7126892780176037,2.820311670480549,0.948156513827474,0.0,0.0,,,31,1.0
S039,S040,HQ_Anonymized,HQ_Anonymized,Floor_D,Floor_D,True,True,unknown,False,unknown,unknown,unknown,False,0.4920365840057017,0.8501408392354465,0.7189516129032258,2.5082890216451226,2.3618604166666586,1.8661593551655211,0.0,0.0,,,31,1.0
S039,S041,HQ_Anonymized,HQ_Anonymized,Floor_D,Floor_D,True,True,unknown,False,unknown,unknown,unknown,False,0.873212459828649,0.780351485649974,0.7318548387096775,3.208234354732733,3.586337563131309,2.184954517615424,0.0,0.0,,,31,1.0
S039,S042,HQ_Anonymized,HQ_Anonymized,Floor_D,Floor_D,True,True,unknown,False,unknown,unknown,unknown,False,0.8170679286326199,0.045294106229301,0.0116935483870967,12.57098984507638,13.212408928571428,3.643477036087253,0.0,0.0,,,31,1.0
S039,S043,HQ_Anonymized,HQ_Anonymized,Floor_D,Floor_D,True,True,unknown,False,unknown,unknown,unknown,False,0.7727871634544663,0.7382068779732158,0.6596774193548388,2.405801059566419,1.6849173611111183,2.63211648183134,0.0,0.0,,,31,1.0
S039,S044,HQ_Anonymized,HQ_Anonymized,Floor_D,Floor_D,True,True,unknown,False,unknown,unknown,unknown,False,0.4143669871020132,0.824099832848333,0.6725806451612905,1.8861282799870092,1.4629120371978956,1.9756967982826952,0.0,0.0,,,31,1.0
S039,S045,HQ_Anonymized,HQ_Anonymized,Floor_D,Floor_E,True,False,unknown,False,unknown,unknown,unknown,True,0.4701063709417263,0.8704898992336781,0.755241935483871,2.321682405041005,2.1292312499999966,1.7196482761175198,0.0,0.0,,,31,1.0
S039,S046,HQ_Anonymized,HQ_Anonymized,Floor_D,Floor_E,True,False,unknown,False,unknown,unknown,unknown,True,0.4518849411078001,0.8841490503112067,0.8048387096774194,7.607049572018562,7.759804861111107,1.7769647512038729,0.0,0.0,,,31,1.0
S039,S047,HQ_Anonymized,HQ_Anonymized,Floor_D,Floor_E,True,False,unknown,False,unknown,unknown,unknown,True,0.7310950690573695,0.782596807972425,0.6538375973303671,4.717476822916969,4.050587500000002,2.728319835720097,0.0,0.0,,,30,0.967741935483871
S039,S048,HQ_Anonymized,HQ_Anonymized,Floor_D,Floor_E,True,False,unknown,False,unknown,unknown,unknown,True,0.793095202355934,0.8578246786411411,0.8116935483870968,5.612864086018778,5.710660416666663,1.860334551067145,0.0,0.0,,,31,1.0
S039,S049,HQ_Anonymized,HQ_Anonymized,Floor_D,Floor_E,True,False,unknown,False,unknown,unknown,unknown,True,0.7518643494673756,0.8672277134957637,0.767741935483871,1.7273213440266233,1.2349874999999957,2.3349543228748906,0.0,0.0,,,31,1.0
S039,S050,HQ_Anonymized,HQ_Anonymized,Floor_D,Floor_E,True,False,unknown,False,unknown,unknown,unknown,True,0.3106444913401813,0.8033269774495242,0.7681451612903226,4.462589075431318,4.5210500000000025,2.9353653715195698,0.0,0.0,,,31,1.0
S039,S051,HQ_Anonymized,HQ_Anonymized,Floor_D,Floor_E,True,False,unknown,False,unknown,unknown,unknown,True,0.7818567643756751,0.8269006153108762,0.7016129032258065,3.531530661728523,3.535379792644761,3.075981536310565,0.0,0.0,,,31,1.0
S039,S052,HQ_Anonymized,HQ_Anonymized,Floor_D,Floor_E,True,False,unknown,False,unknown,unknown,unknown,True,0.7368174807915457,0.8307811659657859,0.7120967741935484,2.4417902830070486,2.393585047281313,2.71261131350491,0.0,0.0,,,31,1.0
S039,S053,HQ_Anonymized,HQ_Anonymized,Floor_D,Floor_E,True,False,unknown,False,unknown,unknown,unknown,True,0.4404543109109048,0.5013584887834267,0.3747826086956521,3.438419762412575,3.3035444444444444,3.2757679889363844,0.0,0.0,,,24,0.7741935483870968
S039,S054,HQ_Anonymized,HQ_Anonymized,Floor_D,Floor_E,True,False,unknown,False,unknown,unknown,unknown,True,0.1811077027627483,0.8589953525129101,0.7798387096774194,2.7442380280954164,2.766616666666664,2.026072722509294,0.0,0.0,,,31,1.0
S039,S055,HQ_Anonymized,HQ_Anonymized,Floor_D,Floor_E,True,False,unknown,False,unknown,unknown,unknown,True,0.1118033988749894,0.9058713881986988,0.8556451612903226,3.13197674867149,3.2712143264684457,3.242342811629121,0.0,0.0,,,31,1.0
S039,S056,HQ_Anonymized,HQ_Anonymized,Floor_D,Floor_E,True,False,unknown,False,unknown,unknown,unknown,True,0.4220189569201839,0.8643617595577724,0.7262096774193549,3.87096027307064,4.113115067103628,1.8448172608533024,0.0,0.0,,,31,1.0
S040,S041,HQ_Anonymized,HQ_Anonymized,Floor_D,Floor_D,True,True,unknown,False,unknown,unknown,unknown,False,0.3921734310225515,0.8796434761274657,0.8483870967741935,5.193104308913453,5.31057361111111,1.6480387340052782,0.0,0.0,,,31,1.0
S040,S042,HQ_Anonymized,HQ_Anonymized,Floor_D,Floor_D,True,True,unknown,False,unknown,unknown,unknown,False,0.37,0.135797442330212,0.0818548387096774,14.931304319167358,15.512569642857144,3.396240314654924,0.0,0.0,,,31,1.0
S040,S043,HQ_Anonymized,HQ_Anonymized,Floor_D,Floor_D,True,True,unknown,False,unknown,unknown,unknown,False,0.4031128874149274,0.9018946651203292,0.863709677419355,4.277768112002794,4.144194444444437,1.6273788918159358,0.0,0.0,,,31,1.0
S040,S044,HQ_Anonymized,HQ_Anonymized,Floor_D,Floor_D,True,True,unknown,False,unknown,unknown,unknown,False,0.1599999999999999,0.96645788375845,0.8729838709677421,1.0433851032963128,1.0291412023732178,1.0116800792546652,0.0,0.0,,,31,1.0
S040,S045,HQ_Anonymized,HQ_Anonymized,Floor_D,Floor_E,True,False,unknown,False,unknown,unknown,unknown,True,0.5303772242470448,0.9814117885530012,0.8455645161290324,4.38861321981583,4.440038532763538,0.6402812150284567,0.0,0.0,,,31,1.0
S040,S046,HQ_Anonymized,HQ_Anonymized,Floor_D,Floor_E,True,False,unknown,False,unknown,unknown,unknown,True,0.1118033988749894,0.9556814759509484,0.7879032258064517,9.967364046109545,10.073019444444448,1.1571050599325716,0.0,0.0,,,31,1.0
S040,S047,HQ_Anonymized,HQ_Anonymized,Floor_D,Floor_E,True,False,unknown,False,unknown,unknown,unknown,True,0.4280186911806539,0.9354898509491948,0.8238042269187986,6.845680203062754,6.708160416666669,1.7042150038794412,0.0,0.0,,,30,0.967741935483871
S040,S048,HQ_Anonymized,HQ_Anonymized,Floor_D,Floor_E,True,False,unknown,False,unknown,unknown,unknown,True,0.3401470270338989,0.9030064198708352,0.8387096774193549,7.939006333814546,8.062690972222214,1.514262880717791,0.0,0.0,,,31,1.0
S040,S049,HQ_Anonymized,HQ_Anonymized,Floor_D,Floor_E,True,False,unknown,False,unknown,unknown,unknown,True,0.3605551275463989,0.9450361824463892,0.867741935483871,2.982100733076224,2.5863145833333334,1.8022624593685816,0.0,0.0,,,31,1.0
S040,S050,HQ_Anonymized,HQ_Anonymized,Floor_D,Floor_E,True,False,unknown,False,unknown,unknown,unknown,True,0.3701351104664349,0.8845390598555221,0.7899193548387098,6.391325230461126,7.373031249999997,2.476704205018639,0.0,0.0,,,31,1.0
S040,S051,HQ_Anonymized,HQ_Anonymized,Floor_D,Floor_E,True,False,unknown,False,unknown,unknown,unknown,True,0.6723094525588645,0.9605450962836296,0.8649193548387099,5.3822905402438455,4.963026388888892,2.2516859027097027,0.0,0.0,,,31,1.0
S040,S052,HQ_Anonymized,HQ_Anonymized,Floor_D,Floor_E,True,False,unknown,False,unknown,unknown,unknown,True,0.5249761899362675,0.9529677292817904,0.8201612903225807,3.799413257519798,4.164629605263173,1.9065758509670585,0.0,0.0,,,31,1.0
S040,S053,HQ_Anonymized,HQ_Anonymized,Floor_D,Floor_E,True,False,unknown,False,unknown,unknown,unknown,True,0.3956008088970496,0.5262554116189273,0.337391304347826,2.207007475587584,1.4959522344455145,3.038130646475405,0.0,0.0,,,24,0.7741935483870968
S040,S054,HQ_Anonymized,HQ_Anonymized,Floor_D,Floor_E,True,False,unknown,False,unknown,unknown,unknown,True,0.3889730067755345,0.9258145704001328,0.7625000000000001,4.648224546004992,4.939051388888885,1.531826385215119,0.0,0.0,,,31,1.0
S040,S055,HQ_Anonymized,HQ_Anonymized,Floor_D,Floor_E,True,False,unknown,False,unknown,unknown,unknown,True,0.552268050859363,0.9478520428669,0.7544354838709678,4.199719086072994,4.938340972222221,3.070849681053733,0.0,0.0,,,31,1.0
S040,S056,HQ_Anonymized,HQ_Anonymized,Floor_D,Floor_E,True,False,unknown,False,unknown,unknown,unknown,True,0.4004996878900157,0.9662512733601618,0.8201612903225807,6.064474480671837,6.310255785423934,0.938500177791337,0.0,0.0,,,31,1.0
S041,S042,HQ_Anonymized,HQ_Anonymized,Floor_D,Floor_D,True,True,unknown,False,unknown,unknown,unknown,False,0.13,0.0196219728644576,0.0608870967741935,9.738200010253903,9.475163888888892,2.751405424923971,0.0,0.0,,,31,1.0
S041,S043,HQ_Anonymized,HQ_Anonymized,Floor_D,Floor_D,True,True,unknown,False,unknown,unknown,unknown,False,0.29,0.7372143291322364,0.7096774193548387,2.191675737149284,1.612565277777776,2.562165965421465,0.0,0.0,,,31,1.0
S041,S044,HQ_Anonymized,HQ_Anonymized,Floor_D,Floor_D,True,True,unknown,False,unknown,unknown,unknown,False,0.4701063709417263,0.8407632614500544,0.8096774193548388,4.393071510124748,4.456089126845377,1.4632014872138324,0.0,0.0,,,31,1.0
S041,S045,HQ_Anonymized,HQ_Anonymized,Floor_D,Floor_E,True,False,unknown,False,unknown,unknown,unknown,True,0.7470609078247903,0.8958157629526824,0.8516129032258066,1.4120959766862224,1.2234979201917682,1.487880481991943,0.0,0.0,,,31,1.0
S041,S046,HQ_Anonymized,HQ_Anonymized,Floor_D,Floor_E,True,False,unknown,False,unknown,unknown,unknown,True,0.4243819034784589,0.8432806855172621,0.7927419354838711,4.774259737196092,4.411329166666675,2.1686104006173523,0.0,0.0,,,31,1.0
S041,S047,HQ_Anonymized,HQ_Anonymized,Floor_D,Floor_E,True,False,unknown,False,unknown,unknown,unknown,True,0.3911521443121589,0.8438037836323377,0.8389321468298109,2.3167959524713115,1.63643486497606,2.646697655438442,0.0,0.0,,,30,0.967741935483871
S041,S048,HQ_Anonymized,HQ_Anonymized,Floor_D,Floor_E,True,False,unknown,False,unknown,unknown,unknown,True,0.1236931687685298,0.7959161505889096,0.8302419354838709,2.8383886288437457,2.484266666666663,2.146364528560804,0.0,0.0,,,31,1.0
S041,S049,HQ_Anonymized,HQ_Anonymized,Floor_D,Floor_E,True,False,unknown,False,unknown,unknown,unknown,True,0.2517935662402834,0.8349425486493528,0.817741935483871,3.2697796558367846,3.610899378881996,2.86441184413324,0.0,0.0,,,31,1.0
S041,S050,HQ_Anonymized,HQ_Anonymized,Floor_D,Floor_E,True,False,unknown,False,unknown,unknown,unknown,True,0.7496665925596524,0.7831079044661013,0.7004032258064516,2.9017216383935533,2.576819444444446,3.317971793460438,0.0,0.0,,,31,1.0
S041,S051,HQ_Anonymized,HQ_Anonymized,Floor_D,Floor_E,True,False,unknown,False,unknown,unknown,unknown,True,0.7106335201775947,0.8900530918987629,0.876209677419355,2.875895976087404,2.7094555555555644,3.2545519758639188,0.0,0.0,,,31,1.0
S041,S052,HQ_Anonymized,HQ_Anonymized,Floor_D,Floor_E,True,False,unknown,False,unknown,unknown,unknown,True,0.53084837759948,0.8689510139803714,0.833467741935484,2.6765458421955755,2.808572478070168,2.914192907904237,0.0,0.0,,,31,1.0
S041,S053,HQ_Anonymized,HQ_Anonymized,Floor_D,Floor_E,True,False,unknown,False,unknown,unknown,unknown,True,0.7400675644831355,0.4886220013603918,0.4791304347826086,5.281971135102637,5.650587526709401,2.725174438314095,0.0,0.0,,,24,0.7741935483870968
S041,S054,HQ_Anonymized,HQ_Anonymized,Floor_D,Floor_E,True,False,unknown,False,unknown,unknown,unknown,True,0.7810889834071404,0.8560832503918454,0.8399193548387098,1.8279362784616449,1.6090145833333338,2.241888419732907,0.0,0.0,,,31,1.0
S041,S055,HQ_Anonymized,HQ_Anonymized,Floor_D,Floor_E,True,False,unknown,False,unknown,unknown,unknown,True,0.9160785992479028,0.8668285946104822,0.7899193548387098,3.7692588971651593,3.2643236111111165,4.087773656143874,0.0,0.0,,,31,1.0
S041,S056,HQ_Anonymized,HQ_Anonymized,Floor_D,Floor_E,True,False,unknown,False,unknown,unknown,unknown,True,0.6351377803280167,0.8896298038348854,0.8314516129032259,1.5788645287775018,1.3139261446886437,1.7998183195629351,0.0,0.0,,,31,1.0
S042,S043,HQ_Anonymized,HQ_Anonymized,Floor_D,Floor_D,True,True,unknown,False,unknown,unknown,unknown,False,0.1599999999999999,0.166254804862613,0.1213709677419354,10.653536207164567,10.303205452127656,3.767747632073776,0.0,0.0,,,31,1.0
S042,S044,HQ_Anonymized,HQ_Anonymized,Floor_D,Floor_D,True,True,unknown,False,unknown,unknown,unknown,False,0.4031128874149274,0.1731878239464882,0.1939516129032258,14.118669904036402,13.945591813765738,2.7541632473460664,0.0,0.0,,,31,1.0
S042,S045,HQ_Anonymized,HQ_Anonymized,Floor_D,Floor_E,True,False,unknown,False,unknown,unknown,unknown,True,0.6351377803280167,0.1230083389151502,0.0862903225806451,10.542691099351527,9.833582142857152,3.308792011927101,0.0,0.0,,,31,1.0
S042,S046,HQ_Anonymized,HQ_Anonymized,Floor_D,Floor_E,True,False,unknown,False,unknown,unknown,unknown,True,0.3668787265568828,0.1125566019241035,0.0415322580645161,5.151937271265703,4.279311007683205,3.8648175832401903,0.0,0.0,,,31,1.0
S042,S047,HQ_Anonymized,HQ_Anonymized,Floor_D,Floor_E,True,False,unknown,False,unknown,unknown,unknown,True,0.2617250465660479,0.0465102284231832,0.1759733036707452,8.066248605314946,8.343014365510697,4.507784929596309,0.0,0.0,,,30,0.967741935483871
S042,S048,HQ_Anonymized,HQ_Anonymized,Floor_D,Floor_E,True,False,unknown,False,unknown,unknown,unknown,True,0.0316227766016838,0.2008040962009988,0.2181451612903225,6.992297985352813,8.152813194444441,3.4799667171393773,0.0,0.0,,,31,1.0
S042,S049,HQ_Anonymized,HQ_Anonymized,Floor_D,Floor_E,True,False,unknown,False,unknown,unknown,unknown,True,0.1236931687685298,0.1422461189806294,0.1157258064516129,12.063731498277512,11.944482535460985,4.576363249518026,0.0,0.0,,,31,1.0
S042,S050,HQ_Anonymized,HQ_Anonymized,Floor_D,Floor_E,True,False,unknown,False,unknown,unknown,unknown,True,0.7400675644831355,0.0384197682538426,-0.0068548387096774,8.639899787630966,9.224859027777782,4.988660210676707,0.0,0.0,,,31,1.0
S042,S051,HQ_Anonymized,HQ_Anonymized,Floor_D,Floor_E,True,False,unknown,False,unknown,unknown,unknown,True,0.5807753438292642,0.1472354112378225,0.1080645161290322,9.549013778923513,9.581027674349876,5.214730860312114,0.0,0.0,,,31,1.0
S042,S052,HQ_Anonymized,HQ_Anonymized,Floor_D,Floor_E,True,False,unknown,False,unknown,unknown,unknown,True,0.4011234224026315,0.1502275020483783,0.2245967741935484,11.131891061647565,8.927457747325391,4.7660011916431895,0.0,0.0,,,31,1.0
S042,S053,HQ_Anonymized,HQ_Anonymized,Floor_D,Floor_E,True,False,unknown,False,unknown,unknown,unknown,True,0.7531268153505092,0.1774064521311083,0.1660869565217391,14.590843289238157,13.635897569444449,2.887341688371205,0.0,0.0,,,24,0.7741935483870968
S042,S054,HQ_Anonymized,HQ_Anonymized,Floor_D,Floor_E,True,False,unknown,False,unknown,unknown,unknown,True,0.7496665925596524,0.1570471864109306,0.1362903225806451,10.318596305420431,9.975259618794324,3.959574222046621,0.0,0.0,,,31,1.0
S042,S055,HQ_Anonymized,HQ_Anonymized,Floor_D,Floor_E,True,False,unknown,False,unknown,unknown,unknown,True,0.8459905436823747,0.1484546553595831,0.0346774193548387,10.917996164994006,13.433870007507508,5.979871058248521,0.0,0.0,,,31,1.0
S042,S056,HQ_Anonymized,HQ_Anonymized,Floor_D,Floor_E,True,False,unknown,False,unknown,unknown,unknown,True,0.5315072906367324,0.0766292538781489,-0.0088709677419354,8.866829838495521,8.838505862193358,3.722419099997417,0.0,0.0,,,31,1.0
S043,S044,HQ_Anonymized,HQ_Anonymized,Floor_D,Floor_D,True,True,unknown,False,unknown,unknown,unknown,False,0.37,0.8135297569945115,0.7508064516129033,3.5071735132754043,3.432548722183583,2.2233115130924923,0.0,0.0,,,31,1.0
S043,S045,HQ_Anonymized,HQ_Anonymized,Floor_D,Floor_E,True,False,unknown,False,unknown,unknown,unknown,True,0.5093132631298737,0.8323669162642663,0.6524193548387097,1.312823294434853,1.0180374964748893,2.087759779895712,0.0,0.0,,,31,1.0
S043,S046,HQ_Anonymized,HQ_Anonymized,Floor_D,Floor_E,True,False,unknown,False,unknown,unknown,unknown,True,0.3535533905932737,0.8362022527449166,0.6842741935483871,5.902772481235552,6.0748874999999884,2.163534741651606,0.0,0.0,,,31,1.0
S043,S047,HQ_Anonymized,HQ_Anonymized,Floor_D,Floor_E,True,False,unknown,False,unknown,unknown,unknown,True,0.1044030650891054,0.8104036839534714,0.7139043381535038,3.0510388793972405,2.5141493055555597,2.5809201751432087,0.0,0.0,,,30,0.967741935483871
S043,S048,HQ_Anonymized,HQ_Anonymized,Floor_D,Floor_E,True,False,unknown,False,unknown,unknown,unknown,True,0.1726267650163206,0.8014987626377703,0.7362903225806453,4.165643890804357,3.9955385698980734,2.3031163063963005,0.0,0.0,,,31,1.0
S043,S049,HQ_Anonymized,HQ_Anonymized,Floor_D,Floor_E,True,False,unknown,False,unknown,unknown,unknown,True,0.0499999999999999,0.8402164240262419,0.7560483870967742,2.000180755782691,1.3999583333333303,2.485240248331901,0.0,0.0,,,31,1.0
S043,S050,HQ_Anonymized,HQ_Anonymized,Floor_D,Floor_E,True,False,unknown,False,unknown,unknown,unknown,True,0.7592759709091287,0.7718672106376364,0.6774193548387097,3.210098882421885,3.5071576388888914,3.097946471506777,0.0,0.0,,,31,1.0
S043,S051,HQ_Anonymized,HQ_Anonymized,Floor_D,Floor_E,True,False,unknown,False,unknown,unknown,unknown,True,0.421070065428546,0.8279992754161274,0.6971774193548388,2.542742945320559,2.4329156193078347,2.999456423091132,0.0,0.0,,,31,1.0
S043,S052,HQ_Anonymized,HQ_Anonymized,Floor_D,Floor_E,True,False,unknown,False,unknown,unknown,unknown,True,0.2418677324489564,0.8440965053080159,0.779435483870968,2.014181152229752,2.037513194444444,2.58226288745682,0.0,0.0,,,31,1.0
S043,S053,HQ_Anonymized,HQ_Anonymized,Floor_D,Floor_E,True,False,unknown,False,unknown,unknown,unknown,True,0.7984985911070851,0.2666445958762111,0.1539130434782608,5.134914439456793,4.727175214243495,4.129420926834873,0.0,0.0,,,24,0.7741935483870968
S043,S054,HQ_Anonymized,HQ_Anonymized,Floor_D,Floor_E,True,False,unknown,False,unknown,unknown,unknown,True,0.7410802925459562,0.7662120632814299,0.6629032258064517,1.6505209021473155,1.1076062500000037,2.645069983350177,0.0,0.0,,,31,1.0
S043,S055,HQ_Anonymized,HQ_Anonymized,Floor_D,Floor_E,True,False,unknown,False,unknown,unknown,unknown,True,0.7810889834071404,0.7925813358356656,0.6391129032258066,2.946918072480062,3.016996527777785,3.8183147458788538,0.0,0.0,,,31,1.0
S043,S056,HQ_Anonymized,HQ_Anonymized,Floor_D,Floor_E,True,False,unknown,False,unknown,unknown,unknown,True,0.4243819034784589,0.8150943766254491,0.6915322580645161,2.307682615372203,2.216199223856215,2.2438467524366765,0.0,0.0,,,31,1.0
S044,S045,HQ_Anonymized,HQ_Anonymized,Floor_D,Floor_E,True,False,unknown,False,unknown,unknown,unknown,True,0.3705401462729781,0.961554554853864,0.8129032258064517,3.575978804684874,3.43626640758486,0.9769334899723064,0.0,0.0,,,31,1.0
S044,S046,HQ_Anonymized,HQ_Anonymized,Floor_D,Floor_E,True,False,unknown,False,unknown,unknown,unknown,True,0.053851648071345,0.9368674628977,0.7814516129032258,9.154729630978585,8.893265890751081,1.5940088298635509,0.0,0.0,,,31,1.0
S044,S047,HQ_Anonymized,HQ_Anonymized,Floor_D,Floor_E,True,False,unknown,False,unknown,unknown,unknown,True,0.354400902933387,0.9257307928828626,0.8451612903225806,6.023558926475051,6.275218569972569,2.128249995050795,0.0,0.0,,,30,0.967741935483871
S044,S048,HQ_Anonymized,HQ_Anonymized,Floor_D,Floor_E,True,False,unknown,False,unknown,unknown,unknown,True,0.3801315561749642,0.8924382057670469,0.840725806451613,7.12637191868359,7.109462043512046,1.6452199868951616,0.0,0.0,,,31,1.0
S044,S049,HQ_Anonymized,HQ_Anonymized,Floor_D,Floor_E,True,False,unknown,False,unknown,unknown,unknown,True,0.3423448553724738,0.92026525062758,0.7995967741935484,2.486230621105691,1.7218203705312334,2.3647844061577974,0.0,0.0,,,31,1.0
S044,S050,HQ_Anonymized,HQ_Anonymized,Floor_D,Floor_E,True,False,unknown,False,unknown,unknown,unknown,True,0.4071854614300466,0.85146713111928,0.7423387096774194,5.72775986851303,6.057461029639967,2.9510194383116635,0.0,0.0,,,31,1.0
S044,S051,HQ_Anonymized,HQ_Anonymized,Floor_D,Floor_E,True,False,unknown,False,unknown,unknown,unknown,True,0.5403702434442519,0.9334846131005792,0.8153225806451615,4.569656125112889,3.8312319077422288,2.915033168549212,0.0,0.0,,,31,1.0
S044,S052,HQ_Anonymized,HQ_Anonymized,Floor_D,Floor_E,True,False,unknown,False,unknown,unknown,unknown,True,0.4161730409336961,0.9172586368994606,0.7766129032258066,3.1231084452627056,3.958614503329443,2.5675837328916846,0.0,0.0,,,31,1.0
S044,S053,HQ_Anonymized,HQ_Anonymized,Floor_D,Floor_E,True,False,unknown,False,unknown,unknown,unknown,True,0.4763402145525821,0.6224987020258023,0.4539130434782608,2.1439957886032235,1.9780040180084877,2.439792427790015,0.0,0.0,,,24,0.7741935483870968
S044,S054,HQ_Anonymized,HQ_Anonymized,Floor_D,Floor_E,True,False,unknown,False,unknown,unknown,unknown,True,0.3721558813185678,0.9413351451328744,0.8076612903225807,3.800073598615971,3.823753207564664,1.6980568490001542,0.0,0.0,,,31,1.0
S044,S055,HQ_Anonymized,HQ_Anonymized,Floor_D,Floor_E,True,False,unknown,False,unknown,unknown,unknown,True,0.4465422712353221,0.9330126983559172,0.7326612903225806,3.940090960561199,4.366643502136192,3.6694670793070823,0.0,0.0,,,31,1.0
S044,S056,HQ_Anonymized,HQ_Anonymized,Floor_D,Floor_E,True,False,unknown,False,unknown,unknown,unknown,True,0.2408318915758459,0.9473151266090352,0.7741935483870969,5.25184006554088,5.16924417704773,1.36640524002195,0.0,0.0,,,31,1.0
S045,S046,HQ_Anonymized,HQ_Anonymized,Floor_E,Floor_E,True,True,unknown,False,unknown,unknown,unknown,False,0.42,0.9688373547830272,0.8733870967741937,5.578750826293712,5.472084765047114,1.0475798498799638,0.0,0.0,,,31,1.0
S045,S047,HQ_Anonymized,HQ_Anonymized,Floor_E,Floor_E,True,True,unknown,False,unknown,unknown,unknown,False,0.4186884283091663,0.9463189374227564,0.896774193548387,2.517317672336595,1.921396323309402,1.6685273723932186,0.0,0.0,,,30,0.967741935483871
S045,S048,HQ_Anonymized,HQ_Anonymized,Floor_E,Floor_E,True,True,unknown,False,unknown,unknown,unknown,False,0.6276941930590086,0.9254476682322956,0.8854838709677421,3.624942307547102,3.7789798532494734,1.3280558663682778,0.0,0.0,,,31,1.0
S045,S049,HQ_Anonymized,HQ_Anonymized,Floor_E,Floor_E,True,True,unknown,False,unknown,unknown,unknown,False,0.5200961449578337,0.9600436339128344,0.8814516129032259,1.94666935055754,1.8318145405084465,1.7442128845649922,0.0,0.0,,,31,1.0
S045,S050,HQ_Anonymized,HQ_Anonymized,Floor_E,Floor_E,True,True,unknown,False,unknown,unknown,unknown,False,0.6661080993352355,0.8950360070620161,0.7931451612903226,2.8800565553528,2.6335763888888906,2.4570578851874934,0.0,0.0,,,31,1.0
S045,S051,HQ_Anonymized,HQ_Anonymized,Floor_E,Floor_E,True,True,unknown,False,unknown,unknown,unknown,False,0.3238826948140328,0.97521364085865,0.9096774193548388,1.9704506027160376,1.905533162997898,2.229373986590713,0.0,0.0,,,31,1.0
S045,S052,HQ_Anonymized,HQ_Anonymized,Floor_E,Floor_E,True,True,unknown,False,unknown,unknown,unknown,False,0.3453983207834108,0.9722483462508752,0.8491935483870969,1.630729022724508,1.4397523021308984,1.824777536544036,0.0,0.0,,,31,1.0
S045,S053,HQ_Anonymized,HQ_Anonymized,Floor_E,Floor_E,True,True,unknown,False,unknown,unknown,unknown,False,0.7752418977325722,0.5672241261254292,0.437391304347826,4.861210660215071,5.387446869375992,2.848554039508497,0.0,0.0,,,24,0.7741935483870968
S045,S054,HQ_Anonymized,HQ_Anonymized,Floor_E,Floor_E,True,True,unknown,False,unknown,unknown,unknown,False,0.5658621740318043,0.947441901217355,0.806451612903226,1.1044040466815643,0.9347540372670836,1.3725089490913551,0.0,0.0,,,31,1.0
S045,S055,HQ_Anonymized,HQ_Anonymized,Floor_E,Floor_E,True,True,unknown,False,unknown,unknown,unknown,False,0.4080441152620633,0.970105207058628,0.8568548387096775,2.729060482221511,2.546333441508281,3.018804647229066,0.0,0.0,,,31,1.0
S045,S056,HQ_Anonymized,HQ_Anonymized,Floor_E,Floor_E,True,True,unknown,False,unknown,unknown,unknown,False,0.13,0.9870633325931314,0.9036290322580648,1.6758612608560055,1.8009380549744378,0.6672555180882518,0.0,0.0,,,31,1.0
S046,S047,HQ_Anonymized,HQ_Anonymized,Floor_E,Floor_E,True,True,unknown,False,unknown,unknown,unknown,False,0.3534119409414458,0.9243838311673488,0.8211345939933259,3.35318173715068,3.3611083333333305,1.6820341888332675,0.0,0.0,,,30,0.967741935483871
S046,S048,HQ_Anonymized,HQ_Anonymized,Floor_E,Floor_E,True,True,unknown,False,unknown,unknown,unknown,False,0.3417601498127012,0.9567663782567464,0.9254032258064516,2.028357712294996,1.831616291213038,1.1111153752740748,0.0,0.0,,,31,1.0
S046,S049,HQ_Anonymized,HQ_Anonymized,Floor_E,Floor_E,True,True,unknown,False,unknown,unknown,unknown,False,0.3201562118716424,0.9865048608104544,0.92741935483871,7.099791225219698,7.265343749999999,1.0420769681319684,0.0,0.0,,,31,1.0
S046,S050,HQ_Anonymized,HQ_Anonymized,Floor_E,Floor_E,True,True,unknown,False,unknown,unknown,unknown,False,0.4080441152620633,0.8940322049690373,0.8161290322580647,3.675959514573148,2.867977777777781,2.253907453925949,0.0,0.0,,,31,1.0
S046,S051,HQ_Anonymized,HQ_Anonymized,Floor_E,Floor_E,True,True,unknown,False,unknown,unknown,unknown,False,0.56859475903318,0.9483973669706124,0.8383064516129033,4.585073505865696,4.838273618870261,2.040996438138424,0.0,0.0,,,31,1.0
S046,S052,HQ_Anonymized,HQ_Anonymized,Floor_E,Floor_E,True,True,unknown,False,unknown,unknown,unknown,False,0.4318564576337836,0.9543951859847436,0.780241935483871,6.167950788589744,5.898637519113152,1.6257771100202445,0.0,0.0,,,31,1.0
S046,S053,HQ_Anonymized,HQ_Anonymized,Floor_E,Floor_E,True,True,unknown,False,unknown,unknown,unknown,False,0.4632493928760188,0.5278764723042527,0.4069565217391303,10.008400784073514,10.767203498931623,3.3077321521681022,0.0,0.0,,,24,0.7741935483870968
S046,S054,HQ_Anonymized,HQ_Anonymized,Floor_E,Floor_E,True,True,unknown,False,unknown,unknown,unknown,False,0.3901281840626232,0.9688371450804264,0.9020161290322584,5.354656032362615,5.33882638888889,0.9802124583363996,0.0,0.0,,,31,1.0
S046,S055,HQ_Anonymized,HQ_Anonymized,Floor_E,Floor_E,True,True,unknown,False,unknown,unknown,unknown,False,0.4920365840057017,0.9390558246379532,0.7786290322580645,5.95405589193619,5.415604166666668,2.7941960682565203,0.0,0.0,,,31,1.0
S046,S056,HQ_Anonymized,HQ_Anonymized,Floor_E,Floor_E,True,True,unknown,False,unknown,unknown,unknown,False,0.29,0.9593984262545534,0.8254032258064518,3.9028895654377056,3.952752430555556,1.0713739168819738,0.0,0.0,,,31,1.0
S047,S048,HQ_Anonymized,HQ_Anonymized,Floor_E,Floor_E,True,True,unknown,False,unknown,unknown,unknown,False,0.2699999999999999,0.8878221864207704,0.8869855394883204,1.86817392570192,1.787446279072018,2.042511571833624,0.0,0.0,,,30,0.967741935483871
S047,S049,HQ_Anonymized,HQ_Anonymized,Floor_E,Floor_E,True,True,unknown,False,unknown,unknown,unknown,False,0.1399999999999999,0.9122870226106854,0.8513904338153503,4.044004716714677,3.849020833333327,1.907484735816928,0.0,0.0,,,30,0.967741935483871
S047,S050,HQ_Anonymized,HQ_Anonymized,Floor_E,Floor_E,True,True,unknown,False,unknown,unknown,unknown,False,0.7596051605933177,0.7963265750950381,0.6102335928809789,2.083868274277146,1.512064930555557,3.0144051341059237,0.0,0.0,,,30,0.967741935483871
S047,S051,HQ_Anonymized,HQ_Anonymized,Floor_E,Floor_E,True,True,unknown,False,unknown,unknown,unknown,False,0.32,0.9345722767249504,0.892769744160178,1.8210122871525969,1.400465972222218,1.983590395340617,0.0,0.0,,,30,0.967741935483871
S047,S052,HQ_Anonymized,HQ_Anonymized,Floor_E,Floor_E,True,True,unknown,False,unknown,unknown,unknown,False,0.14,0.9577496674071272,0.8451612903225806,3.1422476757868023,2.8117648715137165,1.415524394106369,0.0,0.0,,,30,0.967741935483871
S047,S053,HQ_Anonymized,HQ_Anonymized,Floor_E,Floor_E,True,True,unknown,False,unknown,unknown,unknown,False,0.8149233092751734,0.4914254311585885,0.3646245059288537,7.134168605582516,8.42045074786325,3.895982869691201,0.0,0.0,,,23,0.7419354838709677
S047,S054,HQ_Anonymized,HQ_Anonymized,Floor_E,Floor_E,True,True,unknown,False,unknown,unknown,unknown,False,0.723671196055225,0.90434190659788,0.7739710789766406,2.334318039915796,2.09478764275384,1.8698415714369008,0.0,0.0,,,30,0.967741935483871
S047,S055,HQ_Anonymized,HQ_Anonymized,Floor_E,Floor_E,True,True,unknown,False,unknown,unknown,unknown,False,0.7256721022610694,0.9002098866658227,0.7521690767519467,2.945589185298457,2.32338463702537,2.9056959928743185,0.0,0.0,,,30,0.967741935483871
S047,S056,HQ_Anonymized,HQ_Anonymized,Floor_E,Floor_E,True,True,unknown,False,unknown,unknown,unknown,False,0.3492849839314595,0.942092859409822,0.8260289210233593,1.1484477155455022,0.8623430629527391,1.5419781583778,0.0,0.0,,,30,0.967741935483871
S048,S049,HQ_Anonymized,HQ_Anonymized,Floor_E,Floor_E,True,True,unknown,False,unknown,unknown,unknown,False,0.13,0.9735454134191652,0.9379032258064516,5.071433512924702,5.284715277777785,1.4167846523047107,0.0,0.0,,,31,1.0
S048,S050,HQ_Anonymized,HQ_Anonymized,Floor_E,Floor_E,True,True,unknown,False,unknown,unknown,unknown,False,0.71,0.839876120039602,0.7713709677419355,2.2183288632100533,1.4582777777777736,2.7093296918092973,0.0,0.0,,,31,1.0
S048,S051,HQ_Anonymized,HQ_Anonymized,Floor_E,Floor_E,True,True,unknown,False,unknown,unknown,unknown,False,0.5900000000000001,0.9140007022576614,0.8641129032258066,3.0277733652552894,2.923349305555554,2.4905164388682994,0.0,0.0,,,31,1.0
S048,S052,HQ_Anonymized,HQ_Anonymized,Floor_E,Floor_E,True,True,unknown,False,unknown,unknown,unknown,False,0.41,0.9346511812245494,0.8455645161290324,4.144059430886271,4.222557658002032,1.9597653271782336,0.0,0.0,,,31,1.0
S048,S053,HQ_Anonymized,HQ_Anonymized,Floor_E,Floor_E,True,True,unknown,False,unknown,unknown,unknown,False,0.7218032973047436,0.4803638034136945,0.388695652173913,7.880961192729512,9.351812021658894,3.264439033359523,0.0,0.0,,,24,0.7741935483870968
S048,S054,HQ_Anonymized,HQ_Anonymized,Floor_E,Floor_E,True,True,unknown,False,unknown,unknown,unknown,False,0.7218032973047436,0.9205501360812612,0.8697580645161292,3.326298320067619,3.1630621118012456,1.5507301017273696,0.0,0.0,,,31,1.0
S048,S055,HQ_Anonymized,HQ_Anonymized,Floor_E,Floor_E,True,True,unknown,False,unknown,unknown,unknown,False,0.8249242389456137,0.9025584717259192,0.8116935483870968,4.3158806617200485,4.133507142857141,3.2441298844620112,0.0,0.0,,,31,1.0
S048,S056,HQ_Anonymized,HQ_Anonymized,Floor_E,Floor_E,True,True,unknown,False,unknown,unknown,unknown,False,0.5200961449578337,0.9061584126456744,0.8141129032258064,2.169230556804552,2.1198822641886537,1.5408733882318404,0.0,0.0,,,31,1.0
S049,S050,HQ_Anonymized,HQ_Anonymized,Floor_E,Floor_E,True,True,unknown,False,unknown,unknown,unknown,False,0.7218032973047436,0.8879080416685355,0.806451612903226,3.595405635377733,3.907497222222218,2.255870849910842,0.0,0.0,,,31,1.0
S049,S051,HQ_Anonymized,HQ_Anonymized,Floor_E,Floor_E,True,True,unknown,False,unknown,unknown,unknown,False,0.46,0.955253258661128,0.8991935483870968,2.5909873430099157,2.647419875776393,1.6113846710863595,0.0,0.0,,,31,1.0
S049,S052,HQ_Anonymized,HQ_Anonymized,Floor_E,Floor_E,True,True,unknown,False,unknown,unknown,unknown,False,0.2799999999999999,0.9606307552117502,0.8596774193548388,1.3162380611094606,1.2240288461538569,1.330392641517064,0.0,0.0,,,31,1.0
S049,S053,HQ_Anonymized,HQ_Anonymized,Floor_E,Floor_E,True,True,unknown,False,unknown,unknown,unknown,False,0.7561084578286371,0.5173489412771384,0.388695652173913,4.501690824712523,4.862012526709403,3.8584946752705087,0.0,0.0,,,24,0.7741935483870968
S049,S054,HQ_Anonymized,HQ_Anonymized,Floor_E,Floor_E,True,True,unknown,False,unknown,unknown,unknown,False,0.71,0.943153731958828,0.8250000000000002,1.8712238577316365,1.6443069444444447,1.5656483858559578,0.0,0.0,,,31,1.0
S049,S055,HQ_Anonymized,HQ_Anonymized,Floor_E,Floor_E,True,True,unknown,False,unknown,unknown,unknown,False,0.7669419795525604,0.93202106995214,0.7798387096774194,2.1915152692341606,2.2048125000000027,2.423474410902747,0.0,0.0,,,31,1.0
S049,S056,HQ_Anonymized,HQ_Anonymized,Floor_E,Floor_E,True,True,unknown,False,unknown,unknown,unknown,False,0.4252058325093859,0.944923433041078,0.8056451612903226,3.238873931759949,3.034873529411769,1.668068742408878,0.0,0.0,,,31,1.0
S050,S051,HQ_Anonymized,HQ_Anonymized,Floor_E,Floor_E,True,True,unknown,False,unknown,unknown,unknown,False,0.9231467922275416,0.8593864279279796,0.7500000000000001,2.2689780307302048,2.0471201388889,2.707771154100304,0.0,0.0,,,31,1.0
S050,S052,HQ_Anonymized,HQ_Anonymized,Floor_E,Floor_E,True,True,unknown,False,unknown,unknown,unknown,False,0.8198780397107852,0.8502985078043525,0.753225806451613,3.1315332662409987,2.712122222222227,2.64430779443372,0.0,0.0,,,31,1.0
S050,S053,HQ_Anonymized,HQ_Anonymized,Floor_E,Floor_E,True,True,unknown,False,unknown,unknown,unknown,False,0.13,0.5974460875880501,0.5313043478260869,6.755018570474731,7.895284748931626,3.586694649073188,0.0,0.0,,,24,0.7741935483870968
S050,S054,HQ_Anonymized,HQ_Anonymized,Floor_E,Floor_E,True,True,unknown,False,unknown,unknown,unknown,False,0.13,0.8629839988581433,0.833467741935484,2.598616414719414,2.396315972222226,2.474513385117282,0.0,0.0,,,31,1.0
S050,S055,HQ_Anonymized,HQ_Anonymized,Floor_E,Floor_E,True,True,unknown,False,unknown,unknown,unknown,False,0.42,0.8502926308241534,0.8189516129032259,3.007092257491523,2.351946527777784,3.186715380742451,0.0,0.0,,,31,1.0
S050,S056,HQ_Anonymized,HQ_Anonymized,Floor_E,Floor_E,True,True,unknown,False,unknown,unknown,unknown,False,0.5658621740318043,0.892470452326657,0.822983870967742,1.7852723371884756,1.2739766847000809,2.323096627170854,0.0,0.0,,,31,1.0
S051,S052,HQ_Anonymized,HQ_Anonymized,Floor_E,Floor_E,True,True,unknown,False,unknown,unknown,unknown,False,0.18,0.9687534150137784,0.8995967741935483,1.7643895770477842,1.8600254187870888,1.3347984327857807,0.0,0.0,,,31,1.0
S051,S053,HQ_Anonymized,HQ_Anonymized,Floor_E,Floor_E,True,True,unknown,False,unknown,unknown,unknown,False,1.0111874208078342,0.5448934206706776,0.4469565217391303,6.447145957717372,6.762076385566196,4.387120510028059,0.0,0.0,,,24,0.7741935483870968
S051,S054,HQ_Anonymized,HQ_Anonymized,Floor_E,Floor_E,True,True,unknown,False,unknown,unknown,unknown,False,0.8459905436823747,0.9201266249297811,0.8028225806451613,2.067851231326813,2.1106312499999973,2.2333350245892065,0.0,0.0,,,31,1.0
S051,S055,HQ_Anonymized,HQ_Anonymized,Floor_E,Floor_E,True,True,unknown,False,unknown,unknown,unknown,False,0.7300684899377592,0.9394272969723962,0.8020161290322582,1.999231786980827,1.429693749999991,2.110923804754401,0.0,0.0,,,31,1.0
S051,S056,HQ_Anonymized,HQ_Anonymized,Floor_E,Floor_E,True,True,unknown,False,unknown,unknown,unknown,False,0.3671511950137163,0.9619203483992248,0.8794354838709678,1.8637030634791083,1.6590406249999958,2.0404300120929477,0.0,0.0,,,31,1.0
S052,S053,HQ_Anonymized,HQ_Anonymized,Floor_E,Floor_E,True,True,unknown,False,unknown,unknown,unknown,False,0.8920201791439475,0.5234498523697498,0.5313043478260869,5.196309709840058,6.09604220510537,4.054520917354909,0.0,0.0,,,24,0.7741935483870968
S052,S054,HQ_Anonymized,HQ_Anonymized,Floor_E,Floor_E,True,True,unknown,False,unknown,unknown,unknown,False,0.7632168761236874,0.9289930808009588,0.7870967741935484,1.4832567360594473,1.047801871468934,1.83947391480078,0.0,0.0,,,31,1.0
S052,S055,HQ_Anonymized,HQ_Anonymized,Floor_E,Floor_E,True,True,unknown,False,unknown,unknown,unknown,False,0.7100704190430692,0.9504306611427756,0.8330645161290322,1.6673191319918077,1.5620387362637371,2.102161204694051,0.0,0.0,,,31,1.0
S052,S056,HQ_Anonymized,HQ_Anonymized,Floor_E,Floor_E,True,True,unknown,False,unknown,unknown,unknown,False,0.3199999999999999,0.9683986642756468,0.8544354838709678,2.292247742154509,1.832678376141445,1.5834809293601084,0.0,0.0,,,31,1.0
S053,S054,HQ_Anonymized,HQ_Anonymized,Floor_E,Floor_E,True,True,unknown,False,unknown,unknown,unknown,False,0.26,0.5899175661707963,0.5356521739130434,5.141987019980139,5.288732643196859,3.228285700058351,0.0,0.0,,,24,0.7741935483870968
S053,S055,HQ_Anonymized,HQ_Anonymized,Floor_E,Floor_E,True,True,unknown,False,unknown,unknown,unknown,False,0.55,0.5505476177871079,0.4495652173913043,5.889678237626131,7.241350347222227,5.294182920590367,0.0,0.0,,,24,0.7741935483870968
S053,S056,HQ_Anonymized,HQ_Anonymized,Floor_E,Floor_E,True,True,unknown,False,unknown,unknown,unknown,False,0.6661080993352355,0.5707400810704044,0.4939130434782608,6.299321189887735,7.028253631477806,3.055172328689444,0.0,0.0,,,24,0.7741935483870968
S054,S055,HQ_Anonymized,HQ_Anonymized,Floor_E,Floor_E,True,True,unknown,False,unknown,unknown,unknown,False,0.29,0.9268296313621366,0.813709677419355,2.3584530801965067,2.24396458333333,2.7964042662163373,0.0,0.0,,,31,1.0
S054,S056,HQ_Anonymized,HQ_Anonymized,Floor_E,Floor_E,True,True,unknown,False,unknown,unknown,unknown,False,0.4801041553663121,0.9515122672182476,0.8600806451612903,1.5111772023489372,1.3364789974864664,1.2277456167044014,0.0,0.0,,,31,1.0
S055,S056,HQ_Anonymized,HQ_Anonymized,Floor_E,Floor_E,True,True,unknown,False,unknown,unknown,unknown,False,0.3901281840626232,0.9638814617353308,0.8592741935483872,2.546612821910312,1.6796264285714315,2.7407506565632063,0.0,0.0,,,31,1.0
